pin,cdl_code,cdl_label,cdl_purity
0423100007,,,
2022400014,,,
0101100001,1.0,Corn,0.9662921348314607
0101100003,5.0,Soybean,0.9742857142857143
0101200002,1.0,Corn,0.9555555555555556
0101200006,1.0,Corn,1.0
0101200007,1.0,Corn,0.9644970414201184
0101200009,1.0,Corn,0.947075208913649
0101300002,1.0,Corn,0.6369426751592356
0101300005,1.0,Corn,0.9960629921259843
0101300006,1.0,Corn,0.9558823529411765
0101300007,5.0,Soybean,0.9775280898876404
0101300008,1.0,Corn,0.7954545454545454
0101400003,1.0,Corn,0.9587628865979382
0101400004,122.0,Other,0.35294117647058826
0101400007,1.0,Corn,0.973384030418251
0101400008,5.0,Soybean,0.9411764705882353
0101400009,5.0,Soybean,0.9540229885057471
0101400010,5.0,Soybean,0.9876543209876543
0102100001,1.0,Corn,0.9392265193370166
0102100002,5.0,Soybean,0.9666666666666667
0102100006,5.0,Soybean,0.9758620689655172
0102100007,5.0,Soybean,0.8404255319148937
0102200002,1.0,Corn,0.947945205479452
0102200003,5.0,Soybean,0.9705882352941176
0102300001,1.0,Corn,0.9548022598870056
0102300002,1.0,Corn,0.9722222222222222
0102300005,5.0,Soybean,0.99
0102300006,5.0,Soybean,0.9369369369369369
0102400001,1.0,Corn,0.9550561797752809
0102400002,5.0,Soybean,0.49444444444444446
0102400004,1.0,Corn,0.4774193548387097
0102400005,5.0,Soybean,1.0
0102400006,5.0,Soybean,1.0
0103100003,1.0,Corn,0.9603399433427762
0103200001,1.0,Corn,0.9662921348314607
0103200005,1.0,Corn,0.9881656804733728
0103200007,1.0,Corn,0.47575757575757577
0103300001,5.0,Soybean,0.96
0103300004,1.0,Corn,0.9523809523809523
0103400008,1.0,Corn,0.9452054794520548
0103400009,1.0,Corn,0.95
0103400011,124.0,Other,0.8478260869565217
0103400012,1.0,Corn,0.9850746268656716
0103400013,1.0,Corn,0.9420289855072463
0103400015,1.0,Corn,0.8888888888888888
0110100003,1.0,Corn,0.9421965317919075
0110100008,1.0,Corn,0.948905109489051
0110100010,5.0,Soybean,0.9583333333333334
0110200011,5.0,Soybean,0.9571428571428572
0110200012,1.0,Corn,0.9559471365638766
0110200013,5.0,Soybean,0.9510869565217391
0110200014,5.0,Soybean,0.8595505617977528
0110300007,1.0,Corn,0.9766536964980544
0110300008,1.0,Corn,0.8688524590163934
0110400001,5.0,Soybean,0.9805013927576601
0110400002,5.0,Soybean,0.903954802259887
0110400003,5.0,Soybean,0.9661016949152542
0111100003,5.0,Soybean,0.5052779732582688
0111200003,1.0,Corn,0.9653179190751445
0111200005,5.0,Soybean,0.9619565217391305
0111200006,5.0,Soybean,0.9565217391304348
0111400001,1.0,Corn,0.9972067039106145
0111400004,5.0,Soybean,0.9945945945945946
0111400005,5.0,Soybean,1.0
0111400006,1.0,Corn,0.96
0112100001,1.0,Corn,0.5027322404371585
0112100002,1.0,Corn,0.9890710382513661
0112100003,5.0,Soybean,0.9662921348314607
0112200007,1.0,Corn,0.9074074074074074
0112200008,1.0,Corn,0.9629629629629629
0112200009,5.0,Soybean,0.9176470588235294
0112200010,5.0,Soybean,0.9688581314878892
0112300002,1.0,Corn,0.9447513812154696
0112300003,1.0,Corn,0.9602272727272727
0112300004,5.0,Soybean,0.9491525423728814
0112300005,1.0,Corn,0.9888888888888889
0112400003,1.0,Corn,0.952112676056338
0112400004,1.0,Corn,0.9384615384615385
0112400005,1.0,Corn,0.9737991266375546
0113100002,5.0,Soybean,0.9848197343453511
0113100004,5.0,Soybean,0.9651162790697675
0113200003,1.0,Corn,0.9719887955182073
0113200011,5.0,Soybean,0.9664634146341463
0113300001,5.0,Soybean,0.9773371104815864
0113400003,5.0,Soybean,0.940959409594096
0113400004,5.0,Soybean,0.9052631578947369
0113400005,5.0,Soybean,0.9410112359550562
0114100003,1.0,Corn,0.9428571428571428
0114100006,5.0,Soybean,0.983177570093458
0114100009,1.0,Corn,0.5740740740740741
0114100010,5.0,Soybean,0.9302325581395349
0114200001,1.0,Corn,0.9388888888888889
0114200008,1.0,Corn,0.686046511627907
0114200011,5.0,Soybean,0.9672131147540983
0114200012,5.0,Soybean,0.9849624060150376
0114200013,1.0,Corn,0.7422680412371134
0114300002,1.0,Corn,1.0
0114300006,1.0,Corn,0.9294117647058824
0114300008,1.0,Corn,0.9626865671641791
0114400012,5.0,Soybean,0.9752650176678446
0114400013,1.0,Corn,0.9657142857142857
0114400014,1.0,Corn,0.9441340782122905
0115100004,5.0,Soybean,0.9913793103448276
0115200001,5.0,Soybean,1.0
0115200003,5.0,Soybean,0.969639468690702
0115300002,5.0,Soybean,0.9598853868194842
0115300003,1.0,Corn,0.9617021276595744
0115400001,5.0,Soybean,1.0
0115400002,5.0,Soybean,0.9829545454545454
0115400007,1.0,Corn,0.9691358024691358
0115400008,5.0,Soybean,0.9583333333333334
0122100003,5.0,Soybean,0.9708454810495627
0122100004,5.0,Soybean,0.9945652173913043
0122200001,5.0,Soybean,0.9542857142857143
0122300001,1.0,Corn,0.938375350140056
0122300002,1.0,Corn,0.9637883008356546
0122400004,5.0,Soybean,0.981023102310231
0123100005,1.0,Corn,0.9655172413793104
0123100006,1.0,Corn,0.9252873563218391
0123100007,5.0,Soybean,0.9428571428571428
0123200001,1.0,Corn,0.9578651685393258
0123200005,1.0,Corn,0.9786585365853658
0123300001,5.0,Soybean,0.49333333333333335
0123300003,1.0,Corn,0.9566473988439307
0123400003,5.0,Soybean,0.949874686716792
0123400004,5.0,Soybean,0.9381107491856677
0124100004,1.0,Corn,0.9777777777777777
0124100005,1.0,Corn,0.9611940298507463
0124200001,1.0,Corn,0.9596541786743515
0124200002,5.0,Soybean,0.9858757062146892
0124300002,1.0,Corn,0.9546742209631728
0124300004,1.0,Corn,0.9034090909090909
0124400001,1.0,Corn,0.9673758865248226
0125100007,1.0,Corn,0.9230769230769231
0125100008,1.0,Corn,1.0
0125100009,1.0,Corn,0.958904109589041
0125200003,5.0,Soybean,0.9294117647058824
0125200004,5.0,Soybean,0.9404761904761905
0125200005,1.0,Corn,0.8876404494382022
0125200006,5.0,Soybean,0.5688622754491018
0125300016,1.0,Corn,0.797153024911032
0125300017,141.0,Other,0.8888888888888888
0125400001,5.0,Soybean,0.8728323699421965
0125400002,141.0,Other,0.5208333333333334
0125400003,1.0,Corn,0.7692307692307693
0125400004,1.0,Corn,0.8143712574850299
0125400005,1.0,Corn,0.9880952380952381
0125400006,1.0,Corn,0.9425287356321839
0126100002,5.0,Soybean,0.9576642335766423
0126200001,5.0,Soybean,0.9615384615384616
0126200002,5.0,Soybean,0.8100890207715133
0126300001,5.0,Soybean,0.5027932960893855
0126300002,5.0,Soybean,0.8056338028169014
0126400003,5.0,Soybean,0.46418338108882523
0127100001,5.0,Soybean,0.9831932773109243
0127100002,5.0,Soybean,0.9887640449438202
0127200002,5.0,Soybean,0.9915966386554622
0127200003,5.0,Soybean,0.9575070821529745
0127300002,1.0,Corn,0.9716713881019831
0127300003,5.0,Soybean,1.0
0127400001,5.0,Soybean,0.9982698961937716
0127400002,1.0,Corn,0.9935064935064936
0134100001,1.0,Corn,0.3451086956521739
0134100003,5.0,Soybean,0.9215686274509803
0134200001,5.0,Soybean,0.7014681892332789
0134300001,141.0,Other,0.4
0134300002,141.0,Other,0.8843537414965986
0134300003,141.0,Other,0.45549738219895286
0134400001,176.0,Other,0.3142857142857143
0134400002,176.0,Other,0.5932203389830508
0135100001,1.0,Corn,0.8201892744479495
0135100004,5.0,Soybean,0.30752688172043013
0135200003,1.0,Corn,0.30726256983240224
0135200014,176.0,Other,0.5140845070422535
0135200015,176.0,Other,0.6666666666666666
0135300001,176.0,Other,0.4883720930232558
0135300014,176.0,Other,0.5448275862068965
0135300015,141.0,Other,0.4838709677419355
0135300016,176.0,Other,0.41721854304635764
0135400008,141.0,Other,0.8245614035087719
0135400009,5.0,Soybean,0.5459662288930581
0136100010,176.0,Other,0.7692307692307693
0136100011,141.0,Other,0.6140350877192983
0136100022,176.0,Other,0.5094339622641509
0136100026,176.0,Other,0.46296296296296297
0136100028,176.0,Other,0.5384615384615384
0136200016,176.0,Other,0.7245901639344262
0136200021,176.0,Other,0.5737704918032787
0136200022,1.0,Corn,0.945054945054945
0136300008,1.0,Corn,0.9309309309309309
0136300009,1.0,Corn,0.49691358024691357
0136400001,5.0,Soybean,0.9542857142857143
0136400004,141.0,Other,0.3308270676691729
0136400005,176.0,Other,0.4606741573033708
0136400006,141.0,Other,0.5
0136400007,5.0,Soybean,0.7865853658536586
0201100003,5.0,Soybean,0.9661016949152542
0201100006,5.0,Soybean,0.988950276243094
0201100007,5.0,Soybean,0.9613259668508287
0201200001,5.0,Soybean,0.967032967032967
0201200002,1.0,Corn,0.9265536723163842
0201200008,5.0,Soybean,1.0
0201200012,5.0,Soybean,0.9746835443037974
0201200018,24.0,Other,0.8971428571428571
0201300004,5.0,Soybean,0.8333333333333334
0201300008,1.0,Corn,0.9424460431654677
0201300010,5.0,Soybean,0.9622641509433962
0201300011,1.0,Corn,0.9369369369369369
0201300014,1.0,Corn,1.0
0201400004,1.0,Corn,0.9875389408099688
0201400005,1.0,Corn,0.9553072625698324
0201400007,1.0,Corn,1.0
0202100003,5.0,Soybean,0.9719101123595506
0202100006,5.0,Soybean,0.9888888888888889
0202100008,5.0,Soybean,1.0
0202100009,5.0,Soybean,1.0
0202100010,5.0,Soybean,0.9302325581395349
0202100012,5.0,Soybean,1.0
0202200008,1.0,Corn,0.9487179487179487
0202200011,1.0,Corn,0.8628571428571429
0202200012,1.0,Corn,0.9154929577464789
0202200013,1.0,Corn,0.9907407407407407
0202200014,1.0,Corn,1.0
0202300002,5.0,Soybean,1.0
0202300003,5.0,Soybean,0.9572649572649573
0202300006,5.0,Soybean,0.9832402234636871
0202300009,5.0,Soybean,1.0
0202300012,5.0,Soybean,0.96
0202400001,5.0,Soybean,0.9955947136563876
0202400004,1.0,Corn,0.9671361502347418
0202400006,5.0,Soybean,0.9765258215962441
0203100005,1.0,Corn,0.9696969696969697
0203100006,1.0,Corn,0.9776536312849162
0203100011,1.0,Corn,0.96045197740113
0203100012,1.0,Corn,0.9390243902439024
0203200002,5.0,Soybean,0.9273743016759777
0203200008,1.0,Corn,0.9801980198019802
0203200009,1.0,Corn,0.9629629629629629
0203200015,5.0,Soybean,0.96
0203200016,1.0,Corn,0.9880952380952381
0203300001,5.0,Soybean,0.9209039548022598
0203300005,1.0,Corn,0.9896907216494846
0203300017,124.0,Other,0.33962264150943394
0203300018,1.0,Corn,0.9929328621908127
0203300021,5.0,Soybean,1.0
0203300022,5.0,Soybean,1.0
0203400002,5.0,Soybean,0.9411764705882353
0203400004,1.0,Corn,0.9037656903765691
0203400005,1.0,Corn,0.9759036144578314
0204101006,5.0,Soybean,0.9076517150395779
0204201001,5.0,Soybean,0.8852459016393442
0204226001,121.0,Other,0.5238095238095238
0204276004,1.0,Corn,0.9161676646706587
0204301009,1.0,Corn,0.8807947019867549
0204351002,122.0,Other,0.41333333333333333
0204427017,5.0,Soybean,0.8064516129032258
0204476014,5.0,Soybean,0.5434782608695652
0205100001,1.0,Corn,0.9529085872576177
0205100004,5.0,Soybean,0.9441489361702128
0205200002,1.0,Corn,0.9490084985835694
0205200005,1.0,Corn,0.9710144927536232
0205300006,1.0,Corn,0.8006042296072508
0205300007,5.0,Soybean,0.7950310559006211
0205400007,1.0,Corn,0.9583333333333334
0205400009,1.0,Corn,0.9790940766550522
0205400011,1.0,Corn,0.9326923076923077
0206100001,5.0,Soybean,0.9382022471910112
0206100002,1.0,Corn,0.9488636363636364
0206100007,5.0,Soybean,0.9742857142857143
0206200001,5.0,Soybean,0.6049723756906077
0206300001,1.0,Corn,0.9803707742639041
0206400001,1.0,Corn,0.6896551724137931
0206400002,5.0,Soybean,0.7794117647058824
0207100002,1.0,Corn,0.9606741573033708
0207100003,1.0,Corn,0.9624277456647399
0207200002,5.0,Soybean,0.6455331412103746
0207300002,1.0,Corn,0.9740634005763689
0207300006,1.0,Corn,0.9751381215469613
0207400002,5.0,Soybean,0.7179962894248608
0207400003,1.0,Corn,0.7
0208100001,5.0,Soybean,0.9606741573033708
0208100002,1.0,Corn,0.8901098901098901
0208200007,5.0,Soybean,0.680672268907563
0208200008,1.0,Corn,0.432
0208200009,1.0,Corn,0.7366666666666667
0208200011,5.0,Soybean,0.5882352941176471
0208300003,5.0,Soybean,0.994413407821229
0208300004,5.0,Soybean,0.9560439560439561
0208300007,1.0,Corn,0.9322033898305084
0208300008,1.0,Corn,0.936046511627907
0208400001,5.0,Soybean,0.994535519125683
0208400004,5.0,Soybean,0.9887640449438202
0208400010,5.0,Soybean,0.9861111111111112
0208400011,1.0,Corn,0.9065420560747663
0209100018,5.0,Soybean,0.9573170731707317
0209100022,1.0,Corn,0.9210526315789473
0209100023,1.0,Corn,0.7959183673469388
0209100026,1.0,Corn,0.9516129032258065
0209100027,5.0,Soybean,0.5909090909090909
0209100028,1.0,Corn,0.9433962264150944
0209100029,5.0,Soybean,0.618421052631579
0209203001,1.0,Corn,0.956989247311828
0209227001,1.0,Corn,0.9292929292929293
0209252001,5.0,Soybean,0.5222222222222223
0209276001,1.0,Corn,1.0
0209276002,5.0,Soybean,0.7421875
0209300008,1.0,Corn,0.9596928982725528
0209300009,5.0,Soybean,0.6783216783216783
0209400002,5.0,Soybean,0.9595375722543352
0209400003,1.0,Corn,0.9195402298850575
0209400004,1.0,Corn,0.9523809523809523
0209400005,5.0,Soybean,0.9339622641509434
0210100004,5.0,Soybean,0.9943502824858758
0210100010,1.0,Corn,0.9653179190751445
0210100012,5.0,Soybean,0.9631901840490797
0210100013,5.0,Soybean,0.9354838709677419
0210100014,5.0,Soybean,0.9545454545454546
0210200006,5.0,Soybean,0.960960960960961
0210200007,1.0,Corn,0.9779005524861878
0210200008,5.0,Soybean,0.7151515151515152
0210300004,5.0,Soybean,0.9944444444444445
0210300010,5.0,Soybean,0.9259259259259259
0210300015,111.0,Other,0.35
0210300016,1.0,Corn,0.9925187032418953
0210400002,5.0,Soybean,0.9945054945054945
0210400005,5.0,Soybean,0.9655172413793104
0210400007,5.0,Soybean,0.9659090909090909
0210400010,5.0,Soybean,1.0
0211100002,1.0,Corn,0.9728260869565217
0211100004,1.0,Corn,0.9893617021276596
0211100006,1.0,Corn,0.9171597633136095
0211100008,1.0,Corn,1.0
0211100010,1.0,Corn,0.9852941176470589
0211200002,5.0,Soybean,0.6332046332046332
0211200003,1.0,Corn,0.5481481481481482
0211300001,1.0,Corn,1.0
0211300002,5.0,Soybean,0.8448275862068966
0211300003,5.0,Soybean,0.5114942528735632
0211300004,5.0,Soybean,0.5227272727272727
0211400001,1.0,Corn,0.9888888888888889
0211400003,5.0,Soybean,0.9801136363636364
0211400004,1.0,Corn,0.9479768786127167
0212100009,1.0,Corn,0.9662921348314607
0212100012,1.0,Corn,0.4898989898989899
0212100013,5.0,Soybean,0.6235955056179775
0212100014,5.0,Soybean,1.0
0212200005,5.0,Soybean,0.9859550561797753
0212200006,1.0,Corn,0.923728813559322
0212300006,5.0,Soybean,0.9928571428571429
0212300007,5.0,Soybean,0.9787234042553191
0212300008,1.0,Corn,0.9505494505494505
0212300009,1.0,Corn,1.0
0212300010,5.0,Soybean,1.0
0212300011,5.0,Soybean,1.0
0212400004,5.0,Soybean,0.9805555555555555
0212400005,1.0,Corn,0.9819277108433735
0213100002,5.0,Soybean,0.7366197183098592
0213200002,5.0,Soybean,0.9804469273743017
0213200004,1.0,Corn,0.770949720670391
0213200005,1.0,Corn,0.9836065573770492
0213300005,5.0,Soybean,0.9888888888888889
0213300008,5.0,Soybean,0.9830508474576272
0213300009,5.0,Soybean,0.9884393063583815
0213300010,5.0,Soybean,1.0
0213400007,5.0,Soybean,0.9908256880733946
0213400013,5.0,Soybean,0.9772727272727273
0214100001,5.0,Soybean,0.519774011299435
0214100005,5.0,Soybean,1.0
0214100008,1.0,Corn,0.9715099715099715
0214100010,5.0,Soybean,0.9626168224299065
0214200002,1.0,Corn,0.9250720461095101
0214200003,5.0,Soybean,0.9495548961424333
0214300002,1.0,Corn,0.9858757062146892
0214400001,5.0,Soybean,0.6415270018621974
0215100003,1.0,Corn,0.9550561797752809
0215100005,5.0,Soybean,0.9545454545454546
0215100006,5.0,Soybean,0.9
0215100008,5.0,Soybean,0.9776536312849162
0215100010,5.0,Soybean,0.9822485207100592
0215200005,5.0,Soybean,0.6742209631728046
0215200007,5.0,Soybean,0.9444444444444444
0215200009,1.0,Corn,0.9281437125748503
0215300003,5.0,Soybean,0.9659090909090909
0215300004,5.0,Soybean,0.9680365296803652
0215300006,5.0,Soybean,0.9710982658959537
0215400001,1.0,Corn,0.46938775510204084
0215400003,1.0,Corn,0.9371428571428572
0215400004,1.0,Corn,0.9662921348314607
0215400005,1.0,Corn,0.9444444444444444
0215400006,1.0,Corn,0.9883720930232558
0215400007,1.0,Corn,0.9661016949152542
0216100001,5.0,Soybean,0.9770114942528736
0216100002,1.0,Corn,0.9705882352941176
0216100004,1.0,Corn,0.9431818181818182
0216100005,1.0,Corn,0.975
0216100006,1.0,Corn,1.0
0216200005,5.0,Soybean,0.9111111111111111
0216200006,5.0,Soybean,0.961038961038961
0216200008,5.0,Soybean,0.9259259259259259
0216200009,5.0,Soybean,1.0
0216200010,5.0,Soybean,0.9886363636363636
0216300007,1.0,Corn,0.9707602339181286
0216300010,1.0,Corn,0.9873417721518988
0216300011,1.0,Corn,0.9597701149425287
0216300012,1.0,Corn,0.972972972972973
0216400001,5.0,Soybean,0.9943181818181818
0216400002,1.0,Corn,0.34774436090225563
0217100009,1.0,Corn,0.9090909090909091
0217100010,5.0,Soybean,1.0
0217100011,5.0,Soybean,0.9555555555555556
0217100012,5.0,Soybean,0.9791666666666666
0217100013,5.0,Soybean,0.8809523809523809
0217100014,5.0,Soybean,0.9529411764705882
0217100016,5.0,Soybean,0.9818181818181818
0217100017,5.0,Soybean,1.0
0217100018,5.0,Soybean,0.9846153846153847
0217200010,5.0,Soybean,0.9772727272727273
0217200011,5.0,Soybean,0.9347826086956522
0217200018,1.0,Corn,0.9583333333333334
0217200022,1.0,Corn,0.8313953488372093
0217200023,5.0,Soybean,0.8913043478260869
0217200025,5.0,Soybean,0.9923076923076923
0217200026,5.0,Soybean,1.0
0217200027,5.0,Soybean,0.9827586206896551
0217200028,5.0,Soybean,0.9565217391304348
0217300001,5.0,Soybean,1.0
0217300002,5.0,Soybean,0.9831460674157303
0217300005,5.0,Soybean,0.9634146341463414
0217300007,5.0,Soybean,0.967032967032967
0217300008,5.0,Soybean,0.9776536312849162
0217400005,1.0,Corn,0.9664804469273743
0217400007,5.0,Soybean,0.5379746835443038
0217400008,5.0,Soybean,0.8947368421052632
0217400009,5.0,Soybean,0.9873417721518988
0217400010,5.0,Soybean,0.975
0217400011,5.0,Soybean,1.0
0218100001,5.0,Soybean,0.994413407821229
0218100002,1.0,Corn,0.9944444444444445
0218100003,1.0,Corn,0.9550561797752809
0218100005,5.0,Soybean,0.9666666666666667
0218100006,1.0,Corn,0.4899328859060403
0218200003,5.0,Soybean,0.9833333333333333
0218200005,5.0,Soybean,0.9510022271714922
0218200006,5.0,Soybean,1.0
0218200007,5.0,Soybean,1.0
0218300001,1.0,Corn,0.9818840579710145
0218300004,1.0,Corn,0.9722222222222222
0218300005,1.0,Corn,0.9659863945578231
0218300008,1.0,Corn,1.0
0218400001,1.0,Corn,0.9725274725274725
0218400002,1.0,Corn,0.9419889502762431
0218400003,5.0,Soybean,1.0
0219100001,5.0,Soybean,0.9534883720930233
0219100002,5.0,Soybean,1.0
0219100012,1.0,Corn,0.9452449567723343
0219200002,5.0,Soybean,0.968299711815562
0219200005,5.0,Soybean,0.9842105263157894
0219200006,5.0,Soybean,1.0
0219300007,1.0,Corn,0.9838337182448037
0219300008,1.0,Corn,0.9893238434163701
0219400001,5.0,Soybean,0.9661016949152542
0219400003,1.0,Corn,0.4972067039106145
0220100001,5.0,Soybean,0.9887005649717514
0220100007,5.0,Soybean,0.9754601226993865
0220100008,5.0,Soybean,0.9440993788819876
0220200009,1.0,Corn,0.9540229885057471
0220200010,1.0,Corn,0.5333333333333333
0220200013,1.0,Corn,0.9724770642201835
0220200015,5.0,Soybean,1.0
0220200016,1.0,Corn,0.9025974025974026
0220300001,1.0,Corn,0.9715909090909091
0220300003,1.0,Corn,0.988950276243094
0220300004,1.0,Corn,0.9597701149425287
0220300005,5.0,Soybean,0.9722222222222222
0220400002,5.0,Soybean,1.0
0220400005,1.0,Corn,0.9568965517241379
0220400006,1.0,Corn,1.0
0220400007,1.0,Corn,0.9723756906077348
0220400008,5.0,Soybean,0.9649122807017544
0220400009,5.0,Soybean,1.0
0221100002,5.0,Soybean,0.9888268156424581
0221100003,5.0,Soybean,0.9851301115241635
0221100004,5.0,Soybean,0.9444444444444444
0221200002,1.0,Corn,0.967032967032967
0221200003,1.0,Corn,0.9647058823529412
0221200009,1.0,Corn,0.6511627906976745
0221200010,1.0,Corn,0.9701492537313433
0221200012,123.0,Other,0.24444444444444444
0221200013,28.0,Other,0.40522875816993464
0221300006,1.0,Corn,0.9126760563380282
0221300013,5.0,Soybean,0.5645161290322581
0221300015,1.0,Corn,0.45930232558139533
0221400003,1.0,Corn,0.9456521739130435
0221400005,1.0,Corn,0.4838709677419355
0221400007,5.0,Soybean,1.0
0221400008,1.0,Corn,0.8415841584158416
0221400009,1.0,Corn,0.6357615894039735
0221400010,1.0,Corn,0.7302631578947368
0222100003,1.0,Corn,0.96045197740113
0222100004,1.0,Corn,0.983739837398374
0222100005,1.0,Corn,0.9508196721311475
0222100006,1.0,Corn,0.9047619047619048
0222200001,5.0,Soybean,0.7075070821529745
0222300003,1.0,Corn,0.9664429530201343
0222300004,1.0,Corn,0.9919678714859438
0222300005,1.0,Corn,0.9877551020408163
0223100001,1.0,Corn,0.6568213783403657
0223200002,1.0,Corn,0.6518518518518519
0223400002,1.0,Corn,0.9860205032618826
0224100006,1.0,Corn,0.9730290456431535
0224100009,1.0,Corn,0.9872068230277186
0224100011,1.0,Corn,0.967741935483871
0224300001,5.0,Soybean,0.5836200963523744
0225100001,1.0,Corn,0.6771300448430493
0225100002,5.0,Soybean,1.0
0225200001,1.0,Corn,0.800561797752809
0225200002,5.0,Soybean,0.9634703196347032
0225300006,5.0,Soybean,0.9722222222222222
0225300007,5.0,Soybean,0.9714285714285714
0225300009,5.0,Soybean,1.0
0225300010,5.0,Soybean,0.9859154929577465
0225300011,5.0,Soybean,0.9710144927536232
0225300012,5.0,Soybean,0.976878612716763
0225400011,1.0,Corn,0.9390581717451524
0225400012,5.0,Soybean,0.9659090909090909
0226100001,5.0,Soybean,0.9219330855018587
0226100002,5.0,Soybean,0.9662921348314607
0226100004,5.0,Soybean,0.988950276243094
0226200003,5.0,Soybean,0.9744680851063829
0226300001,5.0,Soybean,0.9549295774647887
0226300003,5.0,Soybean,0.9685714285714285
0226400006,5.0,Soybean,0.9635258358662614
0226400007,1.0,Corn,0.9364161849710982
0227100002,1.0,Corn,0.8888888888888888
0227100003,1.0,Corn,0.9418604651162791
0227100004,1.0,Corn,0.9834254143646409
0227100009,1.0,Corn,0.9832402234636871
0227200001,1.0,Corn,0.9310344827586207
0227200002,1.0,Corn,0.9657142857142857
0227200004,1.0,Corn,0.7892376681614349
0227300004,5.0,Soybean,0.9944444444444445
0227300005,5.0,Soybean,0.9771428571428571
0227300007,5.0,Soybean,0.9753846153846154
0227400001,5.0,Soybean,0.4943181818181818
0227400002,5.0,Soybean,0.3583815028901734
0228100012,5.0,Soybean,0.9834254143646409
0228100013,5.0,Soybean,0.967032967032967
0228100014,5.0,Soybean,1.0
0228100017,5.0,Soybean,0.9888888888888889
0228100019,5.0,Soybean,1.0
0228100020,5.0,Soybean,0.8813559322033898
0228200003,1.0,Corn,0.9829545454545454
0228200004,1.0,Corn,0.9805013927576601
0228300001,1.0,Corn,0.9804469273743017
0228300003,1.0,Corn,0.9644012944983819
0228300004,176.0,Other,0.5777777777777777
0228400002,5.0,Soybean,0.49014084507042255
0229100001,1.0,Corn,0.5887323943661972
0229100002,5.0,Soybean,0.5028089887640449
0229200003,5.0,Soybean,0.9885386819484241
0229200006,5.0,Soybean,0.9883381924198251
0229300002,1.0,Corn,0.7421383647798742
0229300003,5.0,Soybean,0.8607954545454546
0229300004,5.0,Soybean,0.5104166666666666
0229400005,5.0,Soybean,0.9560117302052786
0229400006,1.0,Corn,0.9433198380566802
0229400007,1.0,Corn,0.9649122807017544
0230100003,5.0,Soybean,0.9779005524861878
0230100004,5.0,Soybean,0.9467455621301775
0230100005,5.0,Soybean,0.9753086419753086
0230200001,1.0,Corn,0.4943820224719101
0230300001,5.0,Soybean,0.9632352941176471
0230300003,5.0,Soybean,0.6615969581749049
0230300004,176.0,Other,0.5730337078651685
0230400001,5.0,Soybean,0.35814606741573035
0231100002,1.0,Corn,0.4536741214057508
0231100005,141.0,Other,0.8095238095238095
0231100006,141.0,Other,0.8571428571428571
0231100014,141.0,Other,0.7071129707112971
0231200008,141.0,Other,0.5454545454545454
0231200009,141.0,Other,0.72
0231200010,176.0,Other,0.5185185185185185
0231200014,176.0,Other,0.3723076923076923
0231200015,176.0,Other,0.5208333333333334
0231200016,141.0,Other,0.7209302325581395
0231300008,5.0,Soybean,0.52
0231300009,141.0,Other,0.9337349397590361
0231300010,176.0,Other,0.4067796610169492
0231400014,141.0,Other,0.7148936170212766
0231400015,36.0,Other,0.39080459770114945
0231400020,141.0,Other,0.4152542372881356
0231400022,141.0,Other,0.7258064516129032
0231400023,141.0,Other,0.4188034188034188
0232100007,1.0,Corn,0.5714285714285714
0232200003,5.0,Soybean,0.9666666666666667
0232200005,1.0,Corn,0.8654434250764526
0232200007,1.0,Corn,0.9806295399515739
0232300004,1.0,Corn,0.9188191881918819
0232300005,176.0,Other,0.430939226519337
0232300006,5.0,Soybean,0.48
0232400005,141.0,Other,0.807909604519774
0232400009,141.0,Other,0.38144329896907214
0233100001,5.0,Soybean,0.96
0233100004,1.0,Corn,0.9248554913294798
0233100005,1.0,Corn,0.9943502824858758
0233200001,5.0,Soybean,0.9444444444444444
0233200003,5.0,Soybean,0.994413407821229
0233200006,5.0,Soybean,0.9818181818181818
0233300002,141.0,Other,0.6551724137931034
0233300013,1.0,Corn,0.9008264462809917
0233300017,1.0,Corn,0.9598853868194842
0233300018,1.0,Corn,0.9759036144578314
0233400001,1.0,Corn,1.0
0233400002,5.0,Soybean,1.0
0233400004,1.0,Corn,0.9731182795698925
0233400005,1.0,Corn,1.0
0233400006,1.0,Corn,1.0
0234100002,5.0,Soybean,0.9774011299435028
0234100004,5.0,Soybean,1.0
0234100006,5.0,Soybean,0.9696969696969697
0234200001,5.0,Soybean,0.8977272727272727
0234200002,5.0,Soybean,0.9661016949152542
0234200003,1.0,Corn,0.8439306358381503
0234300001,5.0,Soybean,1.0
0234300002,5.0,Soybean,1.0
0234300005,5.0,Soybean,0.5055555555555555
0234400002,1.0,Corn,0.957983193277311
0234400003,1.0,Corn,0.9662921348314607
0234400007,1.0,Corn,0.6428571428571429
0234400008,1.0,Corn,0.9662921348314607
0235100006,1.0,Corn,0.9272727272727272
0235100008,5.0,Soybean,0.8514285714285714
0235200001,5.0,Soybean,0.9595375722543352
0235200002,5.0,Soybean,0.9832402234636871
0235200003,5.0,Soybean,0.751412429378531
0235300001,1.0,Corn,0.9831460674157303
0235300003,1.0,Corn,0.9553072625698324
0235300004,1.0,Corn,0.9325842696629213
0235400001,5.0,Soybean,0.9611111111111111
0235400003,1.0,Corn,0.5888888888888889
0235400004,5.0,Soybean,1.0
0236100002,5.0,Soybean,0.5061728395061729
0236200008,1.0,Corn,0.985207100591716
0236200009,1.0,Corn,0.9492957746478873
0236300001,1.0,Corn,0.990791896869245
0236400002,5.0,Soybean,0.9968051118210862
0236400006,5.0,Soybean,0.976
0236400009,176.0,Other,0.6666666666666666
0236400011,5.0,Soybean,1.0
0236400013,5.0,Soybean,0.9736842105263158
0301101008,1.0,Corn,0.7868852459016393
0301126015,1.0,Corn,0.967032967032967
0301200001,5.0,Soybean,0.5176151761517616
0301401002,1.0,Corn,0.9269662921348315
0301401003,1.0,Corn,0.9874213836477987
0301476007,1.0,Corn,0.9875
0301476008,176.0,Other,0.5844155844155844
0302100005,1.0,Corn,0.5453149001536098
0302200001,5.0,Soybean,0.9452054794520548
0302300003,111.0,Other,0.4157303370786517
0302300008,1.0,Corn,0.96875
0302351016,123.0,Other,0.7435897435897436
0303100001,5.0,Soybean,0.9666666666666667
0303100002,5.0,Soybean,0.9836065573770492
0303200001,5.0,Soybean,0.6011049723756906
0303300001,1.0,Corn,0.9792746113989638
0303300003,1.0,Corn,0.9864406779661017
0303400001,5.0,Soybean,0.9774011299435028
0303400002,1.0,Corn,0.9657534246575342
0304100005,5.0,Soybean,0.9659090909090909
0304100006,5.0,Soybean,0.8355978260869565
0304200003,1.0,Corn,0.877906976744186
0304200007,5.0,Soybean,0.9888682745825603
0304300009,5.0,Soybean,0.9922480620155039
0304300014,1.0,Corn,0.9953488372093023
0304400002,5.0,Soybean,0.9855072463768116
0304400003,5.0,Soybean,1.0
0304400005,5.0,Soybean,0.9840425531914894
0305100004,1.0,Corn,0.9078014184397163
0305100005,1.0,Corn,0.9763313609467456
0305100006,5.0,Soybean,0.9932432432432432
0305100007,5.0,Soybean,0.9806451612903225
0305200001,5.0,Soybean,0.9743589743589743
0305300003,1.0,Corn,0.9623188405797102
0305300005,5.0,Soybean,0.508298755186722
0305400001,1.0,Corn,0.8992443324937027
0305400002,5.0,Soybean,0.5494505494505495
0306100001,5.0,Soybean,0.9602272727272727
0306100004,1.0,Corn,0.9482758620689655
0306100008,1.0,Corn,0.96
0306100009,5.0,Soybean,0.9545454545454546
0306100010,5.0,Soybean,1.0
0306200002,1.0,Corn,0.9574468085106383
0306200003,1.0,Corn,0.9213483146067416
0306200006,1.0,Corn,0.9
0306200007,1.0,Corn,1.0
0306200008,1.0,Corn,0.96045197740113
0306301001,5.0,Soybean,0.9529085872576177
0306351002,5.0,Soybean,0.9515418502202643
0306402007,123.0,Other,0.4489795918367347
0306406002,122.0,Other,0.4583333333333333
0306426002,5.0,Soybean,0.949438202247191
0306476003,1.0,Corn,0.9337016574585635
0307100002,1.0,Corn,0.9573863636363636
0307100004,5.0,Soybean,0.9773462783171522
0307200003,5.0,Soybean,0.4980392156862745
0307200005,5.0,Soybean,1.0
0307300006,1.0,Corn,0.9944444444444445
0307300007,1.0,Corn,0.9828571428571429
0307300015,1.0,Corn,0.9808917197452229
0307400003,1.0,Corn,0.9560439560439561
0307400004,5.0,Soybean,0.9775280898876404
0307400009,5.0,Soybean,1.0
0308100007,5.0,Soybean,0.9857752489331437
0308200001,1.0,Corn,0.9726224783861671
0308300008,5.0,Soybean,0.9836065573770492
0308300009,5.0,Soybean,0.9622641509433962
0308300010,1.0,Corn,0.9772727272727273
0308300011,1.0,Corn,1.0
0308400004,5.0,Soybean,1.0
0308400005,5.0,Soybean,0.9731404958677686
0308400006,5.0,Soybean,0.9701492537313433
0309100003,5.0,Soybean,1.0
0309100005,5.0,Soybean,1.0
0309100006,5.0,Soybean,0.9285714285714286
0309100007,5.0,Soybean,0.8245614035087719
0309200003,1.0,Corn,0.7313432835820896
0309200012,1.0,Corn,0.9492753623188406
0309200013,1.0,Corn,0.9923664122137404
0309200014,1.0,Corn,0.9905660377358491
0309300001,1.0,Corn,0.9235127478753541
0309300002,5.0,Soybean,1.0
0309300003,5.0,Soybean,0.9662921348314607
0309400001,5.0,Soybean,0.9940828402366864
0309400004,5.0,Soybean,0.9861111111111112
0309400010,1.0,Corn,0.9090909090909091
0309400011,1.0,Corn,0.9111111111111111
0310100001,1.0,Corn,0.5203938115330521
0310200004,5.0,Soybean,0.9284253578732107
0310200005,111.0,Other,0.7424242424242424
0310300003,5.0,Soybean,0.9089068825910931
0310300004,1.0,Corn,0.9442231075697212
0310400002,5.0,Soybean,0.9975609756097561
0311100001,5.0,Soybean,0.9403553299492385
0311276005,5.0,Soybean,0.8269230769230769
0311400007,5.0,Soybean,0.9590909090909091
0311400008,5.0,Soybean,0.9711884753901561
0311400010,5.0,Soybean,0.9807073954983923
0312177001,1.0,Corn,0.9365079365079365
0312200002,5.0,Soybean,0.4972067039106145
0312200008,1.0,Corn,0.9302325581395349
0312300005,5.0,Soybean,0.9740740740740741
0312300006,5.0,Soybean,0.9364161849710982
0312400003,5.0,Soybean,0.5014792899408284
0313100001,5.0,Soybean,0.5
0313200003,5.0,Soybean,0.9854368932038835
0313200005,5.0,Soybean,0.8461538461538461
0313200006,5.0,Soybean,0.7670682730923695
0313300001,5.0,Soybean,0.5611111111111111
0313300002,1.0,Corn,0.4057142857142857
0313300003,5.0,Soybean,0.22346368715083798
0313300004,36.0,Other,0.6590909090909091
0313400001,5.0,Soybean,0.49728260869565216
0313400007,1.0,Corn,0.9045226130653267
0313400009,1.0,Corn,0.43529411764705883
0314100001,5.0,Soybean,0.6814159292035398
0314100004,1.0,Corn,0.9872881355932204
0314100007,1.0,Corn,0.9915254237288136
0314200002,5.0,Soybean,0.9823788546255506
0314200006,1.0,Corn,0.9411764705882353
0314200009,5.0,Soybean,0.8895027624309392
0314200010,5.0,Soybean,1.0
0314300010,1.0,Corn,0.9932432432432432
0314300011,1.0,Corn,0.9620689655172414
0314300019,5.0,Soybean,0.9935483870967742
0314400001,5.0,Soybean,0.997275204359673
0314400002,1.0,Corn,0.3789173789173789
0315100005,5.0,Soybean,0.553921568627451
0315100006,176.0,Other,0.5454545454545454
0315200003,5.0,Soybean,0.9835329341317365
0315300002,1.0,Corn,0.9548022598870056
0315400001,1.0,Corn,0.5093167701863354
0316100006,5.0,Soybean,0.9455782312925171
0316100007,176.0,Other,0.78
0316100008,5.0,Soybean,0.9448275862068966
0316100009,5.0,Soybean,0.92
0316100010,5.0,Soybean,0.9790209790209791
0316200002,1.0,Corn,0.9333333333333333
0316200004,1.0,Corn,0.9664179104477612
0316300001,5.0,Soybean,0.9888268156424581
0316300002,1.0,Corn,0.9747191011235955
0316400002,1.0,Corn,0.8907103825136612
0316400003,1.0,Corn,0.8839779005524862
0316400004,1.0,Corn,0.9549295774647887
0317100004,1.0,Corn,0.982421875
0317100005,5.0,Soybean,0.9829545454545454
0317200002,5.0,Soybean,0.9526462395543176
0317200003,1.0,Corn,0.9773371104815864
0317300011,1.0,Corn,0.9477124183006536
0317300012,1.0,Corn,0.9206349206349206
0317300013,1.0,Corn,0.9722222222222222
0317300014,5.0,Soybean,0.9846153846153847
0317400004,1.0,Corn,0.973421926910299
0317400006,1.0,Corn,0.9142857142857143
0318100009,1.0,Corn,0.990234375
0318100010,1.0,Corn,0.4943181818181818
0318200004,24.0,Other,0.8876404494382022
0318200005,24.0,Other,0.7906976744186046
0318200008,1.0,Corn,0.9886363636363636
0318200010,5.0,Soybean,0.9777777777777777
0318200011,1.0,Corn,0.9916434540389972
0318300003,1.0,Corn,0.9566929133858267
0318300004,5.0,Soybean,0.9909502262443439
0318300007,5.0,Soybean,0.9738219895287958
0318400004,5.0,Soybean,0.9743589743589743
0318400006,5.0,Soybean,0.9909365558912386
0319100002,1.0,Corn,0.48840579710144927
0319200001,5.0,Soybean,0.9502762430939227
0319200002,5.0,Soybean,0.9195402298850575
0319200003,1.0,Corn,0.9887640449438202
0319400005,1.0,Corn,0.9846368715083799
0320100002,5.0,Soybean,0.9825581395348837
0320100004,1.0,Corn,0.9616519174041298
0320100006,5.0,Soybean,1.0
0320200007,5.0,Soybean,0.9838056680161943
0320200008,5.0,Soybean,0.9452887537993921
0320300001,1.0,Corn,0.9887640449438202
0320300004,5.0,Soybean,1.0
0320300005,1.0,Corn,0.9318181818181818
0320300006,5.0,Soybean,1.0
0320300009,5.0,Soybean,0.9707112970711297
0320400001,5.0,Soybean,1.0
0320400006,5.0,Soybean,0.9851301115241635
0320400007,5.0,Soybean,1.0
0321100001,5.0,Soybean,0.9847908745247148
0321200003,1.0,Corn,0.9955357142857143
0321200006,5.0,Soybean,0.7475961538461539
0321200007,1.0,Corn,0.9482758620689655
0321200008,1.0,Corn,0.9734513274336283
0321300007,1.0,Corn,1.0
0321300008,1.0,Corn,0.9385474860335196
0321300009,5.0,Soybean,0.771101573676681
0321400001,1.0,Corn,0.5
0321400003,5.0,Soybean,0.9226519337016574
0321400004,1.0,Corn,0.9371428571428572
0322100002,1.0,Corn,0.5370370370370371
0322200002,1.0,Corn,0.9841772151898734
0322300002,5.0,Soybean,0.47808764940239046
0322400002,1.0,Corn,0.5043196544276458
0323100003,5.0,Soybean,0.6765536723163842
0323200006,1.0,Corn,0.950207468879668
0323200009,5.0,Soybean,1.0
0323200010,5.0,Soybean,0.972972972972973
0323300003,5.0,Soybean,0.8365155131264916
0323400002,1.0,Corn,0.9746192893401016
0324100008,5.0,Soybean,0.974025974025974
0324100009,5.0,Soybean,1.0
0324100012,5.0,Soybean,0.9291338582677166
0324100013,5.0,Soybean,0.9851485148514851
0324100014,5.0,Soybean,0.9937888198757764
0324200016,5.0,Soybean,0.9725274725274725
0324200019,5.0,Soybean,1.0
0324200021,1.0,Corn,0.9333333333333333
0324300007,1.0,Corn,0.96
0324300010,1.0,Corn,0.9667590027700831
0324400006,5.0,Soybean,0.9777777777777777
0324400008,5.0,Soybean,0.9723756906077348
0324400009,5.0,Soybean,0.9945054945054945
0324400011,5.0,Soybean,0.896969696969697
0325100001,5.0,Soybean,0.9608938547486033
0325100002,5.0,Soybean,0.9055555555555556
0325200005,5.0,Soybean,0.9888888888888889
0325200007,5.0,Soybean,0.9206798866855525
0325300004,5.0,Soybean,0.9636363636363636
0325400003,5.0,Soybean,0.9777777777777777
0325400004,5.0,Soybean,0.9835164835164835
0325400005,5.0,Soybean,0.988950276243094
0325400006,5.0,Soybean,0.9248554913294798
0326100002,5.0,Soybean,0.9684065934065934
0326200001,1.0,Corn,0.9504132231404959
0326200002,1.0,Corn,0.9422222222222222
0326300001,5.0,Soybean,0.9889807162534435
0326300003,1.0,Corn,0.9822485207100592
0326300005,1.0,Corn,0.9779005524861878
0326400005,1.0,Corn,0.9435483870967742
0326400006,1.0,Corn,0.9518413597733711
0326400007,5.0,Soybean,0.9887005649717514
0327100001,1.0,Corn,0.9423076923076923
0327100004,1.0,Corn,0.9902439024390244
0327200001,1.0,Corn,0.6645101663585952
0327300004,1.0,Corn,0.7947826086956522
0327400003,5.0,Soybean,0.9820224719101124
0328100001,5.0,Soybean,0.9239130434782609
0328100002,5.0,Soybean,0.9747899159663865
0328100004,5.0,Soybean,0.9826086956521739
0328100005,1.0,Corn,0.9431818181818182
0328100006,5.0,Soybean,1.0
0328200001,1.0,Corn,0.9867256637168141
0328200003,1.0,Corn,0.9877800407331976
0328300001,1.0,Corn,0.9603174603174603
0328300004,1.0,Corn,0.8554216867469879
0328300006,1.0,Corn,0.9732620320855615
0328300007,1.0,Corn,0.9786096256684492
0328400001,1.0,Corn,0.971830985915493
0328400002,5.0,Soybean,0.9772727272727273
0328400005,5.0,Soybean,0.9333333333333333
0328400010,5.0,Soybean,0.8561643835616438
0329100001,1.0,Corn,0.9827586206896551
0329200001,5.0,Soybean,0.994413407821229
0329200002,5.0,Soybean,1.0
0329200003,5.0,Soybean,0.9610027855153204
0329300002,5.0,Soybean,0.5244003308519437
0329400002,5.0,Soybean,0.978386167146974
0330100006,5.0,Soybean,0.4984709480122324
0330200006,5.0,Soybean,0.6146435452793835
0330200007,1.0,Corn,0.8579710144927536
0330300001,1.0,Corn,0.9541547277936963
0330300003,5.0,Soybean,0.9851851851851852
0330400004,1.0,Corn,0.9739130434782609
0331100003,5.0,Soybean,0.49263502454991814
0331200003,1.0,Corn,0.9825072886297376
0331200006,1.0,Corn,0.9090909090909091
0331200009,1.0,Corn,1.0
0331200010,5.0,Soybean,0.9894736842105263
0331300001,1.0,Corn,0.967966573816156
0331400001,5.0,Soybean,0.7028571428571428
0332100001,5.0,Soybean,0.9685714285714285
0332100002,1.0,Corn,0.955
0332200002,1.0,Corn,0.4596888260254597
0332300006,5.0,Soybean,0.9961538461538462
0332300007,1.0,Corn,0.9104477611940298
0332300008,1.0,Corn,1.0
0332300010,1.0,Corn,0.9844559585492227
0332400001,5.0,Soybean,0.5525946704067322
0333100001,5.0,Soybean,0.523943661971831
0333100007,5.0,Soybean,0.8960674157303371
0333200001,5.0,Soybean,0.9325842696629213
0333200002,1.0,Corn,0.632
0333300001,1.0,Corn,0.6050632911392405
0333300002,1.0,Corn,0.43333333333333335
0333300005,5.0,Soybean,0.9833333333333333
0333400001,1.0,Corn,0.9489795918367347
0334100001,5.0,Soybean,0.4951048951048951
0334200003,5.0,Soybean,0.9715909090909091
0334200004,5.0,Soybean,0.9886685552407932
0334200005,5.0,Soybean,0.9485714285714286
0334300002,5.0,Soybean,0.5126903553299492
0334400001,5.0,Soybean,1.0
0334400004,1.0,Corn,0.9484126984126984
0335100004,1.0,Corn,0.9080459770114943
0335100005,1.0,Corn,0.9630996309963099
0335100007,1.0,Corn,0.479020979020979
0335100008,5.0,Soybean,0.6031746031746031
0335200008,5.0,Soybean,0.9671641791044776
0335200009,5.0,Soybean,0.9942857142857143
0335300001,1.0,Corn,0.9083094555873925
0335300004,5.0,Soybean,0.9859550561797753
0335400001,5.0,Soybean,0.9598853868194842
0335400002,1.0,Corn,0.9694444444444444
0336100002,5.0,Soybean,0.5013850415512465
0336200001,5.0,Soybean,0.9833333333333333
0336200002,5.0,Soybean,0.9602272727272727
0336200004,5.0,Soybean,0.967391304347826
0336200005,5.0,Soybean,0.9888888888888889
0336200007,5.0,Soybean,0.9823529411764705
0336300004,1.0,Corn,0.9707602339181286
0336300005,5.0,Soybean,0.9570200573065902
0336400002,5.0,Soybean,0.9841269841269841
0336400003,1.0,Corn,0.5802047781569966
0336400004,1.0,Corn,0.9818181818181818
0336400005,5.0,Soybean,0.9482758620689655
0401100002,1.0,Corn,0.9626556016597511
0401100003,176.0,Other,0.5714285714285714
0401200012,5.0,Soybean,0.9846153846153847
0401200020,5.0,Soybean,0.9629629629629629
0401200021,1.0,Corn,0.5958188153310104
0401300001,5.0,Soybean,0.9931506849315068
0401300003,1.0,Corn,0.9779735682819384
0401300008,1.0,Corn,0.987012987012987
0401400006,5.0,Soybean,0.9797979797979798
0402100002,1.0,Corn,0.9581005586592178
0402200001,1.0,Corn,0.5514592933947773
0402200012,5.0,Soybean,0.4839650145772595
0402300006,1.0,Corn,0.9559902200488998
0402300010,5.0,Soybean,1.0
0402300011,5.0,Soybean,0.9707602339181286
0402400001,1.0,Corn,0.973384030418251
0402400004,5.0,Soybean,0.9953051643192489
0402400005,1.0,Corn,0.9241706161137441
0403100001,1.0,Corn,0.94579945799458
0403100002,1.0,Corn,0.9523809523809523
0403200002,5.0,Soybean,0.9492957746478873
0403200003,5.0,Soybean,0.9423631123919308
0403300001,1.0,Corn,0.9401197604790419
0403300007,5.0,Soybean,0.7959183673469388
0403300008,5.0,Soybean,1.0
0403300009,5.0,Soybean,0.9622641509433962
0403300010,1.0,Corn,0.9714285714285714
0403300011,1.0,Corn,1.0
0403451001,5.0,Soybean,0.9029850746268657
0403482006,121.0,Other,0.3389830508474576
0404100004,1.0,Corn,0.8453038674033149
0404100005,5.0,Soybean,0.9689265536723164
0404200011,1.0,Corn,0.9391796322489392
0404300002,5.0,Soybean,0.5503048780487805
0404400005,5.0,Soybean,0.9732142857142857
0404400006,1.0,Corn,0.48717948717948717
0405100003,1.0,Corn,0.625531914893617
0405100004,1.0,Corn,0.6374501992031872
0405100005,1.0,Corn,0.6300813008130082
0405200001,5.0,Soybean,0.5205479452054794
0405200002,1.0,Corn,1.0
0405200004,1.0,Corn,0.9639175257731959
0405300003,5.0,Soybean,0.9786910197869102
0405300005,1.0,Corn,0.8093525179856115
0405400002,5.0,Soybean,0.9433962264150944
0405400003,1.0,Corn,0.9662162162162162
0406100005,5.0,Soybean,0.5106382978723404
0406100010,5.0,Soybean,0.983957219251337
0406100011,1.0,Corn,0.4810126582278481
0406100014,1.0,Corn,0.9111111111111111
0406200004,1.0,Corn,0.4916387959866221
0406300009,5.0,Soybean,0.9215686274509803
0406400003,1.0,Corn,0.9917127071823204
0407100001,5.0,Soybean,0.6901408450704225
0407200006,5.0,Soybean,0.9699248120300752
0407200007,5.0,Soybean,0.9411764705882353
0407200008,5.0,Soybean,0.9794871794871794
0407200009,5.0,Soybean,0.9845360824742269
0407300003,1.0,Corn,0.9627039627039627
0407300005,1.0,Corn,0.9230769230769231
0407300007,1.0,Corn,0.967741935483871
0407300008,1.0,Corn,0.9772727272727273
0407400005,5.0,Soybean,0.94
0407400006,1.0,Corn,0.9912790697674418
0408100001,5.0,Soybean,0.505730659025788
0408200019,5.0,Soybean,1.0
0408200020,5.0,Soybean,1.0
0408200021,1.0,Corn,0.9659090909090909
0408200022,1.0,Corn,1.0
0408200023,1.0,Corn,0.9204545454545454
0408300018,1.0,Corn,0.9114832535885168
0408300019,5.0,Soybean,0.9498207885304659
0408400001,5.0,Soybean,0.481638418079096
0409100001,5.0,Soybean,0.5064562410329986
0409200004,5.0,Soybean,0.506280193236715
0409300003,5.0,Soybean,0.8907801418439716
0409400002,1.0,Corn,0.957983193277311
0410100008,5.0,Soybean,0.9906832298136646
0410100010,5.0,Soybean,0.8305084745762712
0410200003,5.0,Soybean,1.0
0410200004,5.0,Soybean,0.972972972972973
0410200005,5.0,Soybean,0.9623430962343096
0410300008,1.0,Corn,0.9772727272727273
0410400001,1.0,Corn,0.9780821917808219
0410400002,5.0,Soybean,0.9166666666666666
0411100002,5.0,Soybean,0.6513761467889908
0411100003,1.0,Corn,0.9874213836477987
0411200002,5.0,Soybean,0.5283018867924528
0411300009,5.0,Soybean,0.8801020408163265
0411300011,5.0,Soybean,0.7894736842105263
0411300012,5.0,Soybean,0.9807692307692307
0411300013,5.0,Soybean,0.9324324324324325
0411400002,5.0,Soybean,0.9775280898876404
0411400004,1.0,Corn,0.8947368421052632
0411400005,1.0,Corn,0.9285714285714286
0411400008,1.0,Corn,0.9776536312849162
0411400010,5.0,Soybean,0.9888888888888889
0411400011,5.0,Soybean,0.9767441860465116
0412100005,5.0,Soybean,0.9779179810725552
0412100012,1.0,Corn,0.9392265193370166
0412100013,5.0,Soybean,0.986046511627907
0412200001,5.0,Soybean,0.9835164835164835
0412200002,5.0,Soybean,1.0
0412200004,1.0,Corn,0.9336734693877551
0412200005,5.0,Soybean,0.9695431472081218
0412300001,1.0,Corn,0.9653284671532847
0412300002,1.0,Corn,0.9828571428571429
0412400001,5.0,Soybean,0.9890710382513661
0412400002,1.0,Corn,0.9497206703910615
0413100001,5.0,Soybean,0.9682151589242054
0413100003,1.0,Corn,0.8908554572271387
0413200003,1.0,Corn,0.7223021582733813
0413300002,1.0,Corn,0.9777777777777777
0413300005,5.0,Soybean,0.9705882352941176
0413300006,5.0,Soybean,0.9390243902439024
0413400003,1.0,Corn,0.972875226039783
0413400004,1.0,Corn,0.9939759036144579
0414100003,1.0,Corn,0.9776785714285714
0414100009,5.0,Soybean,0.9361702127659575
0414100012,1.0,Corn,0.9937888198757764
0414100015,5.0,Soybean,0.525
0414200005,5.0,Soybean,0.4887955182072829
0414300005,5.0,Soybean,0.9776536312849162
0414400006,5.0,Soybean,0.4972144846796657
0415100007,1.0,Corn,0.49855907780979825
0415200003,1.0,Corn,0.9769736842105263
0415200004,5.0,Soybean,0.9669211195928753
0415300002,5.0,Soybean,0.9576271186440678
0415300005,176.0,Other,0.2916666666666667
0415300006,5.0,Soybean,1.0
0415400002,5.0,Soybean,0.9890710382513661
0415400009,5.0,Soybean,0.5066162570888468
0416100001,1.0,Corn,0.9159663865546218
0416100002,1.0,Corn,0.9752066115702479
0416200001,5.0,Soybean,0.5212464589235127
0416200004,1.0,Corn,0.48911465892597966
0416300001,5.0,Soybean,0.5083179297597042
0417100003,1.0,Corn,0.9595375722543352
0417100004,5.0,Soybean,0.980225988700565
0417200002,1.0,Corn,0.5625
0417300002,5.0,Soybean,0.6255380200860832
0417400003,1.0,Corn,0.9333333333333333
0417400008,1.0,Corn,0.6194690265486725
0418100007,5.0,Soybean,0.8071748878923767
0418100008,1.0,Corn,0.9386973180076629
0418200002,5.0,Soybean,0.9887640449438202
0418200003,1.0,Corn,0.9581005586592178
0418300010,1.0,Corn,0.9859943977591037
0418300011,1.0,Corn,0.827027027027027
0418400005,1.0,Corn,0.9703808180535967
0419100003,1.0,Corn,0.8743315508021391
0419100005,5.0,Soybean,0.9831460674157303
0419200001,5.0,Soybean,0.9833333333333333
0419200008,5.0,Soybean,0.9643916913946587
0419300001,5.0,Soybean,0.9945945945945946
0419300003,1.0,Corn,0.9672131147540983
0419300004,1.0,Corn,0.9606741573033708
0419400003,1.0,Corn,0.5316455696202531
0419400005,1.0,Corn,0.4700854700854701
0419400006,1.0,Corn,0.5274261603375527
0420100002,5.0,Soybean,0.56353591160221
0420100005,5.0,Soybean,0.5078125
0420200003,5.0,Soybean,0.98005698005698
0420200005,1.0,Corn,0.9447513812154696
0420200006,5.0,Soybean,0.9318181818181818
0420300001,5.0,Soybean,0.9888888888888889
0420300005,5.0,Soybean,0.9649122807017544
0420400001,1.0,Corn,0.958904109589041
0420400002,1.0,Corn,0.9519774011299436
0421100003,5.0,Soybean,0.9631728045325779
0421100005,5.0,Soybean,0.9777158774373259
0421200008,5.0,Soybean,0.9431818181818182
0421200009,5.0,Soybean,0.9869402985074627
0421300003,5.0,Soybean,0.9782608695652174
0421400012,5.0,Soybean,0.49242424242424243
0421400013,5.0,Soybean,0.5276752767527675
0421400014,5.0,Soybean,0.5168539325842697
0422100002,1.0,Corn,0.9217877094972067
0422100003,1.0,Corn,0.9378531073446328
0422200010,5.0,Soybean,0.9942084942084942
0422200011,1.0,Corn,0.9808429118773946
0422300003,5.0,Soybean,0.49137931034482757
0422400001,5.0,Soybean,0.6320224719101124
0423100008,5.0,Soybean,0.48739495798319327
0423100009,1.0,Corn,0.638671875
0423200009,5.0,Soybean,0.875
0423200010,5.0,Soybean,1.0
0423200011,1.0,Corn,0.92
0423200012,1.0,Corn,0.9378531073446328
0423300004,5.0,Soybean,0.9700934579439252
0423400002,5.0,Soybean,0.9120234604105572
0423400004,5.0,Soybean,0.9887005649717514
0423400005,1.0,Corn,0.907608695652174
0424100001,5.0,Soybean,0.7144827586206897
0424200005,24.0,Other,0.9325842696629213
0424200013,1.0,Corn,0.7797979797979798
0424300003,1.0,Corn,0.9591836734693877
0424300004,1.0,Corn,0.9857142857142858
0424300008,5.0,Soybean,0.979253112033195
0424300009,5.0,Soybean,0.9238578680203046
0424400009,5.0,Soybean,0.4931129476584022
0425100003,5.0,Soybean,0.48523206751054854
0425200001,5.0,Soybean,0.48753462603878117
0425200002,5.0,Soybean,0.9917808219178083
0425200005,1.0,Corn,0.9263456090651558
0425300001,5.0,Soybean,0.9812332439678284
0425300002,1.0,Corn,0.9
0425400001,5.0,Soybean,0.9553072625698324
0425400008,1.0,Corn,0.9388888888888889
0426100002,1.0,Corn,0.969187675070028
0426100004,1.0,Corn,0.5014245014245015
0426200001,5.0,Soybean,0.9835616438356164
0426200003,5.0,Soybean,0.9513274336283186
0426200004,5.0,Soybean,0.8854961832061069
0426300001,5.0,Soybean,0.943502824858757
0426300002,5.0,Soybean,0.9917355371900827
0426400005,1.0,Corn,0.9343065693430657
0426400006,1.0,Corn,0.9888475836431226
0426400010,1.0,Corn,0.9554140127388535
0427100002,1.0,Corn,0.952112676056338
0427100003,5.0,Soybean,0.9807162534435262
0427200002,5.0,Soybean,0.6229050279329609
0427200005,5.0,Soybean,0.9615384615384616
0427300001,1.0,Corn,0.9908256880733946
0427300002,1.0,Corn,0.9459459459459459
0427300003,1.0,Corn,1.0
0427300004,5.0,Soybean,0.8873239436619719
0427300005,1.0,Corn,0.9526462395543176
0427400001,5.0,Soybean,0.7827298050139275
0427400002,1.0,Corn,0.9546742209631728
0428100003,5.0,Soybean,0.9942857142857143
0428100004,5.0,Soybean,0.9836065573770492
0428100005,1.0,Corn,0.930635838150289
0428200002,5.0,Soybean,0.9833333333333333
0428200003,1.0,Corn,0.9773584905660377
0428200004,1.0,Corn,0.9613899613899614
0428300003,5.0,Soybean,0.9712643678160919
0428300004,1.0,Corn,0.955719557195572
0428400003,1.0,Corn,0.8555555555555555
0428400016,1.0,Corn,0.9879518072289156
0428400017,1.0,Corn,0.9618320610687023
0429100001,5.0,Soybean,0.9633802816901409
0429100019,5.0,Soybean,0.9781420765027322
0429100020,5.0,Soybean,0.994475138121547
0429200002,5.0,Soybean,0.49647390691114246
0429300001,1.0,Corn,0.9560439560439561
0429300002,1.0,Corn,0.9441340782122905
0429400002,5.0,Soybean,0.505586592178771
0430100008,1.0,Corn,0.8287671232876712
0430100009,1.0,Corn,0.981081081081081
0430100011,1.0,Corn,0.9773584905660377
0430200007,1.0,Corn,0.9202279202279202
0430200008,1.0,Corn,0.9814126394052045
0430300001,1.0,Corn,0.9651474530831099
0430300002,5.0,Soybean,0.9916201117318436
0430400001,5.0,Soybean,0.5194444444444445
0430400004,1.0,Corn,0.49714285714285716
0430400005,1.0,Corn,0.4887640449438202
0431100003,1.0,Corn,0.5351351351351351
0431100005,5.0,Soybean,0.9558011049723757
0431100006,5.0,Soybean,0.9836065573770492
0431100009,1.0,Corn,0.5428571428571428
0431200001,5.0,Soybean,0.9722222222222222
0431200003,1.0,Corn,0.6022727272727273
0431300001,1.0,Corn,0.5454545454545454
0431300002,1.0,Corn,0.5333333333333333
0431400001,1.0,Corn,0.9598893499308437
0432100002,5.0,Soybean,0.47075208913649025
0432100003,1.0,Corn,0.978021978021978
0432100005,1.0,Corn,0.95
0432200002,1.0,Corn,0.9781420765027322
0432200003,5.0,Soybean,0.9388888888888889
0432300002,1.0,Corn,0.9192200557103064
0432300003,1.0,Corn,0.9505494505494505
0432300004,5.0,Soybean,0.9831460674157303
0432400003,1.0,Corn,0.9779005524861878
0432400004,1.0,Corn,0.9728260869565217
0432400005,5.0,Soybean,0.9781420765027322
0432400007,5.0,Soybean,0.9467455621301775
0433100001,1.0,Corn,0.9361111111111111
0433100003,5.0,Soybean,0.9616087751371115
0433200001,5.0,Soybean,0.4937062937062937
0433300007,1.0,Corn,0.9577464788732394
0433300009,1.0,Corn,0.9405405405405406
0433400005,1.0,Corn,0.967032967032967
0433400006,5.0,Soybean,0.9688385269121813
0434100003,5.0,Soybean,0.9916897506925207
0434100011,5.0,Soybean,0.8820224719101124
0434100013,5.0,Soybean,0.558282208588957
0434200001,1.0,Corn,0.9666666666666667
0434200005,5.0,Soybean,1.0
0434200006,5.0,Soybean,0.5084745762711864
0434200007,5.0,Soybean,0.5576923076923077
0434300001,1.0,Corn,0.96398891966759
0434300003,1.0,Corn,0.9378531073446328
0434400001,1.0,Corn,0.9752747252747253
0434400003,5.0,Soybean,0.9717514124293786
0434400004,1.0,Corn,0.9550561797752809
0435100002,5.0,Soybean,0.983739837398374
0435100003,5.0,Soybean,0.9629629629629629
0435200001,5.0,Soybean,0.4845505617977528
0435300002,1.0,Corn,0.9919137466307277
0435300003,1.0,Corn,0.9111111111111111
0435300004,5.0,Soybean,0.9886363636363636
0435300005,1.0,Corn,0.872093023255814
0435400003,1.0,Corn,0.9275766016713092
0435400006,1.0,Corn,0.9752066115702479
0435400008,1.0,Corn,0.9495798319327731
0435400009,1.0,Corn,1.0
0436100002,5.0,Soybean,0.9667405764966741
0436100003,5.0,Soybean,0.9101123595505618
0436100004,5.0,Soybean,0.9837837837837838
0436200003,5.0,Soybean,0.9776286353467561
0436200004,5.0,Soybean,0.9887640449438202
0436200005,5.0,Soybean,0.9444444444444444
0436200006,5.0,Soybean,0.9024390243902439
0436300062,5.0,Soybean,0.6262135922330098
0436300063,1.0,Corn,0.8038095238095239
0436400002,5.0,Soybean,0.5064935064935064
0525300001,1.0,Corn,0.6547619047619048
0525300002,5.0,Soybean,0.9387096774193548
0525400002,176.0,Other,0.6470588235294118
0525400005,1.0,Corn,0.9821428571428571
0525400008,1.0,Corn,0.84
0526300001,1.0,Corn,1.0
0526300003,5.0,Soybean,0.5081967213114754
0526300004,5.0,Soybean,0.9715909090909091
0526300005,1.0,Corn,0.5882352941176471
0526400002,5.0,Soybean,0.9888268156424581
0526400004,1.0,Corn,0.6412213740458015
0526400011,141.0,Other,0.5681818181818182
0527300003,176.0,Other,0.46706586826347307
0527300009,1.0,Corn,0.8495297805642633
0527400001,176.0,Other,0.3553008595988539
0527400002,176.0,Other,0.4803921568627451
0527400003,5.0,Soybean,0.9317269076305221
0528300001,5.0,Soybean,0.562962962962963
0528300002,176.0,Other,0.8913043478260869
0528300003,1.0,Corn,0.45652173913043476
0528300004,1.0,Corn,0.44
0528300007,141.0,Other,0.4838709677419355
0528300008,1.0,Corn,0.7777777777777778
0528400015,36.0,Other,0.375
0528400020,176.0,Other,0.5662650602409639
0528400021,176.0,Other,0.5232558139534884
0528400022,176.0,Other,0.38823529411764707
0528400023,141.0,Other,0.5057471264367817
0528400024,141.0,Other,0.35294117647058826
0529300004,141.0,Other,0.3930635838150289
0529300005,5.0,Soybean,0.519774011299435
0529300006,141.0,Other,0.4563758389261745
0529400001,141.0,Other,0.8409090909090909
0529400002,141.0,Other,0.3699421965317919
0529400005,141.0,Other,0.4230769230769231
0529400006,141.0,Other,0.38764044943820225
0529400007,141.0,Other,0.7777777777777778
0530300002,1.0,Corn,0.8409090909090909
0530300008,24.0,Other,0.5561497326203209
0530300009,141.0,Other,0.3904109589041096
0530300014,176.0,Other,0.44505494505494503
0530400001,1.0,Corn,0.68
0530400006,141.0,Other,0.6095505617977528
0530400021,176.0,Other,0.39361702127659576
0531100011,1.0,Corn,0.3895131086142322
0531200001,141.0,Other,0.6839080459770115
0531200002,141.0,Other,0.7206703910614525
0531200003,141.0,Other,0.6347305389221557
0531200004,141.0,Other,0.849624060150376
0531300004,141.0,Other,0.4521072796934866
0531300006,176.0,Other,0.49044585987261147
0531300008,141.0,Other,0.7108433734939759
0531300010,141.0,Other,0.8292682926829268
0531400001,141.0,Other,0.5901162790697675
0531400002,141.0,Other,0.9476439790575916
0531400003,141.0,Other,0.7361111111111112
0531400004,141.0,Other,0.5802469135802469
0532100002,1.0,Corn,0.5176470588235295
0532100007,1.0,Corn,0.962059620596206
0532100011,141.0,Other,0.725
0532100012,141.0,Other,0.576271186440678
0532200001,1.0,Corn,0.45
0532200005,176.0,Other,0.33125
0532300001,141.0,Other,0.6723646723646723
0532300003,141.0,Other,0.7285714285714285
0532300004,141.0,Other,0.4523809523809524
0532400001,176.0,Other,0.6666666666666666
0532400002,141.0,Other,0.891566265060241
0532400005,176.0,Other,0.5
0532400006,176.0,Other,0.5664739884393064
0532400007,176.0,Other,0.432258064516129
0533100002,141.0,Other,0.3681159420289855
0533100003,176.0,Other,0.48633879781420764
0533100004,141.0,Other,0.5642458100558659
0533200001,1.0,Corn,0.36127167630057805
0533200002,1.0,Corn,0.2994350282485876
0533300004,176.0,Other,0.4090909090909091
0533300007,141.0,Other,0.6136363636363636
0533300008,176.0,Other,0.45454545454545453
0533300010,141.0,Other,0.8943661971830986
0533300012,176.0,Other,0.37566137566137564
0533400002,5.0,Soybean,0.5
0533400004,141.0,Other,0.6746987951807228
0533400005,141.0,Other,0.6304347826086957
0533400006,5.0,Soybean,0.5880681818181818
0534100001,176.0,Other,0.3823953823953824
0534200004,5.0,Soybean,0.9917355371900827
0534200005,5.0,Soybean,0.9517241379310345
0534200006,5.0,Soybean,0.9938271604938271
0534200007,5.0,Soybean,0.59375
0534300003,5.0,Soybean,0.8352272727272727
0534300005,5.0,Soybean,0.9888888888888889
0534300006,5.0,Soybean,0.5925925925925926
0534300008,5.0,Soybean,0.9725274725274725
0534400002,5.0,Soybean,0.9826589595375722
0534400003,5.0,Soybean,0.7760416666666666
0534400004,1.0,Corn,0.9869281045751634
0534400007,176.0,Other,0.38926174496644295
0535100001,1.0,Corn,0.664804469273743
0535100002,1.0,Corn,0.88268156424581
0535200004,1.0,Corn,0.9653543307086614
0535300001,1.0,Corn,0.96045197740113
0535300002,5.0,Soybean,0.9701492537313433
0535300003,1.0,Corn,0.9812734082397003
0535400001,5.0,Soybean,0.9887640449438202
0535400005,1.0,Corn,0.7624633431085044
0536100001,5.0,Soybean,0.96045197740113
0536100002,1.0,Corn,0.47104247104247104
0536200003,1.0,Corn,0.9846153846153847
0536200008,1.0,Corn,1.0
0536200011,1.0,Corn,0.9288135593220339
0536300006,1.0,Corn,0.415929203539823
0536300007,1.0,Corn,0.4959349593495935
0536300009,5.0,Soybean,1.0
0536400001,1.0,Corn,0.9367816091954023
0536400003,5.0,Soybean,0.9127906976744186
0536400005,5.0,Soybean,0.6481481481481481
0536400006,5.0,Soybean,0.6363636363636364
0613300004,1.0,Corn,0.7878787878787878
0613300005,1.0,Corn,0.6666666666666666
0613300006,1.0,Corn,0.6834170854271356
0613400010,5.0,Soybean,0.9142857142857143
0613400011,176.0,Other,0.35384615384615387
0613400012,141.0,Other,0.5692307692307692
0613400013,5.0,Soybean,0.8252788104089219
0614400009,5.0,Soybean,0.9764705882352941
0615300006,5.0,Soybean,0.4438040345821326
0615400004,1.0,Corn,0.9737654320987654
0620300002,1.0,Corn,0.954954954954955
0620300005,1.0,Corn,0.864963503649635
0620400004,1.0,Corn,0.9292035398230089
0620400014,5.0,Soybean,0.47634069400630913
0621301003,176.0,Other,0.7272727272727273
0621326002,5.0,Soybean,0.43037974683544306
0621351001,5.0,Soybean,0.8884297520661157
0621381001,111.0,Other,0.7333333333333333
0621400011,5.0,Soybean,0.5112634671890304
0622100009,5.0,Soybean,0.6878612716763006
0622100010,1.0,Corn,0.4772727272727273
0622100015,176.0,Other,0.7555555555555555
0622200014,5.0,Soybean,0.5010526315789474
0622200015,1.0,Corn,0.4847605224963715
0622400007,1.0,Corn,0.5321637426900585
0622400010,1.0,Corn,0.8119911176905995
0623100007,1.0,Corn,0.9824046920821115
0623100008,5.0,Soybean,0.5770750988142292
0623200011,5.0,Soybean,0.9305555555555556
0623300011,5.0,Soybean,0.5645161290322581
0623300013,1.0,Corn,0.49942196531791905
0623400007,1.0,Corn,0.9829059829059829
0624100006,1.0,Corn,0.9188405797101449
0624100007,1.0,Corn,0.988527724665392
0624200015,5.0,Soybean,0.945054945054945
0624200016,5.0,Soybean,0.971764705882353
0624300007,1.0,Corn,0.9886363636363636
0624300010,1.0,Corn,0.9532163742690059
0624400005,1.0,Corn,0.9251101321585903
0625100001,5.0,Soybean,0.9551820728291317
0625100002,5.0,Soybean,0.9801136363636364
0625200004,5.0,Soybean,0.509469696969697
0625200006,1.0,Corn,0.9578313253012049
0625300007,5.0,Soybean,0.5763993948562783
0625400013,1.0,Corn,0.9565217391304348
0625400015,1.0,Corn,0.9841772151898734
0626100016,5.0,Soybean,0.4948604992657856
0626200004,1.0,Corn,0.9941860465116279
0626200006,1.0,Corn,0.9864603481624759
0626300005,5.0,Soybean,0.4186046511627907
0626300007,5.0,Soybean,0.9841521394611727
0626400007,5.0,Soybean,0.5191424196018377
0627100006,5.0,Soybean,0.5539772727272727
0627200008,5.0,Soybean,0.9661654135338346
0627200009,1.0,Corn,0.7439024390243902
0627300008,1.0,Corn,0.9769452449567724
0627300010,1.0,Corn,0.49707602339181284
0627400003,5.0,Soybean,0.49693251533742333
0627400012,1.0,Corn,0.4973544973544973
0627400013,5.0,Soybean,0.793939393939394
0628101001,1.0,Corn,0.9601139601139601
0628128015,176.0,Other,0.6375
0628177001,1.0,Corn,0.9637377963737797
0628200011,1.0,Corn,0.5658914728682171
0628200012,1.0,Corn,1.0
0628301002,5.0,Soybean,0.6615384615384615
0628301013,176.0,Other,0.7833333333333333
0628351005,5.0,Soybean,0.9887640449438202
0628351006,5.0,Soybean,0.9506172839506173
0628376007,5.0,Soybean,0.6168831168831169
0628400002,1.0,Corn,0.9606741573033708
0628400004,1.0,Corn,0.9754601226993865
0629200008,1.0,Corn,0.7079107505070994
0629300006,5.0,Soybean,0.9489795918367347
0629300007,1.0,Corn,0.9890243902439024
0629400002,5.0,Soybean,0.7811634349030471
0630300003,5.0,Soybean,0.9936305732484076
0630300005,1.0,Corn,0.7528089887640449
0630400006,1.0,Corn,0.9838709677419355
0630400007,1.0,Corn,0.9811320754716981
0631100001,5.0,Soybean,0.5171717171717172
0631200009,5.0,Soybean,0.884393063583815
0631200010,36.0,Other,0.5945945945945946
0631200013,5.0,Soybean,0.8192307692307692
0631300003,5.0,Soybean,0.8212180746561886
0631400009,1.0,Corn,0.9817629179331308
0631400010,5.0,Soybean,0.7520325203252033
0632101001,5.0,Soybean,0.6646341463414634
0632153001,1.0,Corn,0.9015151515151515
0632226011,5.0,Soybean,0.9510086455331412
0632376003,1.0,Corn,0.854251012145749
0632400012,1.0,Corn,0.9194029850746268
0632451001,1.0,Corn,0.9
0633100003,1.0,Corn,0.9325513196480938
0633100006,5.0,Soybean,0.9097222222222222
0633100007,5.0,Soybean,0.4943181818181818
0633200005,5.0,Soybean,0.825
0633200006,176.0,Other,0.717391304347826
0633200007,176.0,Other,0.896551724137931
0633200008,176.0,Other,0.8958333333333334
0633200009,1.0,Corn,0.5961538461538461
0633200017,176.0,Other,0.9591836734693877
0633300009,5.0,Soybean,0.954954954954955
0633300010,5.0,Soybean,0.5202231520223152
0633400009,1.0,Corn,0.797244094488189
0634100012,1.0,Corn,0.5586206896551724
0634100014,176.0,Other,0.6071428571428571
0634200007,5.0,Soybean,0.9720853858784894
0634300008,1.0,Corn,0.9111111111111111
0634300011,5.0,Soybean,0.66
0634400007,5.0,Soybean,0.9625
0635100006,5.0,Soybean,0.9751461988304093
0635200011,1.0,Corn,0.963855421686747
0635200012,1.0,Corn,0.9759036144578314
0635200014,5.0,Soybean,0.5058139534883721
0635300010,5.0,Soybean,0.9619883040935673
0635400008,1.0,Corn,0.967741935483871
0636100005,24.0,Other,0.9548192771084337
0636100006,1.0,Corn,0.9863945578231292
0636200013,5.0,Soybean,0.9310344827586207
0636300007,5.0,Soybean,0.602322206095791
0636400007,5.0,Soybean,0.5120274914089347
0636400008,123.0,Other,0.2619047619047619
0636400010,5.0,Soybean,0.9856733524355301
0701100002,176.0,Other,0.6719367588932806
0701100007,176.0,Other,0.8951048951048951
0701100009,176.0,Other,0.4918032786885246
0701226002,1.0,Corn,0.9477611940298507
0701226003,1.0,Corn,0.5460992907801419
0701251005,111.0,Other,0.3622704507512521
0701301007,5.0,Soybean,0.9543859649122807
0701351001,5.0,Soybean,0.8795180722891566
0701401002,111.0,Other,0.6947040498442367
0702100001,176.0,Other,0.525974025974026
0702100011,141.0,Other,0.6944444444444444
0702100013,141.0,Other,0.937007874015748
0702100018,141.0,Other,0.9541984732824428
0702100032,141.0,Other,0.782608695652174
0702200004,141.0,Other,0.8426966292134831
0702200010,176.0,Other,0.5431034482758621
0702200012,1.0,Corn,0.8913043478260869
0702200013,141.0,Other,0.4322033898305085
0702300001,1.0,Corn,0.4715909090909091
0702300002,1.0,Corn,0.6814404432132964
0702400001,1.0,Corn,0.28776978417266186
0703100008,176.0,Other,0.4357682619647355
0703100009,141.0,Other,0.369727047146402
0703200003,141.0,Other,0.765625
0703200015,141.0,Other,0.5425531914893617
0703200018,176.0,Other,0.5463917525773195
0703200019,176.0,Other,0.6157894736842106
0703300004,141.0,Other,0.3902439024390244
0703300007,141.0,Other,0.7297297297297297
0703300010,176.0,Other,0.574468085106383
0703300011,1.0,Corn,0.8359375
0703400007,1.0,Corn,0.9213483146067416
0703400011,5.0,Soybean,0.9162210338680927
0704100012,176.0,Other,0.5283018867924528
0704100016,176.0,Other,0.4662576687116564
0704100017,141.0,Other,0.9080459770114943
0704201001,141.0,Other,0.7727272727272727
0704201003,141.0,Other,0.6715328467153284
0704201004,176.0,Other,0.6153846153846154
0704201015,176.0,Other,0.6904761904761905
0704226015,141.0,Other,0.5128205128205128
0704277013,176.0,Other,0.4567901234567901
0704326003,141.0,Other,0.6295546558704453
0704351005,36.0,Other,0.5447154471544715
0704400005,5.0,Soybean,0.8847262247838616
0704400006,36.0,Other,0.6818181818181818
0704400010,36.0,Other,0.4807692307692308
0704400011,1.0,Corn,0.9534883720930233
0705100001,176.0,Other,0.7777777777777778
0705100002,141.0,Other,0.6798245614035088
0705200005,141.0,Other,0.9888888888888889
0705200010,176.0,Other,0.6519721577726219
0705276001,176.0,Other,0.6744186046511628
0705300002,176.0,Other,0.6623376623376623
0705300008,5.0,Soybean,0.9
0705300009,176.0,Other,0.34
0705300010,121.0,Other,0.6419753086419753
0705400008,5.0,Soybean,0.4050632911392405
0706100005,141.0,Other,0.6046511627906976
0706100010,176.0,Other,0.6728971962616822
0706100011,5.0,Soybean,0.5103092783505154
0706200003,141.0,Other,0.2920353982300885
0706200005,5.0,Soybean,0.8472727272727273
0706201001,141.0,Other,0.5588235294117647
0706300002,111.0,Other,0.3989071038251366
0706300015,141.0,Other,0.5454545454545454
0706300016,141.0,Other,0.5285714285714286
0706300017,141.0,Other,0.7313432835820896
0706300021,141.0,Other,0.673469387755102
0706300026,141.0,Other,0.4225352112676056
0706300028,176.0,Other,0.813953488372093
0706300031,141.0,Other,0.6627218934911243
0706400003,176.0,Other,0.44565217391304346
0706400006,141.0,Other,0.5080645161290323
0707100005,111.0,Other,0.4041660189647132
0707200004,1.0,Corn,0.6545454545454545
0708100002,1.0,Corn,0.952
0708100003,1.0,Corn,0.956989247311828
0708100004,1.0,Corn,0.989247311827957
0708200002,1.0,Corn,0.8618421052631579
0708200003,1.0,Corn,0.9295212765957447
0708300002,5.0,Soybean,0.5838150289017341
0708400001,1.0,Corn,0.9672131147540983
0708400002,1.0,Corn,0.5079365079365079
0709100002,1.0,Corn,0.971875
0709100003,5.0,Soybean,0.9820359281437125
0709100010,1.0,Corn,0.5178571428571429
0709200001,5.0,Soybean,0.5
0709200005,1.0,Corn,0.9460227272727273
0709300001,5.0,Soybean,0.9627507163323782
0709400007,1.0,Corn,0.49122807017543857
0709400008,5.0,Soybean,0.9436619718309859
0710100004,5.0,Soybean,0.4993234100135318
0710200005,5.0,Soybean,0.9724896836313618
0710300001,5.0,Soybean,0.9859154929577465
0710400001,1.0,Corn,0.9457111834961998
0711100002,1.0,Corn,0.9191374663072777
0711200003,5.0,Soybean,0.37777777777777777
0711200004,5.0,Soybean,0.612094395280236
0711300006,5.0,Soybean,0.4945205479452055
0711300007,1.0,Corn,0.938375350140056
0711400001,1.0,Corn,0.9325153374233128
0711400004,5.0,Soybean,0.978494623655914
0712101002,5.0,Soybean,0.9797979797979798
0712101003,5.0,Soybean,0.934010152284264
0712126012,141.0,Other,0.7872340425531915
0712226003,111.0,Other,0.41481882098431583
0712276001,141.0,Other,0.4233576642335766
0712351001,5.0,Soybean,0.9943502824858758
0712376001,5.0,Soybean,0.6931818181818182
0712400003,1.0,Corn,0.8645833333333334
0712400005,5.0,Soybean,0.9516616314199395
0713100002,1.0,Corn,0.5534351145038168
0713200004,5.0,Soybean,0.9555555555555556
0713200005,5.0,Soybean,0.9375
0713300007,1.0,Corn,0.9700598802395209
0713300009,5.0,Soybean,0.4851190476190476
0713300010,1.0,Corn,0.8108108108108109
0713400007,5.0,Soybean,0.9512195121951219
0713400010,176.0,Other,0.8823529411764706
0713400011,1.0,Corn,0.9305555555555556
0713400012,1.0,Corn,0.8523206751054853
0713400013,1.0,Corn,0.9794520547945206
0714100001,1.0,Corn,0.9540229885057471
0714100003,5.0,Soybean,0.9565217391304348
0714100004,5.0,Soybean,0.9266409266409267
0714200004,1.0,Corn,0.6227477477477478
0714300005,1.0,Corn,0.9596541786743515
0714300008,1.0,Corn,0.4755043227665706
0714400010,1.0,Corn,0.6419400855920114
0715100005,1.0,Corn,0.981994459833795
0715200009,5.0,Soybean,0.9784172661870504
0715200010,1.0,Corn,0.6984478935698448
0715300001,5.0,Soybean,1.0
0715300004,5.0,Soybean,0.989010989010989
0715300005,5.0,Soybean,0.967741935483871
0715300006,5.0,Soybean,0.8064516129032258
0715400001,5.0,Soybean,0.9837837837837838
0715400003,5.0,Soybean,0.9739884393063584
0716100005,5.0,Soybean,0.9784615384615385
0716100008,5.0,Soybean,0.9766355140186916
0716100009,1.0,Corn,0.8461538461538461
0716100015,1.0,Corn,1.0
0716200002,1.0,Corn,0.9444444444444444
0716200003,1.0,Corn,0.9761194029850746
0716300001,5.0,Soybean,0.99079754601227
0716300004,5.0,Soybean,0.4964788732394366
0716400001,1.0,Corn,0.9473684210526315
0716400003,1.0,Corn,0.9143730886850153
0716400004,5.0,Soybean,0.9723756906077348
0717100002,5.0,Soybean,0.5871313672922251
0717200001,5.0,Soybean,0.9827586206896551
0717200004,5.0,Soybean,0.9887005649717514
0717200005,5.0,Soybean,0.9418604651162791
0717300002,1.0,Corn,0.7402597402597403
0717400001,1.0,Corn,0.601123595505618
0717400002,5.0,Soybean,0.7580645161290323
0718152007,176.0,Other,0.7370689655172413
0718326002,1.0,Corn,0.9361702127659575
0718351001,1.0,Corn,0.9613259668508287
0718376002,1.0,Corn,0.8846153846153846
0719100001,1.0,Corn,0.9897959183673469
0719100003,1.0,Corn,0.9052924791086351
0719100006,1.0,Corn,0.9586374695863747
0719200008,5.0,Soybean,0.9848484848484849
0719300004,1.0,Corn,1.0
0719300008,1.0,Corn,0.532399299474606
0719400003,5.0,Soybean,0.7385057471264368
0720100005,1.0,Corn,0.8071428571428572
0720200001,5.0,Soybean,0.96045197740113
0720200002,141.0,Other,0.7469879518072289
0720200008,5.0,Soybean,0.8
0720200009,5.0,Soybean,0.952
0720200010,5.0,Soybean,0.7547169811320755
0720300005,5.0,Soybean,0.4624113475177305
0720400001,176.0,Other,0.5871056241426612
0721100001,5.0,Soybean,0.9774436090225563
0721100006,1.0,Corn,0.7739307535641547
0721200003,5.0,Soybean,0.4606741573033708
0721200010,5.0,Soybean,0.9552845528455285
0721200011,5.0,Soybean,0.9235668789808917
0721351001,5.0,Soybean,0.5714285714285714
0721376017,5.0,Soybean,0.5673076923076923
0721403006,5.0,Soybean,0.6447368421052632
0722100001,5.0,Soybean,0.4752475247524752
0722100003,5.0,Soybean,0.9808743169398907
0722200005,1.0,Corn,0.9508196721311475
0722200006,1.0,Corn,0.968421052631579
0722200007,1.0,Corn,0.478494623655914
0722300009,5.0,Soybean,0.965625
0722400005,5.0,Soybean,0.5065176908752328
0723100002,176.0,Other,0.4791666666666667
0723100004,1.0,Corn,0.9822485207100592
0723100005,1.0,Corn,0.9797101449275363
0723200001,5.0,Soybean,0.5596590909090909
0723200003,5.0,Soybean,0.7431693989071039
0723200004,5.0,Soybean,0.7840909090909091
0723300003,5.0,Soybean,0.9641791044776119
0723300007,5.0,Soybean,0.9857954545454546
0723400008,1.0,Corn,0.9801699716713881
0723400011,1.0,Corn,0.9668508287292817
0723400012,1.0,Corn,0.9884393063583815
0724100001,5.0,Soybean,0.5162659123055162
0724200006,5.0,Soybean,0.4972144846796657
0724300004,1.0,Corn,0.8148148148148148
0724300014,1.0,Corn,0.7561728395061729
0724300015,5.0,Soybean,0.6319218241042345
0724400001,1.0,Corn,0.9972067039106145
0724400003,1.0,Corn,0.5864022662889519
0725100003,5.0,Soybean,0.7067901234567902
0725100005,1.0,Corn,0.9736842105263158
0725200015,5.0,Soybean,0.9780701754385965
0725300003,5.0,Soybean,0.49343065693430654
0725400003,5.0,Soybean,0.49714285714285716
0726100001,5.0,Soybean,0.7186629526462396
0726200006,1.0,Corn,1.0
0726200008,1.0,Corn,0.9719101123595506
0726200009,1.0,Corn,0.9739583333333334
0726200011,1.0,Corn,0.9884393063583815
0726300001,1.0,Corn,0.9636871508379888
0726400001,5.0,Soybean,0.9890710382513661
0726400007,5.0,Soybean,0.8288288288288288
0726400008,1.0,Corn,0.5821596244131455
0727100001,5.0,Soybean,0.9783950617283951
0727100002,5.0,Soybean,1.0
0727176001,1.0,Corn,0.8604651162790697
0727200005,5.0,Soybean,0.589041095890411
0727200008,5.0,Soybean,0.993006993006993
0727200010,1.0,Corn,0.9861878453038674
0727300003,5.0,Soybean,0.5375170532060027
0727400002,5.0,Soybean,0.981081081081081
0727400004,1.0,Corn,0.8559556786703602
0728100009,1.0,Corn,0.4956521739130435
0728100025,1.0,Corn,0.9587628865979382
0728300006,5.0,Soybean,0.8766066838046273
0728400017,1.0,Corn,0.9555555555555556
0728400024,1.0,Corn,0.9588235294117647
0729100002,1.0,Corn,0.5078947368421053
0729200004,5.0,Soybean,0.5034722222222222
0729300001,1.0,Corn,0.9769647696476965
0729400005,1.0,Corn,0.9476923076923077
0730100001,1.0,Corn,0.5751503006012024
0730100006,5.0,Soybean,0.9808743169398907
0730200005,5.0,Soybean,0.9945652173913043
0730200006,1.0,Corn,0.6491228070175439
0730200010,5.0,Soybean,0.453416149068323
0730300002,5.0,Soybean,0.9883040935672515
0730300005,5.0,Soybean,0.9738751814223512
0730400007,5.0,Soybean,0.9730496453900709
0731100008,1.0,Corn,0.9524940617577197
0731100011,5.0,Soybean,0.59846547314578
0731200001,5.0,Soybean,0.9615384615384616
0731200002,1.0,Corn,0.9390243902439024
0731300008,1.0,Corn,0.9796610169491525
0731300010,1.0,Corn,1.0
0731400007,1.0,Corn,0.8888888888888888
0731400014,1.0,Corn,0.899390243902439
0731400015,5.0,Soybean,0.8685446009389671
0732100002,5.0,Soybean,0.6671195652173914
0732200001,1.0,Corn,0.8725761772853186
0732200002,1.0,Corn,0.9318885448916409
0732300008,5.0,Soybean,0.9588785046728971
0732400012,1.0,Corn,0.9382940108892922
0733100003,5.0,Soybean,0.566622691292876
0733200011,5.0,Soybean,0.9216494845360824
0733400003,1.0,Corn,0.5221354166666666
0734100001,5.0,Soybean,0.4945205479452055
0734200001,1.0,Corn,0.6075778078484438
0734300001,5.0,Soybean,0.9194444444444444
0734300002,5.0,Soybean,0.5187319884726225
0734400001,5.0,Soybean,0.6295264623955432
0734400002,1.0,Corn,0.9595375722543352
0735100001,5.0,Soybean,0.9587912087912088
0735100003,1.0,Corn,0.9892280071813285
0735200001,5.0,Soybean,0.7640449438202247
0735200002,5.0,Soybean,0.9740740740740741
0735200007,1.0,Corn,0.9419889502762431
0735300005,5.0,Soybean,0.5199203187250996
0735400001,1.0,Corn,0.4930167597765363
0736100003,5.0,Soybean,0.48797736916548795
0736200004,1.0,Corn,0.9695712309820194
0736300001,5.0,Soybean,0.824438202247191
0736400003,5.0,Soybean,0.9689265536723164
0736400004,1.0,Corn,0.956989247311828
0736400005,1.0,Corn,0.9398907103825137
0801100008,5.0,Soybean,0.9820627802690582
0801100009,1.0,Corn,0.9885974914481186
0801100010,5.0,Soybean,0.5300668151447662
0801200001,1.0,Corn,0.5021691973969631
0801400004,5.0,Soybean,0.9767441860465116
0801400005,5.0,Soybean,0.6785714285714286
0801400007,5.0,Soybean,0.5397796817625459
0802100008,5.0,Soybean,0.8068181818181818
0802100009,5.0,Soybean,0.9779005524861878
0802100015,5.0,Soybean,0.9702380952380952
0802100016,1.0,Corn,0.5947712418300654
0802200010,5.0,Soybean,1.0
0802300002,5.0,Soybean,0.9659090909090909
0802326006,176.0,Other,0.4222222222222222
0802326007,36.0,Other,0.5934579439252337
0802352001,122.0,Other,0.45652173913043476
0802400003,5.0,Soybean,0.9723756906077348
0802400004,5.0,Soybean,0.9828571428571429
0803100020,176.0,Other,0.4696969696969697
0803100026,141.0,Other,0.42857142857142855
0803100027,1.0,Corn,0.9485530546623794
0803200004,176.0,Other,0.4222222222222222
0803200005,176.0,Other,0.9024390243902439
0803200016,1.0,Corn,0.961038961038961
0803200017,176.0,Other,0.4915254237288136
0803200018,5.0,Soybean,0.9547325102880658
0803200021,5.0,Soybean,0.973404255319149
0803200023,1.0,Corn,0.6701030927835051
0803200024,176.0,Other,0.45879732739420936
0803300004,176.0,Other,0.3830570902394107
0803300005,1.0,Corn,0.7289719626168224
0803300006,176.0,Other,0.7333333333333333
0803352001,176.0,Other,0.68
0803376001,176.0,Other,0.31645569620253167
0803377002,176.0,Other,0.6086956521739131
0803401002,5.0,Soybean,0.8
0803426004,5.0,Soybean,0.9603960396039604
0803451001,5.0,Soybean,0.9193548387096774
0803451003,5.0,Soybean,0.8099173553719008
0804100003,1.0,Corn,0.9378531073446328
0804100013,5.0,Soybean,0.7126436781609196
0804100017,141.0,Other,0.8949416342412452
0804100018,141.0,Other,0.93042071197411
0804200001,1.0,Corn,0.9608938547486033
0804200007,1.0,Corn,0.8295454545454546
0804200008,1.0,Corn,0.6666666666666666
0804200011,1.0,Corn,1.0
0804300005,121.0,Other,0.6222222222222222
0804300011,5.0,Soybean,0.9487179487179487
0804400010,141.0,Other,0.9315068493150684
0804400011,141.0,Other,0.46638655462184875
0805100002,176.0,Other,0.3103448275862069
0805100004,1.0,Corn,0.6428571428571429
0805200011,141.0,Other,0.745136186770428
0805300002,1.0,Corn,0.9053254437869822
0805300009,1.0,Corn,0.9704142011834319
0805300011,5.0,Soybean,0.45985401459854014
0805300012,1.0,Corn,0.5198675496688742
0805400005,5.0,Soybean,0.9574468085106383
0806101001,1.0,Corn,0.9874213836477987
0806101002,1.0,Corn,0.9775280898876404
0806126001,1.0,Corn,0.9457831325301205
0806126005,176.0,Other,0.6981132075471698
0806153012,176.0,Other,0.8679245283018868
0806176003,1.0,Corn,0.9261083743842364
0806200005,1.0,Corn,0.9772727272727273
0806200008,176.0,Other,0.7610921501706485
0806200010,1.0,Corn,0.5861650485436893
0806304003,111.0,Other,0.3962765957446808
0806305001,1.0,Corn,0.8402061855670103
0806326004,141.0,Other,0.8041237113402062
0806326005,141.0,Other,0.6666666666666666
0806400002,141.0,Other,0.9615384615384616
0806400003,1.0,Corn,0.9347826086956522
0806400004,5.0,Soybean,0.975
0806400005,5.0,Soybean,0.9508196721311475
0806400011,141.0,Other,0.9468085106382979
0807101001,141.0,Other,0.5837837837837838
0807200001,5.0,Soybean,0.9622641509433962
0807200002,5.0,Soybean,0.8971428571428571
0807200003,5.0,Soybean,0.9214285714285714
0807200004,121.0,Other,0.5947368421052631
0807200005,5.0,Soybean,0.9795918367346939
0807300007,121.0,Other,0.746031746031746
0807300012,141.0,Other,0.6331360946745562
0807300015,111.0,Other,0.5076370170709793
0807300017,5.0,Soybean,0.8863636363636364
0808200002,5.0,Soybean,0.9975550122249389
0808200004,1.0,Corn,0.5047923322683706
0808200005,1.0,Corn,0.8146964856230032
0808300001,5.0,Soybean,0.737062937062937
0808300002,1.0,Corn,0.789865871833085
0809100001,,,
0809100003,5.0,Soybean,0.9810725552050473
0809100004,1.0,Corn,0.9528301886792453
0809100005,1.0,Corn,0.9948186528497409
0809200003,5.0,Soybean,0.9294117647058824
0809200004,1.0,Corn,0.9024179620034543
0809300001,5.0,Soybean,1.0
0809400001,5.0,Soybean,0.988950276243094
0810100008,176.0,Other,0.6046511627906976
0810100010,5.0,Soybean,0.504225352112676
0810100011,176.0,Other,0.5882352941176471
0810200014,176.0,Other,0.7124183006535948
0810200023,176.0,Other,0.625
0810200025,176.0,Other,0.8134328358208955
0810400002,5.0,Soybean,0.5243128964059197
0810400008,176.0,Other,0.6611570247933884
0810400013,176.0,Other,0.37777777777777777
0810400015,1.0,Corn,0.949748743718593
0810400016,176.0,Other,0.9807692307692307
0811100003,141.0,Other,0.5952380952380952
0811100021,176.0,Other,0.8828125
0811100023,176.0,Other,0.8023255813953488
0811100028,141.0,Other,0.7045454545454546
0811100029,141.0,Other,0.6705426356589147
0811200008,1.0,Corn,0.8571428571428571
0811200015,141.0,Other,0.4576271186440678
0811200017,1.0,Corn,0.9641791044776119
0811300004,141.0,Other,0.8961038961038961
0811300007,1.0,Corn,0.4246575342465753
0811400027,141.0,Other,0.8222222222222222
0811400028,141.0,Other,0.4236453201970443
0811400036,176.0,Other,0.6220472440944882
0812100003,5.0,Soybean,0.6920026437541309
0812200004,176.0,Other,0.40816326530612246
0812200008,1.0,Corn,0.8085106382978723
0812200009,176.0,Other,0.8792756539235412
0812300001,5.0,Soybean,0.5515463917525774
0812400005,1.0,Corn,0.9143835616438356
0812400008,176.0,Other,0.5588235294117647
0813100002,1.0,Corn,0.46258503401360546
0813100003,121.0,Other,0.4316546762589928
0813100004,176.0,Other,0.5698630136986301
0813200004,141.0,Other,0.7413793103448276
0813200020,176.0,Other,0.7642105263157895
0813300001,1.0,Corn,0.9549763033175356
0813400008,1.0,Corn,0.9555555555555556
0814100002,1.0,Corn,0.7605321507760532
0814100003,1.0,Corn,0.6403269754768393
0814200004,1.0,Corn,0.8187919463087249
0814300001,1.0,Corn,0.6568047337278107
0814300002,5.0,Soybean,0.7560975609756098
0814300007,1.0,Corn,0.7743055555555556
0814400004,5.0,Soybean,0.9368029739776952
0815100002,5.0,Soybean,0.4690458849235251
0815200003,1.0,Corn,0.9393939393939394
0816100005,1.0,Corn,0.9519650655021834
0816100006,1.0,Corn,1.0
0816200002,1.0,Corn,0.9902067464635473
0816300005,5.0,Soybean,0.9917355371900827
0816300006,5.0,Soybean,1.0
0816300007,5.0,Soybean,1.0
0816400004,5.0,Soybean,1.0
0816400007,5.0,Soybean,0.9833333333333333
0817100003,1.0,Corn,0.9436619718309859
0817200001,1.0,Corn,0.9945054945054945
0817200008,5.0,Soybean,1.0
0817300004,176.0,Other,0.9885057471264368
0817300006,176.0,Other,0.810126582278481
0817300011,5.0,Soybean,0.6192959582790091
0817400006,5.0,Soybean,1.0
0817400007,1.0,Corn,1.0
0817400008,1.0,Corn,0.991869918699187
0818100021,1.0,Corn,0.8734177215189873
0818100029,141.0,Other,0.5457413249211357
0818200012,1.0,Corn,0.5398009950248757
0818300007,5.0,Soybean,0.9621451104100947
0818300010,176.0,Other,0.6515151515151515
0818300012,176.0,Other,0.825
0818300013,1.0,Corn,0.9363057324840764
0818300014,5.0,Soybean,0.9867549668874173
0818400001,176.0,Other,0.8492063492063492
0818400007,5.0,Soybean,0.458
0819100003,1.0,Corn,0.6208112874779541
0819100006,176.0,Other,0.45409429280397023
0819300004,5.0,Soybean,0.9595375722543352
0819300006,5.0,Soybean,1.0
0819300007,1.0,Corn,0.5825932504440497
0819400002,1.0,Corn,0.9828571428571429
0819400004,5.0,Soybean,0.9296296296296296
0819400005,5.0,Soybean,0.5630252100840336
0820100002,176.0,Other,0.45180722891566266
0820100014,1.0,Corn,0.5288683602771362
0820100015,5.0,Soybean,0.3821656050955414
0820200002,1.0,Corn,0.9792843691148776
0820200004,1.0,Corn,1.0
0820200005,1.0,Corn,0.9767441860465116
0820300001,1.0,Corn,0.75
0820300004,5.0,Soybean,0.3465346534653465
0820300006,1.0,Corn,0.4523809523809524
0820300008,5.0,Soybean,0.9545454545454546
0820400005,5.0,Soybean,0.9188034188034188
0820400006,5.0,Soybean,0.9913793103448276
0820400007,5.0,Soybean,0.8728070175438597
0821100001,5.0,Soybean,0.9889807162534435
0821100002,1.0,Corn,0.9750692520775623
0821200003,5.0,Soybean,0.9885714285714285
0821200004,5.0,Soybean,0.949438202247191
0821200005,1.0,Corn,0.8979591836734694
0821200006,1.0,Corn,0.9847328244274809
0821300005,5.0,Soybean,0.9230769230769231
0821300006,5.0,Soybean,0.96
0821300007,1.0,Corn,0.9364896073903002
0821400003,1.0,Corn,0.9325842696629213
0821400008,5.0,Soybean,0.9456521739130435
0821400009,5.0,Soybean,0.9382716049382716
0822100005,1.0,Corn,0.9380530973451328
0822100006,5.0,Soybean,0.9644444444444444
0822200003,5.0,Soybean,0.9607843137254902
0822200004,176.0,Other,0.5662650602409639
0822200005,1.0,Corn,0.9891304347826086
0822300002,1.0,Corn,0.662870159453303
0822300005,5.0,Soybean,0.9236363636363636
0822400004,5.0,Soybean,0.9393939393939394
0822400005,5.0,Soybean,0.5188679245283019
0822400010,5.0,Soybean,1.0
0823100007,5.0,Soybean,0.7231121281464531
0823200002,1.0,Corn,0.9283276450511946
0823200004,1.0,Corn,0.8444070647603028
0823300010,176.0,Other,0.9045936395759717
0823400006,1.0,Corn,0.8804071246819338
0824100001,1.0,Corn,1.0
0824200002,5.0,Soybean,0.7311827956989247
0824200004,5.0,Soybean,0.6913002806361085
0824300008,1.0,Corn,0.8040293040293041
0824400001,1.0,Corn,0.9781879194630873
0825100002,1.0,Corn,0.6129525752167262
0825200007,1.0,Corn,0.9606741573033708
0825200009,1.0,Corn,0.9371428571428572
0825200011,1.0,Corn,0.9944341372912802
0825200012,1.0,Corn,0.8756756756756757
0825400001,1.0,Corn,0.9972144846796658
0826100009,1.0,Corn,0.8508997429305912
0826200003,1.0,Corn,0.5125628140703518
0826200004,1.0,Corn,0.520618556701031
0826200006,1.0,Corn,0.7297921478060047
0826300003,1.0,Corn,1.0
0826300004,1.0,Corn,0.7045454545454546
0826400002,176.0,Other,0.31888111888111886
0826400003,36.0,Other,0.22527472527472528
0827100001,5.0,Soybean,0.9849056603773585
0827100004,1.0,Corn,1.0
0827100005,1.0,Corn,0.9651162790697675
0827100006,5.0,Soybean,0.4985835694050991
0827200004,5.0,Soybean,0.8454746136865342
0827300006,1.0,Corn,0.9469026548672567
0827400001,1.0,Corn,0.8744186046511628
0827400005,5.0,Soybean,0.9824561403508771
0827400006,5.0,Soybean,0.8928571428571429
0828100002,5.0,Soybean,0.5732217573221757
0828200001,1.0,Corn,0.7728937728937729
0828300006,24.0,Other,0.9853479853479854
0828300007,176.0,Other,0.543859649122807
0828400004,24.0,Other,0.9650735294117647
0829100029,141.0,Other,0.5918367346938775
0829200021,1.0,Corn,0.7829181494661922
0829200022,5.0,Soybean,0.9657794676806084
0829201002,176.0,Other,0.8225806451612904
0829300011,1.0,Corn,0.5652173913043478
0829302013,141.0,Other,0.7699115044247787
0829327012,141.0,Other,0.85
0829400006,141.0,Other,0.8809523809523809
0829400007,1.0,Corn,0.5647058823529412
0829400021,5.0,Soybean,0.7156862745098039
0829400022,1.0,Corn,0.7517482517482518
0830100002,1.0,Corn,0.9811912225705329
0830100006,5.0,Soybean,0.9835728952772074
0830200002,5.0,Soybean,0.9776951672862454
0830200003,5.0,Soybean,0.9741518578352181
0830300003,5.0,Soybean,0.9857142857142858
0830300005,5.0,Soybean,0.48559670781893005
0830300006,5.0,Soybean,0.5170603674540682
0830400004,1.0,Corn,0.9090909090909091
0830400006,1.0,Corn,0.927007299270073
0830400007,5.0,Soybean,0.9661016949152542
0831100005,5.0,Soybean,0.5176056338028169
0831200010,5.0,Soybean,0.96875
0831200012,5.0,Soybean,0.9484808454425363
0831200013,5.0,Soybean,0.8692307692307693
0831300001,5.0,Soybean,0.9664536741214057
0831400005,5.0,Soybean,0.4818007662835249
0832100004,1.0,Corn,0.8467289719626169
0832200005,5.0,Soybean,0.9730250481695568
0832200006,176.0,Other,0.3780821917808219
0832300008,1.0,Corn,0.9803328290468987
0832400010,5.0,Soybean,0.9682539682539683
0832400028,5.0,Soybean,0.9583333333333334
0833100005,176.0,Other,0.9621212121212122
0833100006,1.0,Corn,0.9660377358490566
0833200002,1.0,Corn,0.8745762711864407
0833300017,1.0,Corn,0.496551724137931
0833300018,1.0,Corn,0.6224489795918368
0833400001,5.0,Soybean,0.5046875
0833400002,176.0,Other,0.9864864864864865
0834100006,5.0,Soybean,0.9511533242876526
0834200005,1.0,Corn,0.9826589595375722
0834200011,1.0,Corn,0.952054794520548
0834200012,1.0,Corn,1.0
0834300003,1.0,Corn,0.9411764705882353
0834300005,1.0,Corn,0.947075208913649
0834400021,1.0,Corn,0.9741007194244604
0835100002,1.0,Corn,0.5921787709497207
0835100004,5.0,Soybean,0.9914651493598862
0835200001,5.0,Soybean,0.9915492957746479
0835200002,5.0,Soybean,0.9862258953168044
0835300002,1.0,Corn,0.9707602339181286
0835400003,1.0,Corn,0.952
0835400007,1.0,Corn,0.9495798319327731
0836200003,5.0,Soybean,0.989247311827957
0836200006,5.0,Soybean,1.0
0836300008,5.0,Soybean,0.9811629811629812
0836400003,5.0,Soybean,0.9902370990237099
0901100003,5.0,Soybean,1.0
0901100004,5.0,Soybean,1.0
0901100007,1.0,Corn,0.9822485207100592
0901100014,5.0,Soybean,0.5006839945280438
0901200006,5.0,Soybean,0.8505747126436781
0901200008,5.0,Soybean,1.0
0901200009,5.0,Soybean,0.9830508474576272
0901200010,5.0,Soybean,0.9814323607427056
0901200012,5.0,Soybean,0.9872727272727273
0901300005,1.0,Corn,0.9598853868194842
0901300006,1.0,Corn,0.9303370786516854
0901400001,1.0,Corn,0.9559228650137741
0901400002,5.0,Soybean,0.9686609686609686
0902100002,1.0,Corn,0.9771428571428571
0902100018,1.0,Corn,1.0
0902100019,1.0,Corn,0.9923076923076923
0902100020,1.0,Corn,0.9803328290468987
0902100021,1.0,Corn,0.9794871794871794
0902200001,5.0,Soybean,0.9530026109660574
0902200003,5.0,Soybean,0.9814814814814815
0902200005,1.0,Corn,0.9592592592592593
0902200007,1.0,Corn,0.9728260869565217
0902200008,5.0,Soybean,0.9666666666666667
0902200016,1.0,Corn,0.97265625
0902300002,5.0,Soybean,0.9861878453038674
0902300003,1.0,Corn,0.9517045454545454
0902400002,5.0,Soybean,0.514792899408284
0903100001,5.0,Soybean,0.9800853485064012
0903100003,5.0,Soybean,0.9834710743801653
0903100004,5.0,Soybean,0.9916897506925207
0903200001,1.0,Corn,0.967605633802817
0903200006,1.0,Corn,0.9807162534435262
0903300001,1.0,Corn,0.9691444600280504
0903400005,1.0,Corn,0.9868173258003766
0904200001,5.0,Soybean,0.983419689119171
0904300002,5.0,Soybean,0.989517819706499
0904400003,5.0,Soybean,0.4975369458128079
0905101001,1.0,Corn,0.5
0905101002,1.0,Corn,0.879245283018868
0905151002,5.0,Soybean,0.5120643431635389
0905176001,122.0,Other,0.32558139534883723
0905200001,176.0,Other,0.31451612903225806
0905200014,5.0,Soybean,0.9442567567567568
0905200015,5.0,Soybean,0.744421906693712
0905200016,5.0,Soybean,0.28846153846153844
0905200017,111.0,Other,0.4192139737991266
0905301003,1.0,Corn,0.9838709677419355
0905301004,5.0,Soybean,0.9850746268656716
0905301005,1.0,Corn,0.9473684210526315
0905376011,121.0,Other,0.46296296296296297
0905400002,123.0,Other,0.2222222222222222
0905400004,1.0,Corn,0.7406568516421291
0906100001,1.0,Corn,0.9861111111111112
0906100004,1.0,Corn,0.9724770642201835
0906100009,5.0,Soybean,0.9770642201834863
0906200009,1.0,Corn,0.8545081967213115
0906200010,5.0,Soybean,0.9095354523227384
0906200011,5.0,Soybean,0.9838709677419355
0906200012,5.0,Soybean,0.9940119760479041
0906300003,1.0,Corn,0.4349593495934959
0906300006,1.0,Corn,0.903485254691689
0906351001,122.0,Other,0.20967741935483872
0907100035,121.0,Other,0.9166666666666666
0907100050,5.0,Soybean,0.5043478260869565
0907100056,1.0,Corn,0.8431372549019608
0907100058,176.0,Other,0.7361963190184049
0907100063,1.0,Corn,0.8970588235294118
0907100067,176.0,Other,0.48214285714285715
0907100068,1.0,Corn,0.9433962264150944
0907100069,141.0,Other,0.5393258426966292
0907226010,1.0,Corn,0.816
0907301007,141.0,Other,0.8300653594771242
0907302001,141.0,Other,0.9166666666666666
0907351003,141.0,Other,0.6976744186046512
0907404001,1.0,Corn,0.42136498516320475
0907476001,1.0,Corn,0.9668674698795181
0908200001,1.0,Corn,0.9800332778702163
0908351009,1.0,Corn,0.7288135593220338
0908353012,5.0,Soybean,0.627906976744186
0908376005,1.0,Corn,0.8934426229508197
0908400017,1.0,Corn,0.9695431472081218
0908400018,1.0,Corn,0.9954954954954955
0908400019,5.0,Soybean,0.9444444444444444
0908400020,5.0,Soybean,1.0
0908400022,124.0,Other,0.3283582089552239
0908400023,1.0,Corn,0.9333333333333333
0909100017,1.0,Corn,1.0
0909100019,5.0,Soybean,0.4222222222222222
0909100020,1.0,Corn,0.9614035087719298
0909200004,1.0,Corn,0.971764705882353
0909200008,1.0,Corn,0.9808795411089866
0909300010,5.0,Soybean,0.9751552795031055
0909400011,5.0,Soybean,0.9873417721518988
0909400013,5.0,Soybean,0.9659090909090909
0909400015,5.0,Soybean,0.9210526315789473
0910100001,1.0,Corn,0.9746478873239437
0910100002,5.0,Soybean,0.9738805970149254
0910200002,1.0,Corn,0.8983050847457628
0910200006,5.0,Soybean,0.949438202247191
0910300002,1.0,Corn,0.9758522727272727
0910400001,1.0,Corn,0.988795518207283
0910400012,1.0,Corn,0.9578651685393258
0911100007,5.0,Soybean,0.97
0911200001,5.0,Soybean,0.9605633802816902
0911200002,5.0,Soybean,0.4956521739130435
0911300002,5.0,Soybean,0.9665738161559888
0911300007,5.0,Soybean,0.8173913043478261
0911400001,5.0,Soybean,0.963276836158192
0911400002,5.0,Soybean,0.9804469273743017
0912100004,1.0,Corn,0.9705882352941176
0912100007,5.0,Soybean,0.9713467048710601
0912200001,5.0,Soybean,0.9743589743589743
0912200002,5.0,Soybean,0.9886363636363636
0912200003,5.0,Soybean,0.9766536964980544
0912300003,5.0,Soybean,0.5542857142857143
0912400002,5.0,Soybean,0.9869565217391304
0913100016,5.0,Soybean,1.0
0913100017,1.0,Corn,0.9582366589327146
0913200011,5.0,Soybean,0.9868913857677902
0913300004,1.0,Corn,0.9064039408866995
0913300005,1.0,Corn,0.9933333333333333
0913300008,5.0,Soybean,0.5992990654205608
0913400002,1.0,Corn,0.9776536312849162
0914100002,5.0,Soybean,0.5021613832853026
0914300002,5.0,Soybean,0.4996400287976962
0915100001,1.0,Corn,0.9430199430199431
0915100005,1.0,Corn,0.51
0915200003,1.0,Corn,0.9518413597733711
0915300002,1.0,Corn,0.9665738161559888
0915400002,5.0,Soybean,0.6186915887850467
0916100001,5.0,Soybean,0.9768421052631578
0916200003,1.0,Corn,0.8026315789473685
0916200006,5.0,Soybean,0.9910112359550561
0916300006,5.0,Soybean,0.9910714285714286
0916300009,1.0,Corn,0.9744186046511628
0916400008,1.0,Corn,0.9808917197452229
0916400010,5.0,Soybean,0.7147058823529412
0916400011,1.0,Corn,0.9469387755102041
0917200005,1.0,Corn,0.6983857264231096
0917300007,5.0,Soybean,0.3021459227467811
0917400006,5.0,Soybean,0.9802955665024631
0917400007,5.0,Soybean,0.9333333333333333
0918100005,176.0,Other,0.7987012987012987
0918100009,141.0,Other,0.6666666666666666
0918100018,141.0,Other,0.6818181818181818
0918100020,1.0,Corn,0.8468468468468469
0918100024,176.0,Other,0.7731958762886598
0918200004,1.0,Corn,0.8076923076923077
0918200005,5.0,Soybean,0.6930022573363431
0918300012,1.0,Corn,0.9386401326699834
0918300020,1.0,Corn,0.9386189258312021
0918300021,176.0,Other,0.7878787878787878
0918300022,176.0,Other,0.7631578947368421
0918400004,1.0,Corn,0.5229759299781181
0919100001,5.0,Soybean,0.49340369393139843
0919100003,1.0,Corn,0.9661971830985916
0919100004,1.0,Corn,0.9943820224719101
0919200001,5.0,Soybean,0.8284023668639053
0919200002,5.0,Soybean,0.4222222222222222
0919200005,5.0,Soybean,0.8266666666666667
0919300002,5.0,Soybean,0.9887640449438202
0919300004,5.0,Soybean,0.9731182795698925
0919300005,5.0,Soybean,0.956989247311828
0919300011,5.0,Soybean,0.973384030418251
0919300012,5.0,Soybean,0.9518072289156626
0919400006,5.0,Soybean,0.9712643678160919
0920200004,1.0,Corn,0.879245283018868
0920200006,5.0,Soybean,0.3795454545454545
0920300001,1.0,Corn,0.9818181818181818
0920300002,1.0,Corn,0.9512195121951219
0920300007,5.0,Soybean,0.8936651583710408
0920400003,141.0,Other,0.8174603174603174
0920400007,176.0,Other,0.5061124694376528
0921100004,1.0,Corn,0.42342342342342343
0921100014,1.0,Corn,0.345679012345679
0921100017,5.0,Soybean,0.3432282003710575
0921251005,176.0,Other,0.38028169014084506
0921251006,176.0,Other,0.7294117647058823
0921286002,1.0,Corn,0.7266666666666667
0921300005,141.0,Other,0.5434782608695652
0921300024,141.0,Other,0.6
0921300027,141.0,Other,0.5277777777777778
0921300028,176.0,Other,0.55
0921300029,176.0,Other,0.7104072398190046
0921400011,1.0,Corn,0.5083333333333333
0921400018,1.0,Corn,0.8
0921400019,176.0,Other,0.595
0922100003,1.0,Corn,0.8743016759776536
0922200001,5.0,Soybean,0.9110251450676983
0922300008,5.0,Soybean,0.9122401847575058
0922300010,141.0,Other,0.7483443708609272
0922300011,1.0,Corn,0.9508196721311475
0922300016,141.0,Other,0.3959731543624161
0922400004,1.0,Corn,0.9548022598870056
0922400005,1.0,Corn,0.9307479224376731
0923100001,5.0,Soybean,1.0
0923100003,5.0,Soybean,0.9818181818181818
0923200005,1.0,Corn,0.9454545454545454
0923200006,5.0,Soybean,0.9874371859296482
0923200007,5.0,Soybean,0.8735632183908046
0923300001,5.0,Soybean,0.9805013927576601
0923400004,5.0,Soybean,0.728448275862069
0923400006,1.0,Corn,0.9584569732937686
0924100001,1.0,Corn,0.9588235294117647
0924100002,1.0,Corn,0.9702048417132216
0924200002,1.0,Corn,0.9805555555555555
0924200004,1.0,Corn,0.9692737430167597
0924300001,1.0,Corn,0.9055555555555556
0924300007,1.0,Corn,0.7420091324200914
0924400005,5.0,Soybean,0.9633802816901409
0925100003,1.0,Corn,0.9411764705882353
0925200006,1.0,Corn,0.9561128526645768
0925200009,5.0,Soybean,0.9657631954350927
0925300004,5.0,Soybean,0.5605095541401274
0925300005,1.0,Corn,0.4844961240310077
0925400011,141.0,Other,0.6065573770491803
0925400012,141.0,Other,0.9777777777777777
0925400014,5.0,Soybean,0.6748466257668712
0925400016,141.0,Other,0.574468085106383
0926100001,5.0,Soybean,0.9775280898876404
0926100003,1.0,Corn,0.9911504424778761
0926100005,5.0,Soybean,0.4637537239324727
0926300003,5.0,Soybean,0.5276073619631901
0926300005,1.0,Corn,0.9125
0926300006,141.0,Other,0.5581395348837209
0926400008,1.0,Corn,0.8634615384615385
0927100003,5.0,Soybean,0.7692307692307693
0927200002,1.0,Corn,0.9365994236311239
0927200004,1.0,Corn,0.9101449275362319
0927300003,1.0,Corn,0.44
0927300005,1.0,Corn,0.9717514124293786
0927300011,141.0,Other,0.4853801169590643
0927300012,1.0,Corn,0.9694189602446484
0927400010,176.0,Other,0.5776173285198556
0927400014,1.0,Corn,0.9076923076923077
0927400015,1.0,Corn,0.9254658385093167
0927400016,141.0,Other,0.5764705882352941
0928100013,1.0,Corn,0.8899082568807339
0928100016,5.0,Soybean,0.9751243781094527
0928200013,141.0,Other,0.5
0928200022,176.0,Other,0.5783783783783784
0928200024,176.0,Other,0.32038834951456313
0928200025,141.0,Other,0.8656716417910447
0928300004,1.0,Corn,0.46808510638297873
0928300011,5.0,Soybean,0.8784313725490196
0928300019,176.0,Other,0.8292682926829268
0928400006,176.0,Other,0.5084745762711864
0928400012,1.0,Corn,0.43478260869565216
0928400015,5.0,Soybean,0.31952662721893493
0928400018,5.0,Soybean,1.0
0928400019,176.0,Other,0.53125
0929100007,1.0,Corn,0.4878048780487805
0929100008,5.0,Soybean,0.8963165075034106
0929200019,141.0,Other,0.8648648648648649
0929200023,5.0,Soybean,0.584
0929200024,1.0,Corn,0.4750593824228028
0929300006,1.0,Corn,0.9342105263157895
0929300007,1.0,Corn,0.6341463414634146
0929400001,5.0,Soybean,0.6666666666666666
0929400003,1.0,Corn,0.6963350785340314
0929400005,1.0,Corn,0.9375
0929400006,5.0,Soybean,0.9739130434782609
0929400007,5.0,Soybean,0.8263157894736842
0930100005,5.0,Soybean,0.9829351535836177
0930100008,1.0,Corn,0.9665738161559888
0930100009,1.0,Corn,0.9888888888888889
0930200001,5.0,Soybean,0.9570200573065902
0930300002,5.0,Soybean,0.5165016501650165
0930300005,1.0,Corn,0.9728260869565217
0930300006,1.0,Corn,0.9621621621621622
0930400005,1.0,Corn,0.4610564010743062
0931100013,5.0,Soybean,1.0
0931100014,5.0,Soybean,0.9720670391061452
0931100017,5.0,Soybean,0.5641025641025641
0931200001,1.0,Corn,0.851063829787234
0931300001,5.0,Soybean,0.9688385269121813
0931400001,5.0,Soybean,0.4979166666666667
0932100005,1.0,Corn,0.9808153477218226
0932100006,1.0,Corn,0.9664429530201343
0932100007,1.0,Corn,0.9798657718120806
0932100008,1.0,Corn,0.9539473684210527
0932200004,1.0,Corn,1.0
0932200005,5.0,Soybean,1.0
0932300001,1.0,Corn,0.9827833572453372
0932400003,5.0,Soybean,0.9700427960057061
0933100005,5.0,Soybean,0.972318339100346
0933100006,5.0,Soybean,0.9655172413793104
0933200001,5.0,Soybean,0.9431818181818182
0933200002,5.0,Soybean,0.5433526011560693
0933300004,1.0,Corn,0.9714828897338403
0933400004,5.0,Soybean,0.7289325842696629
0933400005,5.0,Soybean,0.9415094339622642
0934100001,5.0,Soybean,0.9485714285714286
0934100007,176.0,Other,0.5272727272727272
0934100009,5.0,Soybean,0.9
0934200005,1.0,Corn,0.9830985915492958
0934200006,5.0,Soybean,0.9148148148148149
0934300016,5.0,Soybean,0.6928571428571428
0934300017,1.0,Corn,0.9168466522678186
0934400010,5.0,Soybean,0.9885386819484241
0934400011,5.0,Soybean,0.9304347826086956
0935100001,5.0,Soybean,0.9595375722543352
0935200014,1.0,Corn,0.37992831541218636
0935200015,176.0,Other,0.6875
0935300004,1.0,Corn,0.48732394366197185
0935400016,5.0,Soybean,1.0
0935400017,1.0,Corn,0.6075268817204301
0935400018,1.0,Corn,0.9832402234636871
0936100007,1.0,Corn,0.3943472409152086
0936200012,141.0,Other,0.9166666666666666
0936200015,5.0,Soybean,0.36683417085427134
0936300004,5.0,Soybean,0.3484626647144949
0936400007,5.0,Soybean,0.978021978021978
0936400015,141.0,Other,0.7375886524822695
0936400017,1.0,Corn,0.8761261261261262
0936400018,5.0,Soybean,0.9230769230769231
0936400019,5.0,Soybean,0.9578947368421052
1001100001,5.0,Soybean,0.5019973368841545
1001100004,1.0,Corn,0.9638888888888889
1001100011,5.0,Soybean,1.0
1001100012,1.0,Corn,1.0
1001100013,1.0,Corn,1.0
1001100014,1.0,Corn,0.6571691176470589
1001200001,5.0,Soybean,0.5
1001200002,5.0,Soybean,0.49575070821529743
1001200003,5.0,Soybean,0.967741935483871
1001200006,5.0,Soybean,1.0
1001400003,1.0,Corn,0.48885793871866295
1002100001,5.0,Soybean,0.9722607489597781
1002100002,1.0,Corn,0.4955947136563877
1002100003,1.0,Corn,0.9710467706013363
1002200003,5.0,Soybean,0.690537084398977
1002200004,5.0,Soybean,0.6321243523316062
1002200005,1.0,Corn,0.7722222222222223
1002200006,5.0,Soybean,0.5777777777777777
1002200007,5.0,Soybean,0.9714285714285714
1002300001,5.0,Soybean,0.5111111111111111
1002400002,5.0,Soybean,0.48666053357865685
1003100001,1.0,Corn,0.5011961722488039
1003100006,1.0,Corn,0.9882352941176471
1003100013,1.0,Corn,0.9488636363636364
1003100014,1.0,Corn,0.9647058823529412
1003200001,5.0,Soybean,0.96987087517934
1003200002,5.0,Soybean,0.9911111111111112
1003200005,1.0,Corn,0.9670588235294117
1003300001,5.0,Soybean,0.9659090909090909
1003300002,5.0,Soybean,0.9831460674157303
1003300003,5.0,Soybean,0.947075208913649
1003400007,5.0,Soybean,0.9913793103448276
1003400008,5.0,Soybean,0.9660056657223796
1004100001,5.0,Soybean,0.5406403940886699
1004200002,5.0,Soybean,0.9431524547803618
1004200005,5.0,Soybean,0.9442896935933147
1004200006,5.0,Soybean,0.9833333333333333
1004200008,1.0,Corn,0.6764452113891286
1004200009,5.0,Soybean,0.9823529411764705
1004300005,1.0,Corn,0.9713467048710601
1004300006,1.0,Corn,0.9916201117318436
1004400001,1.0,Corn,0.9774330042313117
1005100003,1.0,Corn,0.7280575539568346
1005100004,5.0,Soybean,0.5039370078740157
1005100006,5.0,Soybean,0.9659090909090909
1005100007,5.0,Soybean,0.9682539682539683
1005200002,1.0,Corn,0.9749303621169917
1005200006,1.0,Corn,0.9668508287292817
1005200007,1.0,Corn,0.9640718562874252
1005200010,5.0,Soybean,0.9662921348314607
1005200011,5.0,Soybean,0.9683908045977011
1005300001,1.0,Corn,0.9069767441860465
1005300003,1.0,Corn,0.9801980198019802
1005400004,5.0,Soybean,0.5553914327917282
1006100002,5.0,Soybean,0.9756592292089249
1006100006,5.0,Soybean,0.960352422907489
1006100007,5.0,Soybean,0.982532751091703
1006200001,5.0,Soybean,0.946524064171123
1006200002,1.0,Corn,0.6456400742115028
1006200003,1.0,Corn,0.9565217391304348
1006200004,1.0,Corn,0.9674418604651163
1006200006,1.0,Corn,0.4887005649717514
1006300002,5.0,Soybean,0.9745042492917847
1006300003,1.0,Corn,0.9661016949152542
1006400003,5.0,Soybean,0.907563025210084
1006400006,5.0,Soybean,0.9754098360655737
1007100001,1.0,Corn,0.9508716323296355
1007200001,5.0,Soybean,0.9861878453038674
1007300001,5.0,Soybean,0.9588014981273408
1007300002,5.0,Soybean,0.7972222222222223
1007400001,1.0,Corn,0.949438202247191
1007400004,1.0,Corn,0.994413407821229
1007400005,1.0,Corn,0.9725274725274725
1007400006,1.0,Corn,0.9444444444444444
1008200001,5.0,Soybean,0.7482014388489209
1008300003,1.0,Corn,0.9263157894736842
1008400001,1.0,Corn,0.9689265536723164
1009100005,5.0,Soybean,0.962536023054755
1009100007,5.0,Soybean,0.783625730994152
1009100008,1.0,Corn,0.9608938547486033
1009200004,5.0,Soybean,0.98005698005698
1009200006,1.0,Corn,0.9283582089552239
1009300002,5.0,Soybean,0.9796511627906976
1009300003,1.0,Corn,0.9518072289156626
1009300004,1.0,Corn,0.9325842696629213
1009400006,5.0,Soybean,0.6829971181556196
1009400009,1.0,Corn,0.8706896551724138
1010100002,5.0,Soybean,0.6030977734753146
1010200002,5.0,Soybean,0.4956772334293948
1010300003,5.0,Soybean,0.9860335195530726
1010300004,5.0,Soybean,0.9595375722543352
1010400003,1.0,Corn,0.9367816091954023
1010400005,1.0,Corn,0.9410029498525073
1010400007,1.0,Corn,0.9826589595375722
1011100002,5.0,Soybean,0.5048372911169745
1011200013,1.0,Corn,0.993103448275862
1011200017,1.0,Corn,1.0
1011200018,1.0,Corn,0.9545454545454546
1011200019,1.0,Corn,1.0
1011300006,1.0,Corn,0.9776119402985075
1011300010,1.0,Corn,0.9821428571428571
1011300011,1.0,Corn,1.0
1011400005,5.0,Soybean,0.988950276243094
1011400010,1.0,Corn,0.8111111111111111
1011400011,5.0,Soybean,0.9668508287292817
1011400014,1.0,Corn,0.9589552238805971
1012100002,5.0,Soybean,0.9944289693593314
1012100009,1.0,Corn,0.9551820728291317
1012200006,5.0,Soybean,0.9608938547486033
1012200008,5.0,Soybean,0.875
1012200011,1.0,Corn,0.9373297002724795
1012300001,1.0,Corn,0.9445234708392604
1012400001,1.0,Corn,0.9723756906077348
1012400002,5.0,Soybean,0.961218836565097
1013100003,5.0,Soybean,0.9751724137931035
1013200001,5.0,Soybean,0.9889807162534435
1013200002,1.0,Corn,0.8707865168539326
1013200003,5.0,Soybean,0.9672131147540983
1013300010,5.0,Soybean,0.5071428571428571
1013300011,5.0,Soybean,0.5138888888888888
1013300012,5.0,Soybean,0.5034013605442177
1013300013,5.0,Soybean,0.5179856115107914
1013300014,5.0,Soybean,0.5034013605442177
1013400006,1.0,Corn,0.9747899159663865
1013400007,1.0,Corn,0.7259036144578314
1014100007,5.0,Soybean,0.505730659025788
1014100009,5.0,Soybean,0.9715909090909091
1014100010,5.0,Soybean,0.9829545454545454
1014200007,5.0,Soybean,0.9728260869565217
1014200011,5.0,Soybean,0.9873417721518988
1014200012,5.0,Soybean,1.0
1014200013,5.0,Soybean,0.9728260869565217
1014300003,1.0,Corn,0.9181286549707602
1014300004,1.0,Corn,0.9385474860335196
1014400002,5.0,Soybean,0.9779005524861878
1014400005,5.0,Soybean,0.9680851063829787
1014400008,1.0,Corn,0.9613259668508287
1014400010,1.0,Corn,0.9825581395348837
1015200003,5.0,Soybean,0.5589467384799521
1015300002,5.0,Soybean,0.9605633802816902
1015300004,1.0,Corn,0.8901345291479821
1015400003,1.0,Corn,0.875968992248062
1015400004,1.0,Corn,0.8868778280542986
1016100002,1.0,Corn,0.7287066246056783
1016300001,5.0,Soybean,0.5826330532212886
1016400004,1.0,Corn,0.9617590822179732
1017100003,1.0,Corn,0.9832402234636871
1017200003,1.0,Corn,0.9246231155778895
1017200004,1.0,Corn,0.9128205128205128
1017200005,1.0,Corn,0.535031847133758
1017300002,1.0,Corn,0.620021528525296
1017400002,5.0,Soybean,0.9659090909090909
1017400003,5.0,Soybean,1.0
1018100001,1.0,Corn,0.9836065573770492
1018100002,1.0,Corn,0.6579520697167756
1018200003,1.0,Corn,0.9723756906077348
1018200005,1.0,Corn,1.0
1018200006,1.0,Corn,0.9567567567567568
1018200007,1.0,Corn,0.9523026315789473
1018300003,1.0,Corn,0.9629629629629629
1018300007,5.0,Soybean,1.0
1018300011,1.0,Corn,0.9662162162162162
1018400001,5.0,Soybean,0.9322033898305084
1018400007,5.0,Soybean,0.9606126914660832
1018400008,5.0,Soybean,1.0
1018400009,5.0,Soybean,0.9338235294117647
1019100002,1.0,Corn,0.9943502824858758
1019100004,1.0,Corn,0.9803370786516854
1019200002,5.0,Soybean,0.5833333333333334
1019200004,5.0,Soybean,0.9441340782122905
1019200006,5.0,Soybean,0.9941176470588236
1019300005,1.0,Corn,0.6231306081754736
1019400004,1.0,Corn,0.9350282485875706
1020100001,5.0,Soybean,0.7161654135338346
1020200004,5.0,Soybean,0.9772727272727273
1020300003,1.0,Corn,0.9831460674157303
1020300010,1.0,Corn,0.6714285714285714
1020300012,1.0,Corn,0.6672694394213382
1020300013,5.0,Soybean,1.0
1020400006,5.0,Soybean,0.8246268656716418
1020400007,1.0,Corn,0.9657142857142857
1021100001,1.0,Corn,0.9213483146067416
1021200003,1.0,Corn,0.9492957746478873
1021200004,5.0,Soybean,0.976056338028169
1021300002,1.0,Corn,0.949438202247191
1021300005,5.0,Soybean,0.8198874296435272
1021400004,1.0,Corn,0.9617486338797814
1021400012,1.0,Corn,0.9775280898876404
1021400014,5.0,Soybean,0.9666666666666667
1021400015,5.0,Soybean,1.0
1022100007,5.0,Soybean,0.48985507246376814
1022100008,5.0,Soybean,0.9832402234636871
1022200001,5.0,Soybean,0.5376955903271693
1022300006,1.0,Corn,0.9456521739130435
1022300007,5.0,Soybean,1.0
1022300008,5.0,Soybean,0.9941348973607038
1022400001,1.0,Corn,0.5624123422159888
1023100004,1.0,Corn,0.48723404255319147
1023200004,5.0,Soybean,0.49722991689750695
1023400003,1.0,Corn,0.6064880112834978
1024100001,1.0,Corn,0.9736111111111111
1024200002,1.0,Corn,0.9707822808671065
1024300005,1.0,Corn,0.7430939226519337
1024300006,5.0,Soybean,0.9501385041551247
1024400002,5.0,Soybean,0.968421052631579
1025100001,5.0,Soybean,0.9767123287671233
1025200004,1.0,Corn,0.9725651577503429
1025300001,1.0,Corn,0.9391424619640387
1025400003,5.0,Soybean,0.970873786407767
1025400004,5.0,Soybean,1.0
1025400005,5.0,Soybean,1.0
1025400006,5.0,Soybean,0.9314285714285714
1026100005,1.0,Corn,0.987012987012987
1026100008,5.0,Soybean,0.9386503067484663
1026300005,1.0,Corn,0.7385804638088546
1027100004,5.0,Soybean,0.9902370990237099
1027200005,5.0,Soybean,0.9473684210526315
1027200007,5.0,Soybean,0.9806094182825484
1027300002,5.0,Soybean,0.9826086956521739
1027300006,1.0,Corn,0.9541547277936963
1027400002,5.0,Soybean,0.978021978021978
1027400003,1.0,Corn,0.8777777777777778
1027400004,1.0,Corn,0.927170868347339
1028100005,1.0,Corn,0.9857954545454546
1028100006,1.0,Corn,0.9396551724137931
1028200001,1.0,Corn,0.9805013927576601
1028200002,1.0,Corn,0.9602272727272727
1028300001,1.0,Corn,0.975
1028300003,1.0,Corn,0.9329446064139941
1028400003,1.0,Corn,0.9553072625698324
1028400004,5.0,Soybean,0.9367816091954023
1028400005,5.0,Soybean,0.9828571428571429
1029100006,5.0,Soybean,0.49774266365688485
1029200005,1.0,Corn,0.9668508287292817
1029300001,5.0,Soybean,0.9722991689750693
1029300005,1.0,Corn,0.9639810426540284
1029400003,1.0,Corn,0.9633802816901409
1030100009,176.0,Other,0.4782608695652174
1030100014,1.0,Corn,0.44947735191637633
1030100015,1.0,Corn,0.8231292517006803
1030200003,1.0,Corn,0.8149253731343283
1030200013,1.0,Corn,0.972972972972973
1030300001,141.0,Other,0.8089887640449438
1030300002,1.0,Corn,0.7564102564102564
1030300011,1.0,Corn,0.9705882352941176
1030400004,1.0,Corn,0.9572649572649573
1030400012,5.0,Soybean,0.84375
1030400014,5.0,Soybean,0.9229357798165138
1031100007,141.0,Other,0.9476923076923077
1031100013,1.0,Corn,0.6348684210526315
1031200003,176.0,Other,0.525
1031200012,5.0,Soybean,0.9560439560439561
1031200013,1.0,Corn,0.9476744186046512
1031300009,176.0,Other,0.3023255813953488
1031300012,176.0,Other,0.5942028985507246
1031300015,141.0,Other,0.6594594594594595
1031300016,5.0,Soybean,0.49145299145299143
1031400001,176.0,Other,0.5229885057471264
1031400007,5.0,Soybean,0.9800664451827242
1032100011,5.0,Soybean,0.9699570815450643
1032200004,1.0,Corn,0.8197932053175776
1032300003,141.0,Other,0.9770114942528736
1032300007,141.0,Other,0.6276595744680851
1032300008,141.0,Other,0.6666666666666666
1032300010,141.0,Other,0.47307692307692306
1032400001,5.0,Soybean,0.8725761772853186
1032400002,5.0,Soybean,0.7857142857142857
1032400006,141.0,Other,0.46619217081850534
1033100007,5.0,Soybean,0.969187675070028
1033100008,1.0,Corn,0.994475138121547
1033100009,1.0,Corn,0.976878612716763
1033200003,5.0,Soybean,0.9886363636363636
1033300008,1.0,Corn,0.9418604651162791
1033300013,1.0,Corn,0.9630606860158312
1033300014,1.0,Corn,0.5523809523809524
1033400006,5.0,Soybean,0.9745042492917847
1033400007,5.0,Soybean,0.9738372093023255
1034100001,5.0,Soybean,0.9748603351955307
1034200001,1.0,Corn,0.9680111265646731
1034300003,1.0,Corn,0.672463768115942
1034300007,1.0,Corn,0.9678217821782178
1034400006,5.0,Soybean,0.9811320754716981
1034400007,5.0,Soybean,0.9714285714285714
1034400008,5.0,Soybean,0.9681093394077449
1035100003,5.0,Soybean,0.9740532959326789
1035300004,1.0,Corn,0.96875
1035300006,1.0,Corn,0.9943181818181818
1035300007,1.0,Corn,1.0
1035300008,1.0,Corn,0.9021739130434783
1035400003,1.0,Corn,0.9453015427769986
1036100002,5.0,Soybean,0.9746121297602257
1036200004,1.0,Corn,0.95
1036300002,5.0,Soybean,0.4952741020793951
1036300003,5.0,Soybean,0.9887005649717514
1036400010,5.0,Soybean,1.0
1036400012,5.0,Soybean,0.9640591966173362
1119100013,5.0,Soybean,0.9738219895287958
1119100014,1.0,Corn,0.865
1119100015,5.0,Soybean,0.5070821529745042
1119200001,5.0,Soybean,0.943502824858757
1119200007,5.0,Soybean,0.945054945054945
1119200009,5.0,Soybean,0.9919028340080972
1119200010,5.0,Soybean,0.94
1119300001,1.0,Corn,0.5846774193548387
1119300005,1.0,Corn,0.9763779527559056
1119300009,1.0,Corn,0.9194444444444444
1119400004,5.0,Soybean,0.9719101123595506
1119400007,1.0,Corn,0.9319899244332494
1119400008,5.0,Soybean,0.5307262569832403
1120100001,5.0,Soybean,0.9534883720930233
1120100002,5.0,Soybean,0.9743589743589743
1120100003,5.0,Soybean,0.98005698005698
1120200005,5.0,Soybean,0.989010989010989
1120200006,1.0,Corn,0.6452205882352942
1120300005,5.0,Soybean,1.0
1120300008,5.0,Soybean,0.9815303430079155
1120300009,5.0,Soybean,0.9662921348314607
1120400001,5.0,Soybean,0.5277777777777778
1120400004,5.0,Soybean,0.5192307692307693
1121100001,5.0,Soybean,0.9715909090909091
1121100002,5.0,Soybean,0.9281767955801105
1121100009,1.0,Corn,0.9777777777777777
1121100010,1.0,Corn,0.9885714285714285
1121200002,1.0,Corn,0.9455252918287937
1121200004,5.0,Soybean,0.944954128440367
1121300001,1.0,Corn,0.975609756097561
1121300002,1.0,Corn,0.9666666666666667
1121300003,1.0,Corn,0.9948979591836735
1121400001,5.0,Soybean,0.9590163934426229
1121400002,1.0,Corn,0.9381720430107527
1122100031,5.0,Soybean,0.9419889502762431
1122100032,5.0,Soybean,0.9658385093167702
1122200005,1.0,Corn,0.9438202247191011
1122200006,5.0,Soybean,0.9316239316239316
1122200010,1.0,Corn,0.9445910290237467
1122300014,5.0,Soybean,0.9893617021276596
1122300019,1.0,Corn,0.9786666666666667
1122400002,5.0,Soybean,0.9919786096256684
1122400007,1.0,Corn,0.9591194968553459
1123100003,36.0,Other,0.27906976744186046
1123100009,5.0,Soybean,0.9681818181818181
1123200008,1.0,Corn,0.9325842696629213
1123200009,1.0,Corn,0.945054945054945
1123200010,1.0,Corn,0.9146341463414634
1123200011,5.0,Soybean,0.9787878787878788
1123300006,1.0,Corn,0.8333333333333334
1123300007,5.0,Soybean,0.7337883959044369
1123401006,5.0,Soybean,0.9493670886075949
1123476001,1.0,Corn,0.5163636363636364
1124101009,5.0,Soybean,0.9683257918552036
1124153003,1.0,Corn,0.9663865546218487
1124176002,5.0,Soybean,0.9532163742690059
1124200008,5.0,Soybean,0.9280677009873061
1124376006,1.0,Corn,0.972972972972973
1124400001,5.0,Soybean,0.966728280961183
1124400005,5.0,Soybean,0.9797979797979798
1124400006,5.0,Soybean,0.8679245283018868
1125100010,1.0,Corn,0.9910112359550561
1125100011,1.0,Corn,0.9635036496350365
1125200007,1.0,Corn,0.9855907780979827
1125300003,1.0,Corn,0.9191919191919192
1125300007,5.0,Soybean,0.4744525547445255
1125400005,5.0,Soybean,0.5122180451127819
1126100001,1.0,Corn,0.9576923076923077
1126200004,1.0,Corn,0.9802197802197802
1126200005,5.0,Soybean,0.9808917197452229
1126300001,5.0,Soybean,0.952054794520548
1126400007,1.0,Corn,0.8921568627450981
1126400008,176.0,Other,0.47058823529411764
1126400009,5.0,Soybean,0.4979020979020979
1126502001,1.0,Corn,0.6885245901639344
1127100002,5.0,Soybean,1.0
1127100005,1.0,Corn,0.9553571428571429
1127200005,1.0,Corn,0.9407407407407408
1127200007,1.0,Corn,0.955595026642984
1127300003,1.0,Corn,0.9575402635431918
1127300004,5.0,Soybean,0.9804469273743017
1127400004,1.0,Corn,0.5705705705705706
1128100001,1.0,Corn,0.9829059829059829
1128200001,5.0,Soybean,0.9651162790697675
1128200002,5.0,Soybean,0.8295454545454546
1128200004,1.0,Corn,0.9833333333333333
1128200007,5.0,Soybean,0.9007633587786259
1128300004,5.0,Soybean,0.9823747680890538
1128400003,1.0,Corn,0.9887640449438202
1128400004,5.0,Soybean,0.9783783783783784
1128400005,5.0,Soybean,0.9928571428571429
1128400006,1.0,Corn,0.9444444444444444
1128400007,1.0,Corn,0.9719626168224299
1129100001,5.0,Soybean,0.4971751412429379
1129100002,5.0,Soybean,0.9875
1129200001,5.0,Soybean,0.9774011299435028
1129300002,1.0,Corn,0.9484848484848485
1129400013,5.0,Soybean,0.9812206572769953
1130100011,5.0,Soybean,0.9664948453608248
1130100013,5.0,Soybean,0.9888888888888889
1130100014,5.0,Soybean,0.96484375
1130200003,5.0,Soybean,0.9705340699815838
1130200005,1.0,Corn,0.9629629629629629
1130300001,1.0,Corn,0.9578804347826086
1130400001,1.0,Corn,0.9533582089552238
1131100001,1.0,Corn,0.9777777777777777
1131200006,176.0,Other,0.6444444444444445
1131200008,5.0,Soybean,0.7398255813953488
1131300002,1.0,Corn,0.9421965317919075
1131300003,5.0,Soybean,0.9602272727272727
1131400003,1.0,Corn,0.9279778393351801
1131400004,5.0,Soybean,0.9772727272727273
1131400005,5.0,Soybean,1.0
1131400006,5.0,Soybean,0.9887640449438202
1132100001,1.0,Corn,0.9714285714285714
1132100005,1.0,Corn,0.9644859813084112
1132200001,5.0,Soybean,0.5141242937853108
1132300001,1.0,Corn,0.979050279329609
1132400001,5.0,Soybean,0.961218836565097
1133100003,1.0,Corn,0.9560439560439561
1133100004,5.0,Soybean,0.9491525423728814
1133100008,5.0,Soybean,0.991869918699187
1133100009,5.0,Soybean,0.9827586206896551
1133200015,176.0,Other,0.3333333333333333
1133200016,1.0,Corn,0.9821656050955414
1133300003,1.0,Corn,0.47023809523809523
1133400006,1.0,Corn,0.9495798319327731
1133400007,5.0,Soybean,0.8758620689655172
1134100006,5.0,Soybean,0.5307262569832403
1134200003,1.0,Corn,0.9884726224783862
1134200004,1.0,Corn,0.9775112443778111
1134300004,1.0,Corn,0.6933867735470942
1134400009,1.0,Corn,0.9586206896551724
1134400010,1.0,Corn,0.5294117647058824
1134400011,5.0,Soybean,0.9577464788732394
1134400012,5.0,Soybean,0.9605263157894737
1135100001,1.0,Corn,0.9682080924855492
1135100003,1.0,Corn,0.9886363636363636
1135200004,1.0,Corn,0.9831460674157303
1135200005,1.0,Corn,0.8944444444444445
1135200006,1.0,Corn,0.9629629629629629
1135300002,5.0,Soybean,0.9776536312849162
1135300003,5.0,Soybean,0.9835164835164835
1135300004,1.0,Corn,0.8603351955307262
1135300007,1.0,Corn,0.9883040935672515
1135400003,1.0,Corn,0.9900568181818182
1136100002,5.0,Soybean,0.9833795013850416
1136200001,5.0,Soybean,0.9606299212598425
1136200002,5.0,Soybean,0.988950276243094
1136300001,1.0,Corn,0.5302197802197802
1136300003,1.0,Corn,0.96
1136300008,5.0,Soybean,0.9928057553956835
1136400005,5.0,Soybean,0.9162011173184358
1136400006,1.0,Corn,0.96045197740113
1201100001,1.0,Corn,0.4090909090909091
1201100007,1.0,Corn,0.9120879120879121
1201100009,5.0,Soybean,0.9619047619047619
1201100010,1.0,Corn,0.9241379310344827
1201100011,1.0,Corn,0.559322033898305
1201200002,1.0,Corn,0.6815642458100558
1201200003,5.0,Soybean,0.6370106761565836
1201200004,1.0,Corn,0.6096654275092936
1201300010,5.0,Soybean,0.960552268244576
1201300011,176.0,Other,0.7733333333333333
1201300012,36.0,Other,0.5526315789473685
1201400004,1.0,Corn,0.9230769230769231
1201400005,1.0,Corn,0.95
1201400015,1.0,Corn,0.8823529411764706
1201400016,1.0,Corn,0.956140350877193
1202100001,5.0,Soybean,0.7009735744089013
1202200001,1.0,Corn,0.9619718309859155
1202300002,5.0,Soybean,1.0
1202300003,5.0,Soybean,1.0
1202300004,5.0,Soybean,0.9719101123595506
1202300005,5.0,Soybean,0.9662921348314607
1202400009,5.0,Soybean,0.9833080424886191
1203100002,5.0,Soybean,0.6697530864197531
1203100004,5.0,Soybean,0.8248587570621468
1203100005,5.0,Soybean,0.978021978021978
1203200001,5.0,Soybean,0.9785522788203753
1203200003,5.0,Soybean,0.7114285714285714
1203300001,1.0,Corn,0.5957854406130269
1203300002,5.0,Soybean,0.9746835443037974
1203400001,5.0,Soybean,0.9710982658959537
1203400002,5.0,Soybean,0.9712643678160919
1203400003,5.0,Soybean,0.9791666666666666
1203400004,5.0,Soybean,1.0
1204100002,176.0,Other,0.4222222222222222
1204100003,141.0,Other,0.5058823529411764
1204100005,176.0,Other,0.46808510638297873
1204100006,1.0,Corn,0.8421052631578947
1204100009,176.0,Other,0.5
1204100010,141.0,Other,0.6937269372693727
1204200002,5.0,Soybean,0.9428571428571428
1204200006,5.0,Soybean,0.96045197740113
1204200009,176.0,Other,0.3484848484848485
1204200010,5.0,Soybean,0.9629629629629629
1204200014,5.0,Soybean,0.9813664596273292
1204300001,1.0,Corn,0.6519337016574586
1204300006,1.0,Corn,1.0
1204300010,176.0,Other,0.6341463414634146
1204300012,1.0,Corn,0.6492146596858639
1204400002,5.0,Soybean,0.9705882352941176
1204400003,5.0,Soybean,0.9069767441860465
1204400004,5.0,Soybean,0.5139664804469274
1204400007,5.0,Soybean,0.975
1204400008,5.0,Soybean,0.9608938547486033
1205100001,141.0,Other,0.4431818181818182
1205100002,141.0,Other,0.3258426966292135
1205100005,5.0,Soybean,0.4148148148148148
1205200002,1.0,Corn,0.44822485207100593
1205300001,141.0,Other,0.5161290322580645
1205300002,141.0,Other,0.8698224852071006
1205300003,176.0,Other,0.6593406593406593
1205300004,141.0,Other,0.4807692307692308
1205300019,141.0,Other,0.5714285714285714
1205300025,141.0,Other,0.43859649122807015
1205400001,176.0,Other,0.42159763313609466
1206100001,176.0,Other,0.5060240963855421
1206100002,176.0,Other,0.44886363636363635
1206100006,141.0,Other,0.7694704049844237
1206100007,141.0,Other,0.8702290076335878
1206100008,141.0,Other,0.6363636363636364
1206200003,141.0,Other,0.5116279069767442
1206200005,141.0,Other,0.8292682926829268
1206200008,141.0,Other,0.7333333333333333
1206300004,141.0,Other,0.6436781609195402
1206300005,141.0,Other,0.8666666666666667
1206300008,176.0,Other,0.4375
1206300009,141.0,Other,0.4262295081967213
1206300012,1.0,Corn,0.40853658536585363
1206400001,141.0,Other,0.6430635838150289
1207100005,141.0,Other,0.7315436241610739
1207100006,141.0,Other,0.43023255813953487
1207100012,1.0,Corn,0.42857142857142855
1207202016,111.0,Other,0.9090909090909091
1207300004,141.0,Other,0.4842105263157895
1207300010,141.0,Other,0.6764705882352942
1207300013,141.0,Other,0.4682080924855491
1207400007,141.0,Other,0.5902140672782875
1207400022,5.0,Soybean,0.5436893203883495
1207400023,176.0,Other,0.3958333333333333
1208126001,141.0,Other,0.7859922178988327
1208176003,141.0,Other,0.5201612903225806
1208200001,141.0,Other,0.5307692307692308
1208200002,141.0,Other,0.9761904761904762
1208200004,176.0,Other,0.5233644859813084
1208200005,141.0,Other,0.7956989247311828
1208351002,1.0,Corn,0.8316151202749141
1208351003,141.0,Other,0.483695652173913
1208400002,176.0,Other,0.44623655913978494
1208400004,1.0,Corn,0.6947791164658634
1209100001,141.0,Other,0.5114503816793893
1209100008,176.0,Other,0.3727810650887574
1209100011,141.0,Other,0.851063829787234
1209200002,5.0,Soybean,0.9473684210526315
1209200006,1.0,Corn,0.94
1209200010,5.0,Soybean,0.6923076923076923
1209200011,141.0,Other,0.4
1209200012,141.0,Other,0.925
1209200013,141.0,Other,0.8316831683168316
1209200014,1.0,Corn,0.515625
1209300001,141.0,Other,0.6368876080691642
1209300002,5.0,Soybean,0.8529411764705882
1209300003,5.0,Soybean,0.8011363636363636
1209400002,1.0,Corn,0.9217877094972067
1209400009,1.0,Corn,0.5112359550561798
1209400010,1.0,Corn,0.6285714285714286
1209400012,1.0,Corn,0.4482758620689655
1210100001,1.0,Corn,1.0
1210100003,176.0,Other,0.8333333333333334
1210100005,5.0,Soybean,0.9390243902439024
1210100013,5.0,Soybean,0.967032967032967
1210100014,5.0,Soybean,0.9583333333333334
1210100016,1.0,Corn,0.7017543859649122
1210100017,1.0,Corn,0.8943089430894309
1210200003,1.0,Corn,0.8061797752808989
1210200004,5.0,Soybean,0.8314393939393939
1210300008,5.0,Soybean,0.4046692607003891
1210300009,1.0,Corn,0.6267515923566879
1210400005,5.0,Soybean,0.9613095238095238
1211100003,5.0,Soybean,0.9942418426103646
1211200007,1.0,Corn,0.9089615931721194
1211300002,5.0,Soybean,0.9148936170212766
1211300003,5.0,Soybean,0.9691011235955056
1211300004,5.0,Soybean,0.9784172661870504
1211300005,5.0,Soybean,0.9703703703703703
1211400003,5.0,Soybean,0.7975460122699386
1211400004,1.0,Corn,0.538860103626943
1211400005,1.0,Corn,0.9848484848484849
1212100006,5.0,Soybean,0.9971428571428571
1212100007,1.0,Corn,0.9915014164305949
1212200002,5.0,Soybean,1.0
1212200006,5.0,Soybean,0.9834862385321101
1212300001,5.0,Soybean,0.9772727272727273
1212300004,5.0,Soybean,0.9774647887323944
1212300005,5.0,Soybean,1.0
1212300006,5.0,Soybean,1.0
1212400003,5.0,Soybean,0.9333333333333333
1212400004,5.0,Soybean,1.0
1212400005,5.0,Soybean,0.9598214285714286
1213100006,1.0,Corn,0.9482758620689655
1213100007,5.0,Soybean,0.9913793103448276
1213100008,5.0,Soybean,0.9512195121951219
1213200004,5.0,Soybean,0.8090909090909091
1213200005,1.0,Corn,0.9750889679715302
1213300001,5.0,Soybean,0.7775280898876404
1213301003,5.0,Soybean,1.0
1213351004,1.0,Corn,0.8073394495412844
1213400002,1.0,Corn,0.5691318327974276
1214100002,5.0,Soybean,0.994413407821229
1214100004,5.0,Soybean,0.7403846153846154
1214200002,111.0,Other,0.5740740740740741
1214200004,1.0,Corn,0.4857142857142857
1214200006,1.0,Corn,0.5921985815602837
1214200008,1.0,Corn,0.975609756097561
1214301004,1.0,Corn,0.45879732739420936
1214351004,1.0,Corn,0.9227467811158798
1214401002,176.0,Other,0.35
1214401006,1.0,Corn,0.9057591623036649
1214426004,5.0,Soybean,0.9814814814814815
1214426007,5.0,Soybean,0.9512195121951219
1215100002,5.0,Soybean,0.48697214734950584
1215200004,1.0,Corn,0.9165329052969502
1215300018,5.0,Soybean,0.9714285714285714
1215300019,5.0,Soybean,0.4808877928483354
1215400009,141.0,Other,0.6988636363636364
1215400015,1.0,Corn,0.9598214285714286
1215400021,1.0,Corn,0.3395348837209302
1216100001,5.0,Soybean,0.42105263157894735
1216100002,176.0,Other,0.5384615384615384
1216100003,1.0,Corn,0.7720588235294118
1216200009,5.0,Soybean,0.545662100456621
1216200011,1.0,Corn,0.8238993710691824
1216300002,5.0,Soybean,0.5503875968992248
1216300003,1.0,Corn,0.391304347826087
1216300005,141.0,Other,0.6005665722379604
1216300010,141.0,Other,0.42207792207792205
1216400006,1.0,Corn,0.3977272727272727
1216400012,1.0,Corn,0.6190476190476191
1217100013,5.0,Soybean,0.9634146341463414
1217100021,5.0,Soybean,0.8108108108108109
1217100022,1.0,Corn,0.6907630522088354
1217100023,176.0,Other,0.515625
1217200001,5.0,Soybean,0.5631768953068592
1217200002,5.0,Soybean,0.9943181818181818
1217200011,5.0,Soybean,0.7407407407407407
1217300004,24.0,Other,0.9204545454545454
1217300006,1.0,Corn,0.954177897574124
1217400002,5.0,Soybean,0.5116279069767442
1217400008,5.0,Soybean,0.4122137404580153
1217400009,5.0,Soybean,0.9835164835164835
1217400012,1.0,Corn,0.9841269841269841
1218100001,1.0,Corn,0.9177489177489178
1218100003,1.0,Corn,0.8115942028985508
1218100004,1.0,Corn,0.7959183673469388
1218100012,141.0,Other,0.6555555555555556
1218200009,5.0,Soybean,0.9193548387096774
1218200010,176.0,Other,0.5913978494623656
1218200013,5.0,Soybean,0.7974683544303798
1218300002,176.0,Other,0.5794117647058824
1218300005,141.0,Other,0.5705882352941176
1218300006,1.0,Corn,0.9087048832271762
1218400004,5.0,Soybean,0.9596541786743515
1218400005,5.0,Soybean,0.6546242774566474
1219100009,1.0,Corn,0.9316239316239316
1219100010,5.0,Soybean,0.896551724137931
1219100012,1.0,Corn,0.9132075471698113
1219200006,5.0,Soybean,0.9786096256684492
1219200008,5.0,Soybean,0.9298245614035088
1219200009,5.0,Soybean,0.9772727272727273
1219200010,5.0,Soybean,1.0
1219300002,5.0,Soybean,0.9954337899543378
1219300003,1.0,Corn,0.9742489270386266
1219400001,1.0,Corn,0.9667590027700831
1219400002,1.0,Corn,0.9826732673267327
1220100008,5.0,Soybean,0.72
1220100009,176.0,Other,0.6111111111111112
1220100011,5.0,Soybean,0.9850746268656716
1220200001,5.0,Soybean,0.7026315789473684
1220200003,5.0,Soybean,0.9514563106796117
1220300006,5.0,Soybean,0.9723661485319517
1220300007,1.0,Corn,0.9849246231155779
1220300008,1.0,Corn,0.8868778280542986
1220400001,5.0,Soybean,1.0
1220400003,5.0,Soybean,1.0
1220400004,5.0,Soybean,0.9831932773109243
1221100002,141.0,Other,0.5492424242424242
1221100006,1.0,Corn,0.8363636363636363
1221100007,1.0,Corn,0.7358490566037735
1221200001,141.0,Other,0.7016317016317016
1221200004,5.0,Soybean,0.4980392156862745
1221300002,1.0,Corn,0.9802955665024631
1221300003,5.0,Soybean,0.3942307692307692
1221400004,5.0,Soybean,0.7004405286343612
1221400005,5.0,Soybean,0.6869565217391305
1222100009,5.0,Soybean,0.9372549019607843
1222100010,1.0,Corn,0.8
1222200005,1.0,Corn,0.5748031496062992
1222200006,1.0,Corn,0.41509433962264153
1222200008,5.0,Soybean,0.9142857142857143
1222300009,1.0,Corn,0.5825545171339563
1222300010,5.0,Soybean,0.9169139465875371
1222400010,1.0,Corn,0.9710743801652892
1222400011,5.0,Soybean,0.9291338582677166
1222400012,1.0,Corn,0.9489795918367347
1222400013,5.0,Soybean,0.9625
1223151001,5.0,Soybean,0.6968503937007874
1223176001,5.0,Soybean,0.8461538461538461
1223214007,123.0,Other,0.4523809523809524
1223251010,5.0,Soybean,0.5705521472392638
1223281004,121.0,Other,0.45045045045045046
1223300001,1.0,Corn,0.9767441860465116
1223300002,1.0,Corn,0.9318181818181818
1223300006,5.0,Soybean,0.9727891156462585
1223300009,5.0,Soybean,0.9789983844911146
1223400001,1.0,Corn,0.7469879518072289
1223400007,1.0,Corn,0.9484240687679083
1224105002,121.0,Other,0.32727272727272727
1224151005,1.0,Corn,1.0
1224200002,5.0,Soybean,0.5171537484116899
1224300001,1.0,Corn,0.9694444444444444
1224300002,5.0,Soybean,0.9917127071823204
1224401003,1.0,Corn,0.9497907949790795
1224429003,5.0,Soybean,0.8688524590163934
1224451001,1.0,Corn,0.8828337874659401
1225100001,5.0,Soybean,0.9635343618513323
1225200001,1.0,Corn,0.948905109489051
1225200009,1.0,Corn,0.8465116279069768
1225300001,5.0,Soybean,0.9637883008356546
1225300003,1.0,Corn,0.6741573033707865
1225300004,1.0,Corn,1.0
1225300005,5.0,Soybean,0.994413407821229
1225400002,1.0,Corn,0.9245810055865922
1225400004,5.0,Soybean,0.4797687861271676
1225400007,1.0,Corn,0.5111111111111111
1226100004,1.0,Corn,0.5410764872521246
1226200002,1.0,Corn,0.9380530973451328
1226300006,1.0,Corn,0.9839357429718876
1226400008,1.0,Corn,1.0
1226400010,1.0,Corn,0.9746835443037974
1226400013,5.0,Soybean,0.9750778816199377
1227100001,1.0,Corn,0.9171428571428571
1227100003,1.0,Corn,0.9834254143646409
1227100004,5.0,Soybean,0.9826589595375722
1227200002,5.0,Soybean,0.9861111111111112
1227200004,5.0,Soybean,0.7483870967741936
1227200005,5.0,Soybean,0.994413407821229
1227300002,1.0,Corn,0.8267716535433071
1227300004,1.0,Corn,0.9015544041450777
1227400008,1.0,Corn,0.48823529411764705
1227400009,1.0,Corn,0.5150684931506849
1228100001,1.0,Corn,0.8547945205479452
1228100002,5.0,Soybean,0.7796610169491526
1228200002,5.0,Soybean,0.5670391061452514
1228200003,5.0,Soybean,0.9664804469273743
1228300001,1.0,Corn,0.9460916442048517
1228300002,1.0,Corn,0.5164835164835165
1228400003,1.0,Corn,0.8767123287671232
1229100001,5.0,Soybean,0.5154929577464789
1229100002,5.0,Soybean,1.0
1229100003,5.0,Soybean,1.0
1229200001,5.0,Soybean,0.9943820224719101
1229200002,5.0,Soybean,0.9971098265895953
1229300002,1.0,Corn,0.4934876989869754
1229400002,1.0,Corn,0.9931972789115646
1229400003,5.0,Soybean,0.927536231884058
1229400004,1.0,Corn,0.9660194174757282
1230100003,1.0,Corn,0.4907866761162296
1231100001,5.0,Soybean,0.9617563739376771
1231200001,5.0,Soybean,0.6774193548387096
1231200002,5.0,Soybean,0.7303370786516854
1231300003,1.0,Corn,0.9595375722543352
1231300004,1.0,Corn,0.9039735099337748
1231300005,1.0,Corn,0.9583333333333334
1231400001,5.0,Soybean,0.7178051511758119
1232100003,1.0,Corn,0.5057142857142857
1232100005,5.0,Soybean,0.9748603351955307
1232200001,1.0,Corn,0.9715909090909091
1232200002,1.0,Corn,0.9776536312849162
1232200004,1.0,Corn,0.9555555555555556
1232300001,1.0,Corn,0.8117977528089888
1232400004,1.0,Corn,0.7610062893081762
1232400009,1.0,Corn,0.9704142011834319
1233100002,176.0,Other,0.4375
1233100003,1.0,Corn,0.9242658423493045
1233200002,1.0,Corn,0.9545454545454546
1233200003,5.0,Soybean,0.9701492537313433
1233200008,1.0,Corn,0.9885057471264368
1233300001,5.0,Soybean,0.9584487534626038
1233300002,1.0,Corn,0.5292479108635098
1233400001,1.0,Corn,0.711864406779661
1233400003,1.0,Corn,0.8006430868167203
1234100003,5.0,Soybean,0.5528913963328632
1234200001,1.0,Corn,0.9915254237288136
1234200002,1.0,Corn,0.9832402234636871
1234300004,5.0,Soybean,0.9771428571428571
1234300006,1.0,Corn,0.9441340782122905
1234300007,1.0,Corn,0.9438202247191011
1234300009,5.0,Soybean,0.9862068965517241
1234400004,5.0,Soybean,0.9635854341736695
1234400005,1.0,Corn,0.9746478873239437
1235100006,5.0,Soybean,0.8495821727019499
1235200006,5.0,Soybean,0.8295081967213115
1235300002,1.0,Corn,0.5
1235300008,1.0,Corn,0.9741379310344828
1235400004,1.0,Corn,0.9517102615694165
1236100003,5.0,Soybean,0.9805013927576601
1236200001,5.0,Soybean,0.9704797047970479
1236300003,1.0,Corn,0.9888888888888889
1236400002,5.0,Soybean,0.5886392009987516
1301100002,5.0,Soybean,0.9553398058252427
1301100007,5.0,Soybean,0.5031446540880503
1301200005,1.0,Corn,0.9623188405797102
1301200007,1.0,Corn,0.8877551020408163
1301200009,1.0,Corn,0.9390243902439024
1301300008,5.0,Soybean,0.5159883720930233
1301400006,1.0,Corn,0.9454545454545454
1301400007,1.0,Corn,0.953757225433526
1301400009,1.0,Corn,0.9855072463768116
1302100009,1.0,Corn,0.9689922480620154
1302200004,5.0,Soybean,0.9723756906077348
1302200006,5.0,Soybean,0.9583333333333334
1302200009,5.0,Soybean,0.5084745762711864
1302300005,1.0,Corn,0.9470588235294117
1302300006,5.0,Soybean,0.9767441860465116
1302300012,1.0,Corn,0.825
1302400012,5.0,Soybean,0.988950276243094
1302400014,1.0,Corn,0.9253731343283582
1303100001,1.0,Corn,0.9205479452054794
1303100004,5.0,Soybean,0.9581993569131833
1303200008,5.0,Soybean,0.9907407407407407
1303200015,5.0,Soybean,0.9351851851851852
1303200017,5.0,Soybean,0.9597523219814241
1303300005,1.0,Corn,0.9438202247191011
1303300007,1.0,Corn,0.9653179190751445
1303300010,5.0,Soybean,0.8493150684931506
1303300011,5.0,Soybean,0.9871794871794872
1303300012,5.0,Soybean,0.9625
1303300013,5.0,Soybean,1.0
1303300014,5.0,Soybean,1.0
1303400008,5.0,Soybean,0.8842105263157894
1303400009,5.0,Soybean,0.46875
1303400011,5.0,Soybean,0.9864253393665159
1304100012,5.0,Soybean,0.9971098265895953
1304100013,5.0,Soybean,0.9483870967741935
1304200003,5.0,Soybean,0.9787234042553191
1304200004,5.0,Soybean,0.9947089947089947
1304200006,1.0,Corn,0.9967741935483871
1304200007,1.0,Corn,0.8888888888888888
1304300001,24.0,Other,0.9355932203389831
1304300004,1.0,Corn,0.9554140127388535
1304300005,1.0,Corn,1.0
1304400001,5.0,Soybean,0.6273291925465838
1304400004,1.0,Corn,0.8834355828220859
1304400005,1.0,Corn,1.0
1304400008,5.0,Soybean,0.9442622950819672
1305100003,1.0,Corn,0.9376947040498442
1305100004,1.0,Corn,0.9786096256684492
1305100005,1.0,Corn,0.9526315789473684
1305200001,1.0,Corn,0.8780487804878049
1305200003,1.0,Corn,0.896
1305200005,1.0,Corn,0.9029126213592233
1305300001,5.0,Soybean,0.931129476584022
1305300004,5.0,Soybean,0.9861111111111112
1305400001,5.0,Soybean,0.9506849315068493
1305400004,1.0,Corn,0.9375
1306100001,1.0,Corn,0.9666666666666667
1306200004,5.0,Soybean,0.9836065573770492
1306200005,176.0,Other,0.5918367346938775
1306200006,1.0,Corn,0.9913793103448276
1306300001,1.0,Corn,0.9285714285714286
1306300004,1.0,Corn,0.74
1306400001,1.0,Corn,0.9667590027700831
1306400005,1.0,Corn,1.0
1306400006,1.0,Corn,1.0
1307100001,5.0,Soybean,0.9626865671641791
1307100002,1.0,Corn,0.47073170731707314
1307200002,1.0,Corn,0.9205673758865248
1307300002,5.0,Soybean,0.972027972027972
1307300004,1.0,Corn,0.5
1307400001,5.0,Soybean,0.5056179775280899
1307400002,5.0,Soybean,0.9583333333333334
1307400003,5.0,Soybean,0.9775280898876404
1307400004,5.0,Soybean,1.0
1308100003,5.0,Soybean,0.9867256637168141
1308200010,1.0,Corn,0.9676767676767677
1308200011,1.0,Corn,0.9942196531791907
1308200012,1.0,Corn,0.9019607843137255
1308300001,5.0,Soybean,0.9726775956284153
1308300002,5.0,Soybean,0.8156424581005587
1308300003,5.0,Soybean,0.9915492957746479
1308400002,1.0,Corn,0.9380281690140845
1308400003,5.0,Soybean,0.9829059829059829
1309100001,1.0,Corn,0.9740740740740741
1309100005,5.0,Soybean,0.9783783783783784
1309100009,111.0,Other,0.35135135135135137
1309100014,5.0,Soybean,1.0
1309200002,5.0,Soybean,0.944954128440367
1309200003,1.0,Corn,0.7478260869565218
1309200004,1.0,Corn,0.9627906976744186
1309300010,5.0,Soybean,0.9562289562289562
1309300011,5.0,Soybean,1.0
1309300012,5.0,Soybean,1.0
1309300019,5.0,Soybean,0.9876543209876543
1309300020,5.0,Soybean,0.9836065573770492
1309400001,1.0,Corn,0.5523809523809524
1309400003,5.0,Soybean,0.6075581395348837
1310100004,5.0,Soybean,0.554904831625183
1310200005,1.0,Corn,0.9930555555555556
1310200008,1.0,Corn,0.9925650557620818
1310300002,1.0,Corn,0.9900990099009901
1310300004,5.0,Soybean,0.9297752808988764
1310400006,1.0,Corn,0.9921383647798742
1311100009,24.0,Other,0.358974358974359
1311100011,1.0,Corn,0.9310344827586207
1311100015,36.0,Other,0.5247524752475248
1311100018,5.0,Soybean,0.49645390070921985
1311200008,1.0,Corn,0.9204545454545454
1311200009,5.0,Soybean,0.9655172413793104
1311200015,24.0,Other,0.41935483870967744
1311200016,5.0,Soybean,0.6375545851528385
1311300012,5.0,Soybean,0.9777777777777777
1311300013,5.0,Soybean,0.57421875
1311300014,1.0,Corn,0.47619047619047616
1311300015,5.0,Soybean,0.9333333333333333
1311400005,5.0,Soybean,0.9742857142857143
1311400010,5.0,Soybean,0.4891640866873065
1312100011,1.0,Corn,0.9884393063583815
1312100014,1.0,Corn,0.9447619047619048
1312200015,1.0,Corn,0.5295031055900621
1312200017,1.0,Corn,0.7058823529411765
1312300005,176.0,Other,0.8333333333333334
1312300007,1.0,Corn,0.9794952681388013
1312400008,5.0,Soybean,0.6046511627906976
1312400010,5.0,Soybean,0.986784140969163
1312400014,1.0,Corn,0.9690721649484536
1313100003,5.0,Soybean,0.9662921348314607
1313100005,1.0,Corn,0.9693593314763231
1313100007,5.0,Soybean,0.8846153846153846
1313200002,1.0,Corn,0.5362637362637362
1313300006,1.0,Corn,0.9590443686006825
1313400005,1.0,Corn,0.9123867069486404
1314100001,1.0,Corn,0.9637305699481865
1314100003,1.0,Corn,0.963855421686747
1314100004,111.0,Other,0.5857142857142857
1314100005,5.0,Soybean,0.9724770642201835
1314200006,1.0,Corn,0.4785046728971963
1314300004,1.0,Corn,0.550561797752809
1314300008,1.0,Corn,0.5116279069767442
1314300017,5.0,Soybean,0.8
1314300018,5.0,Soybean,0.9680851063829787
1314400001,5.0,Soybean,0.9642857142857143
1314400011,5.0,Soybean,0.9625
1314400013,5.0,Soybean,0.9957805907172996
1314400014,1.0,Corn,0.9625668449197861
1315100001,5.0,Soybean,0.9545454545454546
1315100004,1.0,Corn,0.5580736543909348
1315200001,111.0,Other,0.4931506849315068
1315200002,5.0,Soybean,0.9205298013245033
1315200004,5.0,Soybean,0.9221556886227545
1315200007,5.0,Soybean,0.9645776566757494
1315300002,1.0,Corn,0.9833333333333333
1315300008,5.0,Soybean,0.9921259842519685
1315300009,5.0,Soybean,0.967741935483871
1315400002,5.0,Soybean,0.9257142857142857
1315400007,5.0,Soybean,0.9134615384615384
1315400008,5.0,Soybean,0.9855769230769231
1316100001,1.0,Corn,0.9196675900277008
1316100004,1.0,Corn,0.9914772727272727
1316200005,1.0,Corn,0.9772727272727273
1316200006,1.0,Corn,0.9542857142857143
1316200007,5.0,Soybean,0.9858557284299858
1316300002,5.0,Soybean,0.9595375722543352
1316300003,5.0,Soybean,0.9722222222222222
1316300004,1.0,Corn,0.9850746268656716
1316300005,1.0,Corn,0.9644444444444444
1316400002,5.0,Soybean,0.9720670391061452
1316400003,5.0,Soybean,0.9550561797752809
1317100002,5.0,Soybean,0.9467787114845938
1317100003,5.0,Soybean,0.988950276243094
1317200001,5.0,Soybean,0.9544159544159544
1317200005,24.0,Other,0.8626373626373627
1317200006,24.0,Other,0.4294117647058823
1317300003,1.0,Corn,0.9673055242390078
1317400003,1.0,Corn,0.9382022471910112
1317400008,5.0,Soybean,0.9448275862068966
1317400009,5.0,Soybean,0.9824561403508771
1318100001,1.0,Corn,0.9197860962566845
1318100003,1.0,Corn,0.9738219895287958
1318100005,1.0,Corn,0.872093023255814
1318200002,1.0,Corn,0.9405034324942791
1318200005,1.0,Corn,0.9842696629213483
1318300006,5.0,Soybean,0.9775280898876404
1318300008,5.0,Soybean,0.8970588235294118
1318300009,5.0,Soybean,0.900990099009901
1318300015,1.0,Corn,0.8984375
1318400006,5.0,Soybean,0.956140350877193
1318400010,5.0,Soybean,0.8823529411764706
1318400011,5.0,Soybean,1.0
1319100009,1.0,Corn,0.9458064516129032
1319200003,1.0,Corn,0.9627507163323782
1319200006,1.0,Corn,0.8762376237623762
1319300012,1.0,Corn,0.8169014084507042
1319300013,5.0,Soybean,0.8739495798319328
1319400008,141.0,Other,0.5833333333333334
1319400017,141.0,Other,0.7088607594936709
1319400020,1.0,Corn,0.9408284023668639
1319400027,141.0,Other,0.6166666666666667
1319400028,141.0,Other,0.7887323943661971
1320100006,1.0,Corn,0.9543859649122807
1320200002,5.0,Soybean,0.9488636363636364
1320200003,1.0,Corn,0.971830985915493
1320200007,1.0,Corn,0.9665071770334929
1320200008,1.0,Corn,1.0
1320300001,1.0,Corn,0.9455782312925171
1320300006,141.0,Other,0.47619047619047616
1320300023,1.0,Corn,0.9572192513368984
1320400008,1.0,Corn,0.9413919413919414
1320400011,176.0,Other,0.7384615384615385
1320400012,1.0,Corn,0.9702970297029703
1320400013,176.0,Other,0.7547169811320755
1321100010,1.0,Corn,0.9588235294117647
1321100012,1.0,Corn,0.9401197604790419
1321100013,1.0,Corn,0.9659090909090909
1321200007,5.0,Soybean,0.9285714285714286
1321200008,5.0,Soybean,0.9404761904761905
1321200009,5.0,Soybean,0.9638009049773756
1321200010,5.0,Soybean,0.7397260273972602
1321200011,5.0,Soybean,0.9508196721311475
1321300001,1.0,Corn,0.9573283858998145
1321400007,1.0,Corn,0.96
1321400009,1.0,Corn,0.9821428571428571
1321400010,1.0,Corn,0.9411764705882353
1322100006,5.0,Soybean,0.9764705882352941
1322100007,5.0,Soybean,0.9813664596273292
1322200004,5.0,Soybean,0.6363636363636364
1322300003,5.0,Soybean,0.940959409594096
1322400017,1.0,Corn,0.3817204301075269
1322400018,1.0,Corn,0.9883040935672515
1322400019,1.0,Corn,0.9765395894428153
1323100011,1.0,Corn,0.9906542056074766
1323200020,1.0,Corn,0.8693586698337292
1323200021,123.0,Other,0.6142857142857143
1323300001,1.0,Corn,0.9942528735632183
1323300003,1.0,Corn,1.0
1323400003,5.0,Soybean,0.5417867435158501
1323400004,1.0,Corn,0.9584487534626038
1324100007,121.0,Other,0.5660377358490566
1324100013,124.0,Other,0.5617977528089888
1324100016,5.0,Soybean,0.8602941176470589
1324200004,5.0,Soybean,0.9707602339181286
1324200016,5.0,Soybean,0.9538461538461539
1324200017,5.0,Soybean,0.9855072463768116
1324300008,124.0,Other,0.9382716049382716
1324300011,124.0,Other,0.9347826086956522
1324300012,123.0,Other,0.4634146341463415
1324300021,124.0,Other,0.5833333333333334
1324300024,124.0,Other,0.8721804511278195
1324400001,5.0,Soybean,0.9741379310344828
1324400009,5.0,Soybean,0.5
1324503004,123.0,Other,0.375
1325100005,1.0,Corn,0.4640198511166253
1325100006,124.0,Other,0.3534430225472273
1325503001,124.0,Other,0.45569620253164556
1326100003,1.0,Corn,0.9859154929577465
1326100004,5.0,Soybean,0.9854227405247813
1326200003,1.0,Corn,0.9378787878787879
1326200008,176.0,Other,0.46153846153846156
1326300005,,,
1326301001,5.0,Soybean,1.0
1326401001,5.0,Soybean,0.9273182957393483
1326401002,5.0,Soybean,0.9734513274336283
1326401003,5.0,Soybean,0.9929078014184397
1327100005,5.0,Soybean,0.5274261603375527
1327100006,1.0,Corn,0.69375
1327100007,1.0,Corn,0.9691780821917808
1327200004,5.0,Soybean,0.4444444444444444
1327200009,1.0,Corn,0.9423076923076923
1327200011,5.0,Soybean,0.9583333333333334
1327300003,141.0,Other,0.48360655737704916
1327300004,5.0,Soybean,0.6162790697674418
1327300013,1.0,Corn,0.9577464788732394
1327400001,5.0,Soybean,0.9489795918367347
1327400010,176.0,Other,0.7538461538461538
1327400013,5.0,Soybean,0.5873015873015873
1327400018,176.0,Other,0.8297872340425532
1327400021,5.0,Soybean,0.4810606060606061
1328100007,1.0,Corn,0.918918918918919
1328100012,1.0,Corn,0.6947368421052632
1328100013,5.0,Soybean,0.85
1328100014,1.0,Corn,0.9051918735891648
1328100015,176.0,Other,0.5588235294117647
1328200007,5.0,Soybean,0.9180555555555555
1328200008,5.0,Soybean,0.7019230769230769
1328300002,176.0,Other,0.6575342465753424
1328300013,1.0,Corn,0.9135802469135802
1328400002,5.0,Soybean,0.5756097560975609
1328400008,5.0,Soybean,0.5966386554621849
1328400010,141.0,Other,0.6923076923076923
1328400013,5.0,Soybean,0.6805555555555556
1329100003,176.0,Other,0.8333333333333334
1329100004,176.0,Other,0.9736842105263158
1329100011,5.0,Soybean,0.6677316293929713
1329100012,5.0,Soybean,0.695906432748538
1329200016,1.0,Corn,0.9294117647058824
1329200027,5.0,Soybean,0.7123287671232876
1329200031,176.0,Other,0.49019607843137253
1329200044,5.0,Soybean,0.6646341463414634
1329300001,1.0,Corn,0.6345609065155807
1329300005,176.0,Other,0.8864468864468864
1329400006,1.0,Corn,0.9749216300940439
1329400010,176.0,Other,0.6802507836990596
1330100001,141.0,Other,0.9619047619047619
1330100005,5.0,Soybean,0.3661360347322721
1330200005,176.0,Other,0.6607142857142857
1330200006,141.0,Other,0.7817258883248731
1330200009,176.0,Other,0.6351351351351351
1330300003,5.0,Soybean,0.9696969696969697
1330300005,176.0,Other,0.6818181818181818
1330400005,5.0,Soybean,0.6133828996282528
1330400006,5.0,Soybean,0.9418181818181818
1331100001,5.0,Soybean,1.0
1331200002,5.0,Soybean,0.5380434782608695
1331200003,1.0,Corn,0.9867109634551495
1331200004,1.0,Corn,0.9743589743589743
1331300001,1.0,Corn,0.8911917098445595
1331400005,5.0,Soybean,0.8921933085501859
1332100001,5.0,Soybean,0.6475409836065574
1332100004,5.0,Soybean,0.8150943396226416
1332100005,5.0,Soybean,0.9466666666666667
1332200001,176.0,Other,0.8813559322033898
1332200004,5.0,Soybean,0.8544303797468354
1332200006,5.0,Soybean,1.0
1332200009,5.0,Soybean,0.8405797101449275
1332300001,5.0,Soybean,0.9108910891089109
1332300002,1.0,Corn,0.5747126436781609
1332300003,1.0,Corn,0.6352201257861635
1332300005,5.0,Soybean,0.9239130434782609
1332300006,1.0,Corn,0.9583333333333334
1332400003,5.0,Soybean,0.8595505617977528
1332400013,5.0,Soybean,0.6521739130434783
1332400014,1.0,Corn,0.8932584269662921
1332400016,1.0,Corn,0.9365853658536586
1333100004,1.0,Corn,0.375
1333100017,5.0,Soybean,0.8950617283950617
1333100018,1.0,Corn,0.4396551724137931
1333100020,141.0,Other,0.45652173913043476
1333100021,5.0,Soybean,0.5126582278481012
1333200009,176.0,Other,0.6382978723404256
1333200010,176.0,Other,0.7142857142857143
1333200021,5.0,Soybean,0.5026737967914439
1333200023,5.0,Soybean,0.9064748201438849
1333301007,5.0,Soybean,0.8472222222222222
1333352001,121.0,Other,0.6363636363636364
1333402010,121.0,Other,0.4861111111111111
1333426004,121.0,Other,0.9473684210526315
1333451012,121.0,Other,0.8717948717948718
1333477011,121.0,Other,0.7121212121212122
1334101003,5.0,Soybean,0.8181818181818182
1334200007,5.0,Soybean,0.3673469387755102
1334200018,5.0,Soybean,0.8672985781990521
1334254010,176.0,Other,0.5531914893617021
1334326007,121.0,Other,0.8144329896907216
1334353007,121.0,Other,0.6818181818181818
1334400017,5.0,Soybean,0.887719298245614
1334400019,1.0,Corn,0.9485294117647058
1335200001,5.0,Soybean,0.9912727272727273
1335301001,1.0,Corn,0.9473684210526315
1335426001,1.0,Corn,0.9561128526645768
1335451007,1.0,Corn,0.9570552147239264
1335476001,5.0,Soybean,0.8283582089552238
1336100005,5.0,Soybean,0.8888888888888888
1336100011,124.0,Other,0.7777777777777778
1336100018,5.0,Soybean,0.9428571428571428
1336100020,5.0,Soybean,0.935672514619883
1336100022,5.0,Soybean,1.0
1336200010,5.0,Soybean,1.0
1336200014,5.0,Soybean,0.9117647058823529
1336200018,5.0,Soybean,0.8878504672897196
1336200019,176.0,Other,0.3722627737226277
1336200020,124.0,Other,0.6521739130434783
1336301003,5.0,Soybean,0.94
1336326002,5.0,Soybean,0.9528023598820059
1336401002,122.0,Other,0.23655913978494625
1336401003,124.0,Other,0.40869565217391307
1336426010,124.0,Other,0.5652173913043478
1336451002,124.0,Other,0.352112676056338
1336476013,124.0,Other,0.684931506849315
1401100003,1.0,Corn,0.9371428571428572
1401100006,5.0,Soybean,0.9725190839694656
1401200007,5.0,Soybean,0.965675057208238
1401300006,1.0,Corn,0.9731182795698925
1401300007,1.0,Corn,0.952
1401400003,1.0,Corn,0.9726027397260274
1402100002,5.0,Soybean,0.9578947368421052
1402200005,5.0,Soybean,0.9590643274853801
1402200006,5.0,Soybean,0.9880239520958084
1402200007,5.0,Soybean,0.4947916666666667
1402300003,5.0,Soybean,0.5333333333333333
1402300004,5.0,Soybean,0.910828025477707
1402300005,1.0,Corn,0.8307692307692308
1402300006,5.0,Soybean,0.625
1402300007,5.0,Soybean,0.5502183406113537
1402400002,1.0,Corn,0.93
1402400003,1.0,Corn,0.9339449541284404
1403100004,5.0,Soybean,0.5128617363344051
1403200008,5.0,Soybean,0.9157303370786517
1403200010,1.0,Corn,0.5462794918330308
1403300001,1.0,Corn,0.9411764705882353
1403300004,1.0,Corn,0.9553429027113237
1403400001,5.0,Soybean,0.6546184738955824
1403400002,1.0,Corn,0.901685393258427
1404100008,5.0,Soybean,0.956140350877193
1404100009,5.0,Soybean,0.9838709677419355
1404100019,124.0,Other,0.18781725888324874
1404100020,1.0,Corn,0.9949748743718593
1404100021,1.0,Corn,0.9742489270386266
1404200005,1.0,Corn,0.9771428571428571
1404200013,5.0,Soybean,0.49514563106796117
1404300012,124.0,Other,0.20224719101123595
1404300014,1.0,Corn,0.5444444444444444
1404300015,5.0,Soybean,0.9619771863117871
1404300016,5.0,Soybean,0.9859943977591037
1404400004,1.0,Corn,0.8392857142857143
1404400007,1.0,Corn,0.5050505050505051
1404400008,5.0,Soybean,0.4954545454545455
1405100009,5.0,Soybean,0.9750328515111695
1405300004,5.0,Soybean,0.9761904761904762
1405300005,5.0,Soybean,0.9497206703910615
1405400002,1.0,Corn,0.49836244541484714
1406100003,1.0,Corn,0.7976190476190477
1406100009,1.0,Corn,0.8908045977011494
1406100012,1.0,Corn,0.9413489736070382
1406200005,5.0,Soybean,0.9660452729693741
1406300005,5.0,Soybean,0.9780645161290322
1407100006,5.0,Soybean,0.5280898876404494
1407100020,5.0,Soybean,0.36683417085427134
1407100024,1.0,Corn,0.7890625
1407100025,176.0,Other,0.4
1407100026,5.0,Soybean,0.5784313725490197
1407200005,1.0,Corn,0.9770114942528736
1407300002,5.0,Soybean,0.5271317829457365
1407300011,1.0,Corn,0.5851063829787234
1408100003,1.0,Corn,0.9694444444444444
1408200010,1.0,Corn,0.9895366218236173
1408300002,1.0,Corn,0.9787849566055931
1408400002,1.0,Corn,0.5104477611940299
1408400004,1.0,Corn,1.0
1409100003,5.0,Soybean,0.982051282051282
1409100005,5.0,Soybean,0.45098039215686275
1409100009,5.0,Soybean,0.916030534351145
1409101002,5.0,Soybean,0.7142857142857143
1409200011,122.0,Other,0.36231884057971014
1409200013,5.0,Soybean,0.4913494809688581
1409300001,1.0,Corn,0.8802228412256268
1409300020,124.0,Other,0.576271186440678
1409400025,1.0,Corn,0.8930817610062893
1409400040,124.0,Other,0.42696629213483145
1409400049,123.0,Other,0.47692307692307695
1409400052,124.0,Other,0.5584415584415584
1410100004,5.0,Soybean,0.9895470383275261
1410100006,1.0,Corn,0.9357798165137615
1410100008,5.0,Soybean,0.9197860962566845
1410200008,5.0,Soybean,0.9648318042813455
1410300002,1.0,Corn,0.9416745061147695
1410400001,1.0,Corn,0.9235127478753541
1411100001,1.0,Corn,0.9567567567567568
1411100002,5.0,Soybean,0.9555555555555556
1411100003,1.0,Corn,0.9755434782608695
1411200013,5.0,Soybean,0.8168316831683168
1411201009,5.0,Soybean,0.3815789473684211
1411277011,124.0,Other,0.9
1411300002,5.0,Soybean,0.8814589665653495
1411300003,5.0,Soybean,0.5098591549295775
1411477001,5.0,Soybean,0.7908496732026143
1412102001,1.0,Corn,0.9540983606557377
1412126001,1.0,Corn,0.9917355371900827
1412200003,1.0,Corn,0.9235127478753541
1412200006,1.0,Corn,0.9833795013850416
1412300001,5.0,Soybean,0.9707865168539326
1412300003,1.0,Corn,0.9683794466403162
1412400004,1.0,Corn,0.6272189349112426
1412400005,5.0,Soybean,0.8598130841121495
1413100001,1.0,Corn,0.9596977329974811
1413300001,1.0,Corn,0.9101123595505618
1413400009,5.0,Soybean,0.9748811948404617
1413400010,5.0,Soybean,0.8888888888888888
1414100018,111.0,Other,0.6935483870967742
1414200002,1.0,Corn,0.9873417721518988
1414200003,1.0,Corn,0.8699186991869918
1414300001,1.0,Corn,0.9554794520547946
1414300007,121.0,Other,0.2962962962962963
1414300008,1.0,Corn,0.8235294117647058
1414300009,1.0,Corn,0.8266666666666667
1415101040,123.0,Other,0.8205128205128205
1415200004,111.0,Other,0.42
1415200010,121.0,Other,0.8620342396777442
1415300006,5.0,Soybean,0.8444444444444444
1415400041,121.0,Other,0.3191489361702128
1415400042,5.0,Soybean,0.8
1415450001,5.0,Soybean,0.7088607594936709
1416100001,1.0,Corn,0.9103139013452914
1416151001,5.0,Soybean,0.8482142857142857
1416200069,123.0,Other,0.5956284153005464
1416200071,122.0,Other,0.4727272727272727
1416251013,123.0,Other,0.375
1416300019,123.0,Other,0.5797101449275363
1416405002,124.0,Other,0.6727272727272727
1416476008,5.0,Soybean,0.515625
1417100002,36.0,Other,0.5709876543209876
1417100003,1.0,Corn,0.9491525423728814
1417100004,5.0,Soybean,0.8521739130434782
1417100005,1.0,Corn,0.8346456692913385
1417200001,1.0,Corn,0.9783950617283951
1417200002,1.0,Corn,0.9790209790209791
1417400005,123.0,Other,0.36082474226804123
1417400008,123.0,Other,0.2420814479638009
1417400010,5.0,Soybean,0.42016806722689076
1418100009,5.0,Soybean,0.466403162055336
1418100010,5.0,Soybean,0.5270935960591133
1418200001,5.0,Soybean,0.6503957783641161
1418300007,5.0,Soybean,0.9643765903307888
1418300010,5.0,Soybean,1.0
1418400007,1.0,Corn,0.7945205479452054
1418400008,1.0,Corn,0.9553571428571429
1419100002,5.0,Soybean,0.975
1419100017,5.0,Soybean,0.4764705882352941
1419100019,5.0,Soybean,0.9752650176678446
1419200009,5.0,Soybean,0.8833333333333333
1419276001,122.0,Other,0.3611111111111111
1419300001,1.0,Corn,0.6227544910179641
1419300002,1.0,Corn,0.96
1419300003,5.0,Soybean,0.9974025974025974
1419400005,5.0,Soybean,0.875
1419400006,121.0,Other,0.582089552238806
1419400007,5.0,Soybean,0.8807339449541285
1419400009,121.0,Other,0.345
1420100003,5.0,Soybean,0.9470588235294117
1420200001,121.0,Other,0.9335443037974683
1420200002,5.0,Soybean,0.9467084639498433
1420300001,121.0,Other,0.35802469135802467
1421151012,123.0,Other,0.45714285714285713
1421205024,121.0,Other,0.5934065934065934
1421227015,121.0,Other,0.8833333333333333
1421301001,121.0,Other,0.34394904458598724
1421301002,121.0,Other,0.4117647058823529
1421351002,121.0,Other,0.37777777777777777
1421401010,124.0,Other,0.4375
1422154001,122.0,Other,0.425531914893617
1422176006,5.0,Soybean,0.43529411764705883
1422200026,1.0,Corn,0.8076923076923077
1422376024,122.0,Other,0.3972602739726027
1422400019,124.0,Other,0.5769230769230769
1422431011,121.0,Other,0.7428571428571429
1423100008,1.0,Corn,0.9130434782608695
1423100010,1.0,Corn,0.6761904761904762
1423200002,123.0,Other,0.3368421052631579
1423200016,123.0,Other,0.23529411764705882
1423276001,124.0,Other,0.9122807017543859
1423326001,124.0,Other,0.32
1423353001,124.0,Other,0.4296875
1423376001,124.0,Other,0.3803680981595092
1423402004,124.0,Other,0.7391304347826086
1423426009,121.0,Other,0.6266666666666667
1424100014,5.0,Soybean,0.6308724832214765
1424276003,122.0,Other,0.4393939393939394
1424300013,1.0,Corn,0.7272727272727273
1424300014,121.0,Other,0.375
1424300016,1.0,Corn,0.9220404234841193
1425176042,122.0,Other,0.578125
1425353004,123.0,Other,0.4153846153846154
1425400007,123.0,Other,0.3803680981595092
1426153001,121.0,Other,0.3620689655172414
1426202015,124.0,Other,0.828125
1426231001,122.0,Other,0.3442622950819672
1426276025,124.0,Other,0.6329113924050633
1426376021,124.0,Other,0.9111111111111111
1426402001,124.0,Other,0.9838709677419355
1426428001,121.0,Other,0.38271604938271603
1426428005,5.0,Soybean,0.417910447761194
1426451021,122.0,Other,0.3559322033898305
1426476007,121.0,Other,0.5204081632653061
1427126007,123.0,Other,0.875
1427252014,123.0,Other,0.3191489361702128
1427312005,121.0,Other,0.3898305084745763
1427326002,121.0,Other,0.40298507462686567
1427380014,122.0,Other,0.4146341463414634
1427454002,121.0,Other,0.4084507042253521
1428151002,123.0,Other,0.34050179211469533
1428253022,124.0,Other,0.8947368421052632
1428304026,123.0,Other,0.3611111111111111
1428401009,124.0,Other,0.5
1428403024,124.0,Other,0.8214285714285714
1429326001,122.0,Other,0.6078431372549019
1429326002,122.0,Other,0.8888888888888888
1429484001,122.0,Other,0.5106382978723404
1430100007,5.0,Soybean,0.974025974025974
1430100008,5.0,Soybean,0.9186046511627907
1430200001,121.0,Other,0.41379310344827586
1430200002,121.0,Other,0.8041666666666667
1430200003,121.0,Other,0.6206896551724138
1430301029,124.0,Other,0.5882352941176471
1430301031,176.0,Other,0.21428571428571427
1430376016,121.0,Other,0.3835616438356164
1430377001,1.0,Corn,0.8909952606635071
1430401001,1.0,Corn,0.6170212765957447
1430476010,5.0,Soybean,0.8184615384615385
1430503001,123.0,Other,0.43157894736842106
1431100013,5.0,Soybean,0.33663366336633666
1431100033,5.0,Soybean,0.49700598802395207
1431101000,124.0,Other,0.9166666666666666
1431200008,124.0,Other,0.515625
1431200016,5.0,Soybean,0.8333333333333334
1431200021,1.0,Corn,0.7976190476190477
1431200024,121.0,Other,0.25
1431226014,124.0,Other,0.5555555555555556
1431277001,123.0,Other,0.34065934065934067
1431301013,5.0,Soybean,0.7395833333333334
1431326004,124.0,Other,0.5925925925925926
1431376014,124.0,Other,0.7307692307692307
1431400009,124.0,Other,0.6170212765957447
1431427003,124.0,Other,0.5151515151515151
1431427006,122.0,Other,0.28
1431477006,24.0,Other,0.6049382716049383
1432209031,123.0,Other,0.46875
1432251002,124.0,Other,0.7571428571428571
1432251007,124.0,Other,0.48148148148148145
1432280019,124.0,Other,0.6444444444444445
1432326030,111.0,Other,0.484593837535014
1432351003,111.0,Other,0.5567567567567567
1432477005,123.0,Other,0.46766169154228854
1432506017,124.0,Other,0.6375
1433151002,122.0,Other,0.3888888888888889
1433155001,122.0,Other,0.6097560975609756
1433230003,121.0,Other,0.36363636363636365
1433382006,123.0,Other,0.4827586206896552
1433506009,123.0,Other,0.6166666666666667
1434101016,121.0,Other,0.647887323943662
1434253005,121.0,Other,0.5668789808917197
1435176004,121.0,Other,0.28823529411764703
1435201005,124.0,Other,0.6194690265486725
1435226007,121.0,Other,0.71875
1435251010,124.0,Other,0.8333333333333334
1435355021,124.0,Other,0.9818181818181818
1435428021,122.0,Other,0.4067796610169492
1436101002,124.0,Other,0.5897435897435898
1436101005,124.0,Other,0.5
1436105002,122.0,Other,0.625
1436126014,121.0,Other,0.25882352941176473
1436176047,122.0,Other,0.58
1436201076,123.0,Other,0.5535714285714286
1436376031,124.0,Other,0.47058823529411764
1436400011,122.0,Other,0.5944055944055944
1501100001,5.0,Soybean,0.9752066115702479
1501200001,1.0,Corn,0.983459682977257
1501300002,5.0,Soybean,0.9491525423728814
1501300003,5.0,Soybean,0.9776536312849162
1501300004,1.0,Corn,0.9445983379501385
1502100003,176.0,Other,0.5675675675675675
1502200005,5.0,Soybean,0.9621621621621622
1502200008,176.0,Other,0.775
1502200010,1.0,Corn,0.9681528662420382
1502400014,1.0,Corn,0.5629139072847682
1503100001,1.0,Corn,0.95
1503100004,1.0,Corn,0.4984984984984985
1503200003,5.0,Soybean,0.49213483146067416
1503200004,5.0,Soybean,0.5153061224489796
1503300003,5.0,Soybean,0.6907514450867052
1503400001,5.0,Soybean,0.9945054945054945
1503400002,1.0,Corn,0.9395604395604396
1504100006,1.0,Corn,0.6169230769230769
1504200012,1.0,Corn,0.9622093023255814
1504200014,1.0,Corn,0.5171171171171172
1504300006,5.0,Soybean,0.4528301886792453
1504300007,176.0,Other,0.4574468085106383
1504300008,5.0,Soybean,0.9820359281437125
1504400007,1.0,Corn,0.9617486338797814
1504400009,1.0,Corn,0.9611111111111111
1505100006,1.0,Corn,0.8736263736263736
1505200009,1.0,Corn,0.5867549668874172
1505451024,1.0,Corn,0.9624413145539906
1505476001,5.0,Soybean,0.89
1506100007,1.0,Corn,0.9194139194139194
1506100008,1.0,Corn,0.5172413793103449
1506200001,5.0,Soybean,0.9477611940298507
1506200003,1.0,Corn,0.5603985056039851
1506300003,5.0,Soybean,0.967420814479638
1506400001,5.0,Soybean,0.9723926380368099
1506400010,1.0,Corn,0.9409448818897638
1507100005,5.0,Soybean,0.510548523206751
1507200002,122.0,Other,0.45098039215686275
1507400003,5.0,Soybean,0.5150421179302046
1507400006,1.0,Corn,0.9780927835051546
1508101002,1.0,Corn,0.9325842696629213
1508101003,1.0,Corn,0.7674418604651163
1508126001,5.0,Soybean,0.7231638418079096
1508200008,5.0,Soybean,0.9775280898876404
1508200011,5.0,Soybean,0.9476923076923077
1508300002,1.0,Corn,0.5351906158357771
1508400002,5.0,Soybean,0.9743589743589743
1508400003,5.0,Soybean,0.5013927576601671
1509100006,1.0,Corn,0.9168141592920354
1509100007,176.0,Other,0.5789473684210527
1509100008,1.0,Corn,0.6153846153846154
1509200005,1.0,Corn,0.968944099378882
1509200013,1.0,Corn,0.9251040221914009
1509400006,5.0,Soybean,0.6
1509400008,5.0,Soybean,0.9740518962075848
1510100001,1.0,Corn,0.9747191011235955
1510100003,1.0,Corn,1.0
1510100005,1.0,Corn,0.9649122807017544
1510100006,1.0,Corn,1.0
1510200004,1.0,Corn,0.5861027190332326
1510200009,5.0,Soybean,0.5752688172043011
1510200010,1.0,Corn,0.9629629629629629
1510200011,1.0,Corn,0.9787234042553191
1510300006,5.0,Soybean,0.526075022872827
1510400002,5.0,Soybean,0.9957173447537473
1511100004,5.0,Soybean,0.9775784753363229
1511100005,5.0,Soybean,0.9770992366412213
1511200001,1.0,Corn,0.971830985915493
1511300005,5.0,Soybean,1.0
1511400003,1.0,Corn,0.9552572706935123
1511400004,5.0,Soybean,0.9881796690307328
1512100005,5.0,Soybean,0.9795918367346939
1512200002,1.0,Corn,0.9783783783783784
1512200013,1.0,Corn,0.9602272727272727
1512300004,5.0,Soybean,0.9765258215962441
1512300005,5.0,Soybean,1.0
1512300006,5.0,Soybean,0.9923273657289002
1512400001,5.0,Soybean,0.6644736842105263
1513100004,5.0,Soybean,0.9688249400479616
1513100006,1.0,Corn,0.9254901960784314
1513200002,1.0,Corn,0.956140350877193
1513200003,1.0,Corn,0.9739010989010989
1513300002,1.0,Corn,0.9762470308788599
1513300006,1.0,Corn,0.9775280898876404
1513300007,1.0,Corn,0.9540816326530612
1513400002,1.0,Corn,0.9527777777777777
1514100018,5.0,Soybean,0.9083924349881797
1514200001,5.0,Soybean,0.975609756097561
1514200002,5.0,Soybean,0.9930555555555556
1514200003,5.0,Soybean,0.9708029197080292
1514400001,5.0,Soybean,0.9148936170212766
1515100002,176.0,Other,0.5970149253731343
1515100010,176.0,Other,0.4734042553191489
1515100011,5.0,Soybean,0.38122827346465815
1515200012,1.0,Corn,0.9452554744525548
1515200013,5.0,Soybean,0.9941348973607038
1515300007,1.0,Corn,0.7142857142857143
1515300016,1.0,Corn,0.6641221374045801
1515300017,5.0,Soybean,0.8539325842696629
1515300018,5.0,Soybean,0.9661016949152542
1515300019,5.0,Soybean,0.988929889298893
1515400006,1.0,Corn,0.875
1516100001,5.0,Soybean,0.9716713881019831
1516100005,5.0,Soybean,1.0
1516200005,1.0,Corn,0.9319470699432892
1516300006,5.0,Soybean,0.45789473684210524
1516400005,1.0,Corn,1.0
1516400011,1.0,Corn,1.0
1516400012,1.0,Corn,0.9711729622266402
1517100003,5.0,Soybean,0.8917525773195877
1517100006,5.0,Soybean,0.9734680985470625
1517200002,1.0,Corn,0.9584905660377359
1517300001,5.0,Soybean,0.9388888888888889
1517300003,1.0,Corn,0.9833333333333333
1517400005,1.0,Corn,0.9772727272727273
1517400006,1.0,Corn,0.9779411764705882
1518100001,5.0,Soybean,0.5166994106090373
1518200001,1.0,Corn,0.5076708507670851
1518300006,124.0,Other,0.3217665615141956
1518300007,1.0,Corn,0.24210526315789474
1518400023,176.0,Other,0.2459016393442623
1518400030,1.0,Corn,0.968
1518400031,1.0,Corn,0.8146718146718147
1518477002,176.0,Other,0.3611111111111111
1519100006,5.0,Soybean,0.944954128440367
1519100007,5.0,Soybean,1.0
1519200009,1.0,Corn,0.9845201238390093
1519200012,1.0,Corn,0.7878787878787878
1519300015,5.0,Soybean,0.9389978213507625
1519300019,,,
1519300020,176.0,Other,0.3333333333333333
1519400006,5.0,Soybean,0.7278481012658228
1520100002,5.0,Soybean,0.5022471910112359
1520100003,1.0,Corn,0.5936435868331441
1520200001,1.0,Corn,0.5163776493256262
1521100001,1.0,Corn,0.9848901098901099
1521200002,1.0,Corn,0.9805555555555555
1521200003,5.0,Soybean,0.9835164835164835
1521200004,5.0,Soybean,0.9672131147540983
1521300002,1.0,Corn,0.9717514124293786
1521300005,1.0,Corn,0.9808219178082191
1521400003,5.0,Soybean,0.9461426491994177
1522100004,5.0,Soybean,0.9913419913419913
1522100005,1.0,Corn,0.9771241830065359
1522300004,5.0,Soybean,0.9888888888888889
1522300005,5.0,Soybean,0.9178470254957507
1522400004,1.0,Corn,1.0
1522400005,1.0,Corn,0.9831460674157303
1523200004,5.0,Soybean,0.8554033485540334
1523200005,176.0,Other,0.2894736842105263
1523300002,1.0,Corn,0.9476584022038568
1523300003,5.0,Soybean,0.9092627599243857
1523426001,1.0,Corn,0.9464285714285714
1523426002,5.0,Soybean,0.9545454545454546
1524100004,5.0,Soybean,0.8832807570977917
1524200009,176.0,Other,0.475
1524200011,5.0,Soybean,0.6257197696737045
1524300011,1.0,Corn,0.9888888888888889
1524400004,5.0,Soybean,0.6067917783735478
1525100010,1.0,Corn,0.9768339768339769
1525100011,1.0,Corn,0.973384030418251
1525100012,5.0,Soybean,0.9818181818181818
1525200003,1.0,Corn,0.9255419415645617
1525300009,1.0,Corn,0.5587905935050392
1525400004,5.0,Soybean,1.0
1526100006,1.0,Corn,0.7468354430379747
1526100007,5.0,Soybean,0.9168241965973535
1526100008,5.0,Soybean,1.0
1526200020,5.0,Soybean,1.0
1526200033,5.0,Soybean,0.4976689976689977
1526300007,5.0,Soybean,0.9693251533742331
1527100006,5.0,Soybean,0.9575070821529745
1527200005,1.0,Corn,0.9774647887323944
1527300003,1.0,Corn,0.9659958362248439
1528100003,1.0,Corn,0.961864406779661
1528200002,5.0,Soybean,0.48476454293628807
1528200005,1.0,Corn,0.5195530726256983
1528300007,5.0,Soybean,0.49719101123595505
1528400002,5.0,Soybean,0.9512195121951219
1528400003,1.0,Corn,0.9805013927576601
1529100010,122.0,Other,0.5405405405405406
1529100012,5.0,Soybean,0.9661016949152542
1529100013,1.0,Corn,0.556390977443609
1529200008,5.0,Soybean,0.9885714285714285
1529200009,5.0,Soybean,0.5446153846153846
1529302021,5.0,Soybean,0.9717868338557993
1529306012,121.0,Other,0.2807017543859649
1529400002,1.0,Corn,0.5010482180293501
1530152031,122.0,Other,0.4186046511627907
1530200005,1.0,Corn,0.9012345679012346
1530352032,122.0,Other,0.3883495145631068
1530400014,122.0,Other,0.3953488372093023
1531101062,111.0,Other,0.47368421052631576
1531304001,123.0,Other,0.36585365853658536
1531304002,122.0,Other,0.42718446601941745
1531351003,123.0,Other,0.3684210526315789
1531354000,124.0,Other,0.6956521739130435
1531377001,1.0,Corn,0.7012195121951219
1531400016,1.0,Corn,0.8288043478260869
1531405009,123.0,Other,0.6
1532100001,5.0,Soybean,0.9653739612188366
1532200003,5.0,Soybean,0.5013736263736264
1532300008,122.0,Other,0.3333333333333333
1532300014,1.0,Corn,0.9672897196261683
1532400001,1.0,Corn,0.48148148148148145
1533100001,1.0,Corn,1.0
1533100004,1.0,Corn,0.9853747714808044
1533200002,5.0,Soybean,0.9441340782122905
1533200004,5.0,Soybean,0.9565217391304348
1533200005,1.0,Corn,0.9277777777777778
1533300007,1.0,Corn,1.0
1533300008,5.0,Soybean,1.0
1533300010,1.0,Corn,0.9810126582278481
1533300011,1.0,Corn,1.0
1533400003,5.0,Soybean,1.0
1533400004,1.0,Corn,0.9694656488549618
1533400005,1.0,Corn,0.9622641509433962
1534100004,1.0,Corn,0.6052631578947368
1534200001,1.0,Corn,0.9862258953168044
1534200003,1.0,Corn,0.9723756906077348
1534200004,1.0,Corn,0.9836065573770492
1534300001,1.0,Corn,0.9772079772079773
1534400001,5.0,Soybean,0.9745762711864406
1534400002,5.0,Soybean,0.9416666666666667
1534400005,5.0,Soybean,0.9493670886075949
1535100001,5.0,Soybean,0.979253112033195
1535200007,1.0,Corn,0.96398891966759
1535300001,5.0,Soybean,0.967445152158528
1536100004,5.0,Soybean,0.9792843691148776
1536100006,1.0,Corn,0.5069252077562327
1536200003,5.0,Soybean,0.9832402234636871
1536200004,5.0,Soybean,0.9482758620689655
1536200005,1.0,Corn,0.9398907103825137
1536200006,1.0,Corn,0.9395604395604396
1536400001,5.0,Soybean,0.5084745762711864
1601100003,5.0,Soybean,0.5843023255813954
1601200002,5.0,Soybean,0.8202247191011236
1601200003,5.0,Soybean,0.9946524064171123
1601200004,5.0,Soybean,0.9117647058823529
1601300001,1.0,Corn,0.9745762711864406
1601300005,1.0,Corn,0.9612068965517241
1601400001,1.0,Corn,0.9826589595375722
1601400005,1.0,Corn,0.9885386819484241
1601400006,176.0,Other,0.4444444444444444
1601400007,1.0,Corn,0.9849624060150376
1602100001,1.0,Corn,0.8847736625514403
1602100002,1.0,Corn,0.9444444444444444
1602100003,1.0,Corn,0.9788135593220338
1602200001,1.0,Corn,0.9395604395604396
1602200003,1.0,Corn,1.0
1602200004,1.0,Corn,0.9479166666666666
1602300001,1.0,Corn,0.9662921348314607
1602300003,1.0,Corn,0.9340659340659341
1602400003,5.0,Soybean,0.9716713881019831
1602400004,5.0,Soybean,0.9550561797752809
1602400005,1.0,Corn,0.8156424581005587
1603100009,5.0,Soybean,0.9608938547486033
1603100010,1.0,Corn,0.9722222222222222
1603100011,1.0,Corn,0.9725274725274725
1603200001,5.0,Soybean,0.9456066945606695
1603300004,1.0,Corn,0.9785841760856633
1604100002,5.0,Soybean,0.9924242424242424
1604100003,5.0,Soybean,0.9869281045751634
1604200004,1.0,Corn,0.9335347432024169
1604200005,5.0,Soybean,0.9944237918215614
1604300001,5.0,Soybean,0.5056179775280899
1604400006,1.0,Corn,0.9014084507042254
1605100002,5.0,Soybean,0.9633802816901409
1605200002,1.0,Corn,0.5184905660377358
1605300001,1.0,Corn,0.9665738161559888
1605300002,1.0,Corn,0.9261363636363636
1605300003,1.0,Corn,0.9831460674157303
1605400001,1.0,Corn,0.985632183908046
1605400003,1.0,Corn,0.9662921348314607
1606100003,1.0,Corn,0.8677248677248677
1606100005,5.0,Soybean,0.9568965517241379
1606100009,5.0,Soybean,0.9542857142857143
1606100011,5.0,Soybean,0.9612903225806452
1606100014,1.0,Corn,0.9318181818181818
1606200007,5.0,Soybean,0.98
1606300004,5.0,Soybean,0.926829268292683
1606300007,5.0,Soybean,0.972768532526475
1606400001,1.0,Corn,0.791907514450867
1607100001,1.0,Corn,0.9566473988439307
1607100002,5.0,Soybean,0.9556962025316456
1607100007,1.0,Corn,0.953757225433526
1607200004,5.0,Soybean,0.9426751592356688
1607200005,5.0,Soybean,0.9874476987447699
1607300006,1.0,Corn,0.9590163934426229
1607300007,5.0,Soybean,1.0
1607300008,5.0,Soybean,0.8977272727272727
1607300009,5.0,Soybean,0.9943342776203966
1607300010,5.0,Soybean,0.9914040114613181
1607400002,1.0,Corn,0.9490084985835694
1607400019,5.0,Soybean,0.9940476190476191
1607400020,5.0,Soybean,0.9790575916230366
1608100001,5.0,Soybean,0.5
1608100008,5.0,Soybean,0.9793103448275862
1608100009,5.0,Soybean,0.9888888888888889
1608200001,5.0,Soybean,0.9635854341736695
1608200002,5.0,Soybean,0.9860335195530726
1608300005,1.0,Corn,0.9352941176470588
1608300008,5.0,Soybean,0.5555555555555556
1608400004,5.0,Soybean,0.9803370786516854
1609100001,1.0,Corn,0.967966573816156
1609200001,5.0,Soybean,0.9595375722543352
1609200003,5.0,Soybean,0.9916897506925207
1609200004,5.0,Soybean,0.9467455621301775
1609300002,1.0,Corn,0.9606741573033708
1609300003,5.0,Soybean,0.9813664596273292
1609400002,5.0,Soybean,0.9832402234636871
1609400003,5.0,Soybean,0.9597701149425287
1609400004,5.0,Soybean,0.9825581395348837
1610100001,1.0,Corn,0.9380281690140845
1610100002,5.0,Soybean,0.9829059829059829
1610200006,1.0,Corn,0.9335219236209336
1610300001,1.0,Corn,0.7053824362606232
1610300002,1.0,Corn,0.9796954314720813
1610300007,5.0,Soybean,0.9830508474576272
1610400002,5.0,Soybean,0.993421052631579
1610400006,5.0,Soybean,0.9852941176470589
1611100013,5.0,Soybean,0.9712230215827338
1611200013,5.0,Soybean,0.9120234604105572
1611300001,5.0,Soybean,0.7130307467057101
1611400006,5.0,Soybean,0.6510516252390057
1612100003,5.0,Soybean,0.9375
1612100004,5.0,Soybean,0.9777777777777777
1612200001,1.0,Corn,0.4881118881118881
1612300013,1.0,Corn,0.831306990881459
1612300015,5.0,Soybean,0.9543010752688172
1612400005,5.0,Soybean,0.9791666666666666
1613100006,1.0,Corn,0.9583333333333334
1613100010,1.0,Corn,0.9794007490636704
1613200003,1.0,Corn,0.9776536312849162
1613200004,5.0,Soybean,0.9410112359550562
1613300002,1.0,Corn,0.9854014598540146
1613300006,1.0,Corn,0.9742120343839542
1613300008,1.0,Corn,0.9724770642201835
1613300009,1.0,Corn,0.9607843137254902
1613400001,5.0,Soybean,0.9456521739130435
1613400002,1.0,Corn,0.95
1614101001,1.0,Corn,0.988950276243094
1614126012,1.0,Corn,0.7454545454545455
1614176002,5.0,Soybean,0.963302752293578
1614212002,5.0,Soybean,0.7066666666666667
1614226010,5.0,Soybean,0.9071428571428571
1614276003,5.0,Soybean,0.8637873754152824
1614300004,1.0,Corn,0.5
1614300005,5.0,Soybean,0.5055555555555555
1614300008,1.0,Corn,0.9625
1614400003,5.0,Soybean,0.788235294117647
1614400004,1.0,Corn,0.9655172413793104
1614400008,5.0,Soybean,0.9705882352941176
1614400010,1.0,Corn,0.9831460674157303
1615100003,5.0,Soybean,0.9776536312849162
1615100005,5.0,Soybean,0.8888888888888888
1615100006,5.0,Soybean,0.9746835443037974
1615200008,5.0,Soybean,0.5350877192982456
1615200011,1.0,Corn,0.9258426966292135
1615300003,5.0,Soybean,0.9518413597733711
1615300005,5.0,Soybean,0.9917355371900827
1615400002,5.0,Soybean,0.9682080924855492
1615400003,1.0,Corn,0.9578651685393258
1616100005,1.0,Corn,0.9324324324324325
1616200004,1.0,Corn,0.9171597633136095
1616200005,1.0,Corn,0.5314401622718052
1616300008,5.0,Soybean,0.9920318725099602
1616300009,5.0,Soybean,0.9715099715099715
1616400007,5.0,Soybean,0.9825581395348837
1616400008,5.0,Soybean,0.96875
1617100002,24.0,Other,0.6796657381615598
1617100005,5.0,Soybean,0.9886685552407932
1617200010,5.0,Soybean,0.9628571428571429
1617200011,1.0,Corn,0.9887323943661972
1617300002,5.0,Soybean,0.9411764705882353
1617300004,1.0,Corn,0.5463743676222597
1617400002,5.0,Soybean,0.9686609686609686
1618100001,1.0,Corn,0.9608610567514677
1618100009,1.0,Corn,0.9847328244274809
1618100010,1.0,Corn,0.984
1618100012,1.0,Corn,0.9760956175298805
1618200001,5.0,Soybean,0.9546742209631728
1618200004,5.0,Soybean,0.9883040935672515
1618300001,5.0,Soybean,0.9198813056379822
1618300002,1.0,Corn,0.9634146341463414
1618300003,1.0,Corn,0.9439775910364145
1618400001,5.0,Soybean,0.9888888888888889
1618400002,5.0,Soybean,0.9712643678160919
1619100001,5.0,Soybean,0.4888888888888889
1619100004,5.0,Soybean,0.9919678714859438
1619200005,5.0,Soybean,0.4843462246777164
1619300005,1.0,Corn,0.9612903225806452
1619300011,5.0,Soybean,1.0
1619300012,1.0,Corn,0.5068493150684932
1619300013,1.0,Corn,0.9861111111111112
1619326001,1.0,Corn,0.5967741935483871
1619400008,5.0,Soybean,0.9716312056737588
1619400009,5.0,Soybean,0.9461538461538461
1619400010,1.0,Corn,0.5044378698224852
1620100010,5.0,Soybean,0.9943820224719101
1620100016,1.0,Corn,0.9411764705882353
1620100017,5.0,Soybean,0.9821428571428571
1620100019,1.0,Corn,0.8983050847457628
1620100020,1.0,Corn,0.9469026548672567
1620200001,1.0,Corn,0.96
1620200006,1.0,Corn,0.9642857142857143
1620300001,1.0,Corn,0.9744318181818182
1620300002,5.0,Soybean,0.6136986301369863
1620400002,5.0,Soybean,0.9263456090651558
1620400005,1.0,Corn,0.9802816901408451
1621100003,5.0,Soybean,0.9880239520958084
1621100004,5.0,Soybean,0.9827089337175793
1621200003,5.0,Soybean,0.744413407821229
1621300005,1.0,Corn,0.9748603351955307
1621300006,1.0,Corn,0.9708029197080292
1621300007,1.0,Corn,0.9707602339181286
1621400002,5.0,Soybean,0.9664804469273743
1621400010,1.0,Corn,0.7773512476007678
1622100001,5.0,Soybean,0.7719298245614035
1622100013,5.0,Soybean,0.9942857142857143
1622100014,5.0,Soybean,1.0
1622100015,5.0,Soybean,0.945054945054945
1622200002,5.0,Soybean,0.5027726432532348
1622200003,1.0,Corn,0.9418604651162791
1622300002,1.0,Corn,0.9482758620689655
1622300007,5.0,Soybean,0.5080058224163028
1622400001,5.0,Soybean,0.9176029962546817
1622400002,5.0,Soybean,0.9322033898305084
1623100002,5.0,Soybean,0.5274725274725275
1623100003,5.0,Soybean,0.9547169811320755
1623100004,5.0,Soybean,1.0
1623200001,5.0,Soybean,0.9115168539325843
1623300005,5.0,Soybean,0.6926406926406926
1623400004,5.0,Soybean,0.8245614035087719
1623400008,5.0,Soybean,0.952112676056338
1624100005,5.0,Soybean,0.9601139601139601
1624100006,5.0,Soybean,0.9791955617198336
1624200002,5.0,Soybean,0.9603399433427762
1624200003,5.0,Soybean,0.9438202247191011
1624200004,5.0,Soybean,0.9655172413793104
1624300002,1.0,Corn,0.9137931034482759
1624300004,5.0,Soybean,0.9602272727272727
1624300005,1.0,Corn,0.9545454545454546
1624400002,1.0,Corn,0.9726027397260274
1624400004,1.0,Corn,0.9706744868035191
1625100001,5.0,Soybean,0.8997134670487106
1625100003,1.0,Corn,0.943342776203966
1625200001,5.0,Soybean,0.96
1625300001,5.0,Soybean,0.7627118644067796
1625300002,5.0,Soybean,0.9526627218934911
1625400002,5.0,Soybean,0.9607843137254902
1625400004,5.0,Soybean,0.994535519125683
1625400005,5.0,Soybean,0.5142857142857142
1626100006,5.0,Soybean,0.9569230769230769
1626100007,5.0,Soybean,0.8913043478260869
1626100008,5.0,Soybean,1.0
1626100009,5.0,Soybean,1.0
1626100010,5.0,Soybean,1.0
1626200002,1.0,Corn,0.8409090909090909
1626200004,1.0,Corn,0.9344262295081968
1626200006,1.0,Corn,0.9319526627218935
1626300004,176.0,Other,0.78125
1626300005,1.0,Corn,0.9612403100775194
1626300006,5.0,Soybean,0.9920424403183024
1626400009,5.0,Soybean,0.9608938547486033
1626400010,1.0,Corn,0.9722735674676525
1627100002,5.0,Soybean,0.9720670391061452
1627100004,5.0,Soybean,0.7758620689655172
1627200005,5.0,Soybean,0.96045197740113
1627200008,5.0,Soybean,0.9921259842519685
1627300004,1.0,Corn,0.930635838150289
1627300005,1.0,Corn,0.9428571428571428
1627300006,1.0,Corn,0.9467787114845938
1627400004,5.0,Soybean,0.5319548872180451
1628100004,1.0,Corn,0.5650485436893203
1628100005,1.0,Corn,0.5636363636363636
1628100006,1.0,Corn,0.5306122448979592
1628200002,5.0,Soybean,0.9626436781609196
1628200004,5.0,Soybean,0.9884726224783862
1628300001,1.0,Corn,0.9925093632958801
1628300002,1.0,Corn,0.9631728045325779
1628400014,5.0,Soybean,0.9862068965517241
1628400015,5.0,Soybean,0.9764705882352941
1628400017,5.0,Soybean,0.9486166007905138
1628400018,176.0,Other,0.42
1629100001,5.0,Soybean,0.9763724808895066
1629300001,5.0,Soybean,0.9538043478260869
1629300003,1.0,Corn,1.0
1629300004,1.0,Corn,0.8943089430894309
1629300005,1.0,Corn,0.9504132231404959
1629400002,5.0,Soybean,0.5068870523415978
1629400004,5.0,Soybean,0.9908256880733946
1629400005,5.0,Soybean,0.9818181818181818
1629400006,5.0,Soybean,0.9557522123893806
1630100012,5.0,Soybean,0.989010989010989
1630100013,1.0,Corn,0.9570200573065902
1630100014,1.0,Corn,0.5017543859649123
1630200017,5.0,Soybean,0.49045521292217326
1630300003,5.0,Soybean,0.9862637362637363
1630300006,5.0,Soybean,0.5812101910828026
1630400004,1.0,Corn,0.8258426966292135
1630400006,5.0,Soybean,0.9863013698630136
1630400007,5.0,Soybean,0.9728260869565217
1631100004,5.0,Soybean,0.9482758620689655
1631300005,1.0,Corn,0.5198821796759941
1631400001,1.0,Corn,0.9633802816901409
1632100007,5.0,Soybean,0.9739884393063584
1632100009,5.0,Soybean,0.9423631123919308
1632200004,5.0,Soybean,0.9192200557103064
1632200005,1.0,Corn,0.956268221574344
1632300003,5.0,Soybean,0.8757396449704142
1632300006,5.0,Soybean,0.9288461538461539
1632400002,5.0,Soybean,0.9125364431486881
1632400004,176.0,Other,0.3409090909090909
1632400005,5.0,Soybean,0.9863013698630136
1632400006,5.0,Soybean,0.9035087719298246
1632400007,5.0,Soybean,0.84
1633100005,1.0,Corn,0.9823529411764705
1633100006,5.0,Soybean,0.9751381215469613
1633200003,5.0,Soybean,0.9617021276595744
1633200004,5.0,Soybean,0.9731182795698925
1633200005,5.0,Soybean,0.9137931034482759
1633300001,1.0,Corn,0.9860335195530726
1633300006,5.0,Soybean,0.7582089552238805
1633400003,5.0,Soybean,0.9692737430167597
1634100001,5.0,Soybean,0.49164345403899723
1634200001,1.0,Corn,0.9586776859504132
1634200003,5.0,Soybean,0.9914040114613181
1634300001,1.0,Corn,0.9704142011834319
1634300003,5.0,Soybean,0.9716713881019831
1634400001,1.0,Corn,1.0
1634400002,1.0,Corn,0.9723756906077348
1634400004,1.0,Corn,0.9772727272727273
1634400005,1.0,Corn,0.9545454545454546
1635100001,5.0,Soybean,0.49504950495049505
1635200006,1.0,Corn,0.5407066052227343
1635300003,5.0,Soybean,0.9907407407407407
1635300004,5.0,Soybean,0.7262443438914027
1635400002,1.0,Corn,0.9741007194244604
1636100005,1.0,Corn,0.971830985915493
1636200005,5.0,Soybean,0.9792147806004619
1636300002,1.0,Corn,0.980225988700565
1636300003,1.0,Corn,0.9911764705882353
1701100005,5.0,Soybean,0.5964912280701754
1701100008,5.0,Soybean,0.9762658227848101
1701200001,5.0,Soybean,0.9799426934097422
1701200005,5.0,Soybean,0.5208333333333334
1701300002,5.0,Soybean,0.9735376044568245
1701400004,1.0,Corn,0.8369565217391305
1701400005,5.0,Soybean,0.6246575342465753
1702101004,1.0,Corn,0.9570552147239264
1702154005,5.0,Soybean,0.9134199134199135
1702200003,5.0,Soybean,0.9812409812409812
1702400003,1.0,Corn,0.9806034482758621
1702400004,1.0,Corn,0.9604685212298683
1703100004,1.0,Corn,0.8734177215189873
1703100005,5.0,Soybean,0.3448275862068966
1703100021,5.0,Soybean,0.9383561643835616
1703100025,1.0,Corn,0.8063063063063063
1703201010,5.0,Soybean,0.7931034482758621
1703228068,122.0,Other,0.4888888888888889
1703300006,5.0,Soybean,0.54
1703300007,5.0,Soybean,0.36231884057971014
1703434018,122.0,Other,0.3372093023255814
1703451004,176.0,Other,0.5064935064935064
1704100005,5.0,Soybean,0.3487394957983193
1704100006,141.0,Other,0.47191011235955055
1704200007,1.0,Corn,0.9282051282051282
1704200019,5.0,Soybean,0.5238095238095238
1704300010,1.0,Corn,0.9748427672955975
1704400010,1.0,Corn,0.49297856614929786
1704400011,1.0,Corn,0.4468325791855204
1705100002,5.0,Soybean,0.4853801169590643
1705100003,141.0,Other,0.5666666666666667
1705100004,176.0,Other,0.49333333333333335
1705200006,141.0,Other,0.4323607427055703
1705200008,5.0,Soybean,0.4327485380116959
1705300001,5.0,Soybean,0.9631728045325779
1705300003,1.0,Corn,0.9329268292682927
1705300004,1.0,Corn,0.4427083333333333
1705400004,5.0,Soybean,0.8972972972972973
1705400005,1.0,Corn,0.4556830031282586
1705400006,5.0,Soybean,0.532133676092545
1705400007,1.0,Corn,0.5149253731343284
1706100001,5.0,Soybean,0.7421052631578947
1706200006,141.0,Other,0.3869565217391304
1706200007,176.0,Other,0.4161849710982659
1706300002,5.0,Soybean,0.9611650485436893
1706300003,5.0,Soybean,0.9855907780979827
1706400001,5.0,Soybean,0.9436769394261424
1707100006,5.0,Soybean,0.9944289693593314
1707100007,5.0,Soybean,0.9368932038834952
1707100008,5.0,Soybean,0.970873786407767
1707200001,5.0,Soybean,0.9428571428571428
1707200002,1.0,Corn,0.9722222222222222
1707200008,1.0,Corn,0.95
1707300009,1.0,Corn,0.8957871396895787
1707400002,1.0,Corn,0.988950276243094
1707400003,1.0,Corn,0.9464285714285714
1707400004,1.0,Corn,0.9831460674157303
1708100001,5.0,Soybean,0.9652173913043478
1708100005,1.0,Corn,0.9877675840978594
1708200007,1.0,Corn,0.5187319884726225
1708300008,5.0,Soybean,0.9830028328611898
1708400001,5.0,Soybean,0.5113636363636364
1708400002,5.0,Soybean,0.958904109589041
1709200001,1.0,Corn,0.9611111111111111
1709300003,1.0,Corn,0.4845505617977528
1709400001,5.0,Soybean,0.8910614525139665
1710100002,1.0,Corn,0.6263736263736264
1710100006,5.0,Soybean,0.9666666666666667
1710200007,122.0,Other,0.2647058823529412
1710200009,1.0,Corn,0.3797909407665505
1710400004,1.0,Corn,0.9661654135338346
1711100005,5.0,Soybean,0.47049924357034795
1711200001,1.0,Corn,0.8749126484975541
1712100008,5.0,Soybean,0.8202764976958525
1712100011,1.0,Corn,0.7377049180327869
1712200006,1.0,Corn,0.858085808580858
1712200007,1.0,Corn,0.8895027624309392
1712200008,1.0,Corn,0.8532608695652174
1712200009,1.0,Corn,0.8626373626373627
1712300002,5.0,Soybean,0.9173553719008265
1712300003,1.0,Corn,0.9651162790697675
1712400011,5.0,Soybean,0.9961832061068703
1712400013,1.0,Corn,0.963963963963964
1713100003,1.0,Corn,0.9619565217391305
1713100005,1.0,Corn,1.0
1713100006,1.0,Corn,1.0
1713100007,5.0,Soybean,0.9658703071672355
1713100008,5.0,Soybean,0.9552238805970149
1713200003,1.0,Corn,0.49262122276879833
1713300001,5.0,Soybean,0.9561643835616438
1713300004,5.0,Soybean,0.9888268156424581
1713300005,5.0,Soybean,1.0
1714100005,1.0,Corn,0.9631728045325779
1714100006,1.0,Corn,0.9831223628691983
1714100007,1.0,Corn,0.963302752293578
1714200005,5.0,Soybean,0.9861495844875346
1714200006,1.0,Corn,0.9541547277936963
1714300004,1.0,Corn,0.9586894586894587
1714400002,5.0,Soybean,0.9637096774193549
1714400003,5.0,Soybean,0.9914529914529915
1714400004,1.0,Corn,0.9495798319327731
1715100001,5.0,Soybean,0.8398328690807799
1715200001,5.0,Soybean,0.9508196721311475
1715200002,5.0,Soybean,0.9659090909090909
1715200003,5.0,Soybean,0.9078212290502793
1715300008,1.0,Corn,0.9787234042553191
1715400001,1.0,Corn,0.9340813464235624
1716100007,5.0,Soybean,0.9693877551020408
1716200001,1.0,Corn,0.9467084639498433
1716300003,1.0,Corn,0.5048951048951049
1716400001,1.0,Corn,0.9736111111111111
1717100008,5.0,Soybean,0.5141700404858299
1717100009,1.0,Corn,0.9850746268656716
1717200006,1.0,Corn,0.9763440860215054
1717200008,5.0,Soybean,0.9463087248322147
1717200009,5.0,Soybean,0.49897119341563784
1718100003,5.0,Soybean,0.8796992481203008
1718100004,5.0,Soybean,0.7246963562753036
1718200001,5.0,Soybean,0.49299719887955185
1718300002,5.0,Soybean,0.71334431630972
1718400001,5.0,Soybean,0.9860724233983287
1718400003,1.0,Corn,0.9730538922155688
1719100001,1.0,Corn,0.496057078482914
1720100004,1.0,Corn,0.9608062709966405
1720200003,1.0,Corn,0.9479768786127167
1720200006,5.0,Soybean,0.9913294797687862
1720300002,5.0,Soybean,0.9555555555555556
1720300003,5.0,Soybean,0.9801699716713881
1720400002,1.0,Corn,0.6417233560090703
1721100001,1.0,Corn,0.9568245125348189
1721200001,1.0,Corn,0.9722607489597781
1721300003,1.0,Corn,0.9644381223328592
1721400004,5.0,Soybean,0.9720670391061452
1721400005,1.0,Corn,0.6556169429097606
1722100007,5.0,Soybean,0.9484536082474226
1722200006,1.0,Corn,0.6820143884892086
1722300002,5.0,Soybean,0.930939226519337
1722300008,5.0,Soybean,0.9732142857142857
1722400003,1.0,Corn,1.0
1722400004,5.0,Soybean,0.9781420765027322
1722400005,5.0,Soybean,0.9685714285714285
1723100004,5.0,Soybean,0.4854186265286924
1723200013,1.0,Corn,0.9683908045977011
1723300002,5.0,Soybean,0.9008498583569405
1723400003,5.0,Soybean,0.970873786407767
1724100001,5.0,Soybean,0.9388888888888889
1724100002,1.0,Corn,0.9807162534435262
1724200001,1.0,Corn,0.9917808219178083
1724200003,5.0,Soybean,0.9192546583850931
1724200005,1.0,Corn,0.9590747330960854
1724300013,1.0,Corn,0.9741379310344828
1724400002,1.0,Corn,0.9772727272727273
1725100003,1.0,Corn,0.9687650168188371
1725400001,1.0,Corn,0.49375866851595007
1726100001,1.0,Corn,0.4887323943661972
1726200001,5.0,Soybean,0.9739368998628258
1726300004,5.0,Soybean,0.8223776223776224
1726400001,5.0,Soybean,0.9835616438356164
1726400002,1.0,Corn,0.7642045454545454
1727100003,5.0,Soybean,0.4930555555555556
1727200006,1.0,Corn,0.9698275862068966
1727300002,5.0,Soybean,0.991869918699187
1727300005,1.0,Corn,0.9712643678160919
1727400002,1.0,Corn,0.969187675070028
1727400003,5.0,Soybean,0.9662921348314607
1727400004,5.0,Soybean,0.988950276243094
1728100001,5.0,Soybean,0.9624060150375939
1728200002,1.0,Corn,0.96875
1728300003,1.0,Corn,0.490177736202058
1728400003,1.0,Corn,0.9476923076923077
1729100001,5.0,Soybean,0.9564032697547684
1729100005,1.0,Corn,0.953757225433526
1729200003,5.0,Soybean,0.9602272727272727
1729200004,1.0,Corn,0.9371428571428572
1729300001,5.0,Soybean,0.9375
1729300007,1.0,Corn,0.9808429118773946
1729400002,5.0,Soybean,0.6044198895027625
1730100001,5.0,Soybean,0.4900562851782364
1731100001,5.0,Soybean,0.7597402597402597
1731200001,1.0,Corn,0.9608938547486033
1731200002,5.0,Soybean,0.969187675070028
1731300002,1.0,Corn,0.9354838709677419
1731300007,176.0,Other,0.7337461300309598
1731400001,5.0,Soybean,0.764456981664316
1732100004,5.0,Soybean,0.9708029197080292
1732200001,1.0,Corn,0.9510869565217391
1732200002,1.0,Corn,0.9333333333333333
1732200003,5.0,Soybean,0.9859550561797753
1732300001,1.0,Corn,0.9517045454545454
1732300002,5.0,Soybean,0.9902642559109874
1732400004,1.0,Corn,0.8358662613981763
1733100002,5.0,Soybean,0.9651162790697675
1733100003,5.0,Soybean,0.9775280898876404
1733100005,5.0,Soybean,0.9670658682634731
1733200001,1.0,Corn,0.9747899159663865
1733200002,1.0,Corn,0.9549295774647887
1733300001,5.0,Soybean,0.963276836158192
1733300005,1.0,Corn,0.5110132158590308
1733400010,5.0,Soybean,0.9761904761904762
1733400011,5.0,Soybean,0.7378640776699029
1734100001,5.0,Soybean,0.9523809523809523
1734100002,5.0,Soybean,0.9835164835164835
1734200003,5.0,Soybean,0.9781420765027322
1734200006,1.0,Corn,0.9393939393939394
1734200007,1.0,Corn,0.8558558558558559
1734200008,1.0,Corn,0.9779005524861878
1734200009,1.0,Corn,0.9831460674157303
1734300005,5.0,Soybean,0.9637883008356546
1734300008,1.0,Corn,0.9669421487603306
1734300009,1.0,Corn,0.949438202247191
1734400005,1.0,Corn,0.9594594594594594
1735100001,1.0,Corn,0.8554913294797688
1735100005,5.0,Soybean,0.9888888888888889
1735200002,1.0,Corn,0.9636871508379888
1735200004,1.0,Corn,0.9781420765027322
1735200009,1.0,Corn,0.9820359281437125
1735300005,5.0,Soybean,0.5167144221585482
1735400001,5.0,Soybean,0.8895184135977338
1736100001,1.0,Corn,0.6513888888888889
1736200004,5.0,Soybean,0.9529411764705882
1736200007,5.0,Soybean,0.9333333333333333
1736200008,5.0,Soybean,0.9738372093023255
1736300001,1.0,Corn,0.9601139601139601
1736300003,1.0,Corn,0.993920972644377
1736400002,5.0,Soybean,0.9536231884057971
1801100001,5.0,Soybean,0.9416666666666667
1801100006,1.0,Corn,0.975609756097561
1801200001,1.0,Corn,0.9512893982808023
1801300002,5.0,Soybean,0.5477888730385164
1801400002,5.0,Soybean,0.9021956087824351
1801400003,1.0,Corn,0.812206572769953
1802100001,1.0,Corn,0.8948863636363636
1802100006,5.0,Soybean,0.972972972972973
1802200001,1.0,Corn,0.9530201342281879
1802200002,5.0,Soybean,0.9204545454545454
1802300002,1.0,Corn,0.9604863221884499
1802300003,5.0,Soybean,0.7333333333333333
1802300004,5.0,Soybean,0.9962406015037594
1802400006,5.0,Soybean,0.5122302158273381
1803100002,5.0,Soybean,0.9758522727272727
1803200001,5.0,Soybean,0.9631728045325779
1803300006,1.0,Corn,0.513550135501355
1803400017,5.0,Soybean,0.9779951100244498
1803400018,5.0,Soybean,0.9747899159663865
1804151001,5.0,Soybean,0.6458333333333334
1804176002,5.0,Soybean,0.9641434262948207
1804200002,5.0,Soybean,0.49715099715099714
1804200003,5.0,Soybean,0.4943342776203966
1804300003,1.0,Corn,0.952513966480447
1805100003,1.0,Corn,0.5547391623806025
1805201001,5.0,Soybean,0.9145569620253164
1805255001,1.0,Corn,0.9310344827586207
1805400001,1.0,Corn,0.9036144578313253
1805400002,5.0,Soybean,0.9392
1806100001,5.0,Soybean,0.4782608695652174
1806200004,5.0,Soybean,0.48424068767908307
1806200005,1.0,Corn,0.48158640226628896
1806200006,1.0,Corn,0.9832869080779945
1806300006,5.0,Soybean,0.6149068322981367
1806300007,5.0,Soybean,0.6785079928952042
1806400002,5.0,Soybean,0.9136904761904762
1807100001,5.0,Soybean,0.9434889434889435
1807100003,1.0,Corn,0.8782991202346041
1807200001,5.0,Soybean,0.958217270194986
1807300001,1.0,Corn,0.9788359788359788
1807300002,1.0,Corn,0.9728997289972899
1807400001,5.0,Soybean,0.9861878453038674
1807400002,5.0,Soybean,0.9665738161559888
1808100001,1.0,Corn,0.9697802197802198
1808200003,1.0,Corn,0.9666357738646896
1808300003,1.0,Corn,0.5126050420168067
1808400007,5.0,Soybean,0.9450704225352112
1809100001,5.0,Soybean,0.8904109589041096
1809100004,5.0,Soybean,0.49806451612903224
1809200001,1.0,Corn,0.9803646563814866
1809300001,5.0,Soybean,0.4904214559386973
1809400002,1.0,Corn,0.9887005649717514
1809400003,1.0,Corn,0.9942528735632183
1810100002,1.0,Corn,0.9860724233983287
1810200001,1.0,Corn,0.9635854341736695
1810300003,1.0,Corn,0.984375
1810400001,5.0,Soybean,0.9093484419263456
1810400002,5.0,Soybean,0.9659090909090909
1811100001,176.0,Other,0.5625
1811100004,5.0,Soybean,0.48333333333333334
1811100005,5.0,Soybean,0.504881450488145
1811200002,5.0,Soybean,0.9033149171270718
1811200005,5.0,Soybean,0.9408450704225352
1811400001,5.0,Soybean,0.9747545582047685
1812100003,5.0,Soybean,0.8498985801217038
1812200002,1.0,Corn,0.9531835205992509
1812300002,1.0,Corn,0.8791208791208791
1812400001,1.0,Corn,0.9743589743589743
1812400002,5.0,Soybean,0.9833641404805915
1813100001,1.0,Corn,0.8890469416785206
1813200003,1.0,Corn,0.5303244005641748
1813400002,1.0,Corn,0.9147727272727273
1813400003,5.0,Soybean,0.7175572519083969
1813400004,5.0,Soybean,0.9587155963302753
1814100001,5.0,Soybean,0.9696132596685083
1814100005,5.0,Soybean,0.9814471243042672
1814200001,1.0,Corn,0.9523809523809523
1814300001,1.0,Corn,0.946927374301676
1814400003,1.0,Corn,0.9823529411764705
1814400004,1.0,Corn,0.7416666666666667
1815200001,1.0,Corn,0.9640151515151515
1815300002,5.0,Soybean,0.9739619985925405
1815400004,1.0,Corn,0.9769585253456221
1816200001,1.0,Corn,0.9430199430199431
1816200005,5.0,Soybean,0.9735294117647059
1816300007,5.0,Soybean,0.4881720430107527
1816400001,1.0,Corn,0.9204545454545454
1816400002,5.0,Soybean,0.9717514124293786
1816400003,5.0,Soybean,0.9764705882352941
1817100005,5.0,Soybean,0.9656357388316151
1817100006,1.0,Corn,0.786046511627907
1817200001,5.0,Soybean,0.9424964936886395
1817300001,1.0,Corn,0.8917378917378918
1817300003,1.0,Corn,0.9550561797752809
1817300004,1.0,Corn,0.9562841530054644
1817400002,5.0,Soybean,0.9696531791907514
1818100003,5.0,Soybean,0.9841269841269841
1818100006,5.0,Soybean,0.5190156599552572
1818200005,5.0,Soybean,0.9944444444444445
1818200006,5.0,Soybean,0.6716417910447762
1818300005,5.0,Soybean,0.9381443298969072
1818300008,1.0,Corn,0.959409594095941
1818400002,5.0,Soybean,0.6349809885931559
1819100002,1.0,Corn,0.9171717171717172
1819100005,1.0,Corn,0.9233716475095786
1819200010,1.0,Corn,0.5449330783938815
1819200011,5.0,Soybean,0.9824561403508771
1819200012,5.0,Soybean,0.5555555555555556
1819300002,1.0,Corn,0.9705488621151271
1819400005,1.0,Corn,0.6807909604519774
1819400006,1.0,Corn,0.9774011299435028
1820100006,1.0,Corn,0.6026241799437676
1820200003,5.0,Soybean,0.49137931034482757
1820300003,1.0,Corn,0.9606741573033708
1820300004,1.0,Corn,0.9715909090909091
1820400004,5.0,Soybean,0.9833333333333333
1820400005,5.0,Soybean,0.968299711815562
1821100001,1.0,Corn,0.9488636363636364
1821100002,1.0,Corn,0.9882697947214076
1821200008,1.0,Corn,0.9827586206896551
1821200010,5.0,Soybean,0.5942028985507246
1821200011,5.0,Soybean,0.678714859437751
1821300001,5.0,Soybean,0.9801699716713881
1821300004,5.0,Soybean,0.9452887537993921
1821400003,1.0,Corn,0.9742489270386266
1822100004,1.0,Corn,0.9803407601572739
1822200011,5.0,Soybean,0.9732142857142857
1822200012,5.0,Soybean,0.9585152838427947
1822300002,5.0,Soybean,0.9670510708401977
1822400009,5.0,Soybean,1.0
1822400010,5.0,Soybean,0.8852459016393442
1822400012,5.0,Soybean,0.5294117647058824
1823100005,1.0,Corn,0.9547738693467337
1823100006,1.0,Corn,0.9295774647887324
1823200002,1.0,Corn,0.9175108538350217
1823300002,5.0,Soybean,0.5098039215686274
1823300003,1.0,Corn,0.49291784702549574
1823400001,1.0,Corn,0.9812409812409812
1824100004,5.0,Soybean,0.5027932960893855
1824200001,5.0,Soybean,0.9773371104815864
1824300004,1.0,Corn,0.9382239382239382
1824300005,5.0,Soybean,0.9734848484848485
1824300006,1.0,Corn,0.975095785440613
1824400012,1.0,Corn,0.7889908256880734
1824400013,1.0,Corn,0.8872180451127819
1825100002,5.0,Soybean,0.9624413145539906
1825100003,5.0,Soybean,1.0
1825200002,5.0,Soybean,0.9686609686609686
1825200003,1.0,Corn,0.9722222222222222
1825300001,5.0,Soybean,0.9705056179775281
1825400001,5.0,Soybean,0.4915492957746479
1826100002,5.0,Soybean,0.9803921568627451
1826200003,5.0,Soybean,0.6416349809885932
1826300010,1.0,Corn,0.9696969696969697
1826400002,1.0,Corn,0.5566037735849056
1826400003,1.0,Corn,0.33402489626556015
1827100001,1.0,Corn,0.47752808988764045
1827200001,1.0,Corn,0.961038961038961
1827300003,5.0,Soybean,0.6519886363636364
1827400002,5.0,Soybean,0.9485714285714286
1827400005,1.0,Corn,0.92
1827400006,1.0,Corn,0.8589743589743589
1828100003,1.0,Corn,0.9227013832384052
1828100004,5.0,Soybean,0.8490566037735849
1829100001,1.0,Corn,0.4941860465116279
1829100002,5.0,Soybean,0.9544159544159544
1829200008,5.0,Soybean,0.5009505703422054
1829300002,5.0,Soybean,0.9795620437956204
1829400002,1.0,Corn,0.9661971830985916
1830100003,1.0,Corn,0.5378031383737518
1830200001,1.0,Corn,0.9832689832689833
1830300003,1.0,Corn,0.6490872210953347
1831100001,5.0,Soybean,0.54631507775524
1831300003,5.0,Soybean,0.5250171350239891
1832100002,176.0,Other,0.9334763948497854
1832200008,1.0,Corn,0.9830508474576272
1832200009,5.0,Soybean,0.9090909090909091
1832200010,5.0,Soybean,0.5151515151515151
1832200012,5.0,Soybean,0.9664804469273743
1832400002,1.0,Corn,0.49421965317919075
1832400009,1.0,Corn,0.9884393063583815
1833200003,1.0,Corn,0.48770816812053924
1833200004,176.0,Other,0.726027397260274
1833300001,176.0,Other,0.927038626609442
1833400010,1.0,Corn,0.6214605067064084
1834100004,5.0,Soybean,0.49906015037593987
1834200004,1.0,Corn,0.6332378223495702
1834200005,5.0,Soybean,0.4985507246376812
1834300004,5.0,Soybean,0.7535545023696683
1834300006,1.0,Corn,0.45454545454545453
1834400001,5.0,Soybean,0.9857954545454546
1834400002,1.0,Corn,0.9626436781609196
1835100001,1.0,Corn,0.6204690831556503
1835200003,1.0,Corn,0.9586305278174037
1835400002,5.0,Soybean,0.49784791965566716
1836100005,1.0,Corn,0.9640831758034026
1836200001,5.0,Soybean,0.5168161434977578
1836300003,5.0,Soybean,0.9362101313320825
1836400001,1.0,Corn,0.9597765363128492
1901100004,1.0,Corn,0.4918918918918919
1901200002,5.0,Soybean,0.9606741573033708
1901300002,1.0,Corn,0.949438202247191
1901300003,176.0,Other,0.45555555555555555
1901300005,1.0,Corn,0.9867256637168141
1901300006,5.0,Soybean,0.9504504504504504
1901400003,5.0,Soybean,0.96045197740113
1901400004,1.0,Corn,0.9659090909090909
1901400008,5.0,Soybean,0.9803370786516854
1902100004,5.0,Soybean,0.948936170212766
1902100005,1.0,Corn,0.49490835030549896
1902200003,1.0,Corn,0.946524064171123
1902200013,1.0,Corn,0.49557522123893805
1902200015,5.0,Soybean,0.9945945945945946
1902300003,5.0,Soybean,0.9745762711864406
1902400004,5.0,Soybean,0.4925531914893617
1903100005,5.0,Soybean,0.9558011049723757
1903100006,5.0,Soybean,0.4790874524714829
1903200004,1.0,Corn,0.9583333333333334
1903300004,5.0,Soybean,0.9614243323442137
1903300005,5.0,Soybean,1.0
1903300006,5.0,Soybean,0.9823788546255506
1903400001,1.0,Corn,0.9863013698630136
1903400004,5.0,Soybean,0.9704142011834319
1904100002,1.0,Corn,0.9816176470588235
1904100003,5.0,Soybean,0.5036496350364964
1904200002,5.0,Soybean,0.5906593406593407
1904200003,5.0,Soybean,0.8235294117647058
1904200004,5.0,Soybean,0.9120879120879121
1904300002,1.0,Corn,0.9888888888888889
1904300003,5.0,Soybean,0.9701492537313433
1904400001,5.0,Soybean,0.7871148459383753
1904400003,1.0,Corn,0.9393063583815029
1905100001,1.0,Corn,0.9640883977900553
1905100004,176.0,Other,0.6666666666666666
1905100005,5.0,Soybean,0.8461538461538461
1905200002,5.0,Soybean,0.47102115915363385
1905300002,5.0,Soybean,0.9602272727272727
1905300005,5.0,Soybean,0.9744318181818182
1905400002,1.0,Corn,0.9482758620689655
1905400003,1.0,Corn,0.988950276243094
1906100007,5.0,Soybean,0.9422222222222222
1906200001,1.0,Corn,0.9779310344827586
1906300003,1.0,Corn,0.6331444759206799
1906400002,5.0,Soybean,0.9078212290502793
1906400003,1.0,Corn,0.7723342939481268
1907100007,5.0,Soybean,0.5735735735735735
1907100009,1.0,Corn,1.0
1907100010,1.0,Corn,0.9850746268656716
1907200012,5.0,Soybean,0.9886363636363636
1907200013,1.0,Corn,0.5111111111111111
1907200014,5.0,Soybean,0.5193370165745856
1907300002,5.0,Soybean,0.9777777777777777
1907300008,5.0,Soybean,0.525974025974026
1907300009,5.0,Soybean,0.5597826086956522
1907300010,5.0,Soybean,0.6065573770491803
1907400004,5.0,Soybean,0.9887005649717514
1907400005,1.0,Corn,0.9479166666666666
1907400006,1.0,Corn,0.9411764705882353
1907400007,5.0,Soybean,0.484593837535014
1908100002,1.0,Corn,0.930635838150289
1908100004,1.0,Corn,0.9895833333333334
1908100005,1.0,Corn,0.9767441860465116
1908100006,1.0,Corn,1.0
1908100007,1.0,Corn,1.0
1908100011,5.0,Soybean,0.9937888198757764
1908200005,5.0,Soybean,0.9725274725274725
1908200006,5.0,Soybean,0.96045197740113
1908200007,5.0,Soybean,0.480225988700565
1908300002,5.0,Soybean,0.9570200573065902
1908300003,5.0,Soybean,0.9772727272727273
1908300004,1.0,Corn,0.7232142857142857
1908400001,5.0,Soybean,0.4672364672364672
1908400004,5.0,Soybean,0.5168539325842697
1909100002,5.0,Soybean,0.9859154929577465
1909100003,5.0,Soybean,0.5
1909200008,5.0,Soybean,0.9776119402985075
1909200010,1.0,Corn,0.9184782608695652
1909200011,5.0,Soybean,1.0
1909200012,5.0,Soybean,0.9664804469273743
1909300001,5.0,Soybean,0.9945945945945946
1909300002,1.0,Corn,0.46153846153846156
1909400007,1.0,Corn,0.9755351681957186
1909400008,1.0,Corn,0.9772727272727273
1909400011,1.0,Corn,1.0
1909400012,1.0,Corn,0.9928571428571429
1909400013,1.0,Corn,0.9558823529411765
1910100007,1.0,Corn,0.9318181818181818
1910100013,5.0,Soybean,0.9656488549618321
1910200007,1.0,Corn,0.958904109589041
1910200008,5.0,Soybean,0.6574585635359116
1911100002,5.0,Soybean,0.9716981132075472
1911100005,5.0,Soybean,0.9833506763787722
1911400004,5.0,Soybean,0.9460227272727273
1912100002,5.0,Soybean,0.9887005649717514
1912100004,5.0,Soybean,0.4845505617977528
1912200002,5.0,Soybean,0.9774647887323944
1912300003,1.0,Corn,0.7966101694915254
1912300004,5.0,Soybean,0.9663865546218487
1912400004,5.0,Soybean,0.8636363636363636
1912400006,1.0,Corn,0.9107142857142857
1912400007,1.0,Corn,0.9746376811594203
1913100007,5.0,Soybean,0.43902439024390244
1913100008,5.0,Soybean,0.8160919540229885
1913100010,1.0,Corn,0.4961832061068702
1913200002,176.0,Other,0.5272727272727272
1913200006,141.0,Other,0.8214285714285714
1913200014,141.0,Other,0.5106382978723404
1913200015,1.0,Corn,0.9560878243512974
1913200016,141.0,Other,0.6041666666666666
1913200017,1.0,Corn,0.9159663865546218
1913300010,1.0,Corn,0.9618320610687023
1913300017,1.0,Corn,0.4883720930232558
1913300018,1.0,Corn,0.9689119170984456
1913300022,1.0,Corn,0.4677871148459384
1913400002,5.0,Soybean,0.9554317548746518
1914100004,5.0,Soybean,0.9314285714285714
1914100005,5.0,Soybean,0.9886363636363636
1914100006,1.0,Corn,0.9844559585492227
1914100007,1.0,Corn,0.9849624060150376
1914200007,141.0,Other,0.5079365079365079
1914200008,1.0,Corn,0.9844559585492227
1914300001,5.0,Soybean,0.9442815249266863
1914300002,5.0,Soybean,0.9779005524861878
1914400007,5.0,Soybean,0.9666666666666667
1914400008,5.0,Soybean,0.9344262295081968
1914400009,141.0,Other,0.5921052631578947
1914400012,141.0,Other,0.4
1914400016,1.0,Corn,0.967948717948718
1914400018,176.0,Other,0.8295454545454546
1915100007,5.0,Soybean,0.9914772727272727
1915100008,5.0,Soybean,0.9517730496453901
1915200003,5.0,Soybean,0.9709677419354839
1915200007,1.0,Corn,0.9581005586592178
1915300008,5.0,Soybean,0.7718794835007173
1915400004,1.0,Corn,0.9337349397590361
1916100001,1.0,Corn,0.9532967032967034
1916100002,5.0,Soybean,0.6728971962616822
1916100003,5.0,Soybean,0.9736842105263158
1916200013,1.0,Corn,0.9660876757650951
1916300003,1.0,Corn,0.5287356321839081
1916400002,1.0,Corn,0.898876404494382
1917100003,5.0,Soybean,0.6934097421203438
1917100006,5.0,Soybean,0.9795918367346939
1917200001,1.0,Corn,0.9438202247191011
1917200005,5.0,Soybean,0.9333333333333333
1917200006,1.0,Corn,0.9605633802816902
1917300004,1.0,Corn,0.4833574529667149
1917400003,1.0,Corn,0.953168044077135
1917400004,1.0,Corn,0.9137931034482759
1918100003,5.0,Soybean,0.6395348837209303
1918200007,1.0,Corn,0.9549295774647887
1918200010,5.0,Soybean,0.985
1918200011,5.0,Soybean,1.0
1918300002,1.0,Corn,0.7647058823529411
1918300007,229.0,Other,0.8729281767955801
1918300008,229.0,Other,0.8926553672316384
1918300009,1.0,Corn,0.9661016949152542
1918300010,1.0,Corn,0.9273743016759777
1918400005,5.0,Soybean,0.9770114942528736
1918400010,5.0,Soybean,0.9539473684210527
1919100007,1.0,Corn,0.9755700325732899
1919200001,1.0,Corn,0.9827089337175793
1919300001,5.0,Soybean,0.5994194484760522
1919400003,1.0,Corn,0.6301564722617354
1920100006,5.0,Soybean,0.5176695319961796
1920201003,1.0,Corn,0.9668508287292817
1920201004,1.0,Corn,1.0
1920276007,5.0,Soybean,0.8819672131147541
1920300004,1.0,Corn,0.6176470588235294
1920400007,1.0,Corn,0.9942528735632183
1920400009,1.0,Corn,0.89375
1920400010,1.0,Corn,0.6201923076923077
1921101001,5.0,Soybean,0.9648093841642229
1921176042,5.0,Soybean,0.9152542372881356
1921226005,5.0,Soybean,0.9790794979079498
1921251016,5.0,Soybean,0.9295774647887324
1921252018,5.0,Soybean,0.4528301886792453
1921303003,5.0,Soybean,0.7454545454545455
1921351002,229.0,Other,0.46996466431095407
1921405022,1.0,Corn,0.8913043478260869
1921476001,1.0,Corn,0.8422174840085288
1922100001,1.0,Corn,0.550624133148405
1922200001,5.0,Soybean,0.9542857142857143
1922200003,5.0,Soybean,0.9828431372549019
1922300009,1.0,Corn,0.9476744186046512
1922300010,5.0,Soybean,1.0
1922300011,5.0,Soybean,0.990990990990991
1922400003,5.0,Soybean,0.8461538461538461
1922400004,5.0,Soybean,0.6066666666666667
1923100002,5.0,Soybean,0.9842696629213483
1923100003,5.0,Soybean,0.8548951048951049
1923300002,5.0,Soybean,0.9841269841269841
1923300004,1.0,Corn,0.8176795580110497
1923400001,1.0,Corn,0.8976897689768977
1923400003,5.0,Soybean,0.7924528301886793
1924100001,5.0,Soybean,0.973293768545994
1924100007,1.0,Corn,0.9656652360515021
1924200007,1.0,Corn,0.9825581395348837
1924300001,1.0,Corn,0.7923497267759563
1924300010,1.0,Corn,0.970074812967581
1924400002,1.0,Corn,0.9723435225618632
1925100001,5.0,Soybean,0.7547169811320755
1925200003,1.0,Corn,0.8951841359773371
1925200004,1.0,Corn,0.9482758620689655
1925200006,1.0,Corn,0.9796747967479674
1925300004,5.0,Soybean,0.9021922428330523
1925300005,1.0,Corn,0.9693593314763231
1925400003,5.0,Soybean,0.9663865546218487
1925400005,1.0,Corn,0.9852941176470589
1925400007,1.0,Corn,0.9787234042553191
1926100001,5.0,Soybean,0.9434229137199435
1926200007,1.0,Corn,0.9714285714285714
1926200008,1.0,Corn,0.96484375
1926300004,5.0,Soybean,0.6383647798742138
1926300005,1.0,Corn,0.9473684210526315
1926400005,5.0,Soybean,0.875
1926400006,1.0,Corn,0.9520958083832335
1927100002,176.0,Other,0.5344827586206896
1927100003,5.0,Soybean,0.8099688473520249
1927200002,1.0,Corn,0.5007132667617689
1927300001,1.0,Corn,0.9375
1927400001,1.0,Corn,0.5160839160839161
1928100001,1.0,Corn,0.9682080924855492
1928100006,5.0,Soybean,0.9732620320855615
1928100007,5.0,Soybean,1.0
1928200002,1.0,Corn,0.9577039274924471
1928200003,1.0,Corn,0.7786666666666666
1928300004,5.0,Soybean,0.9465648854961832
1928400001,1.0,Corn,0.9603960396039604
1929100001,1.0,Corn,0.8839779005524862
1929100002,5.0,Soybean,0.7614942528735632
1929200003,5.0,Soybean,0.9887640449438202
1929200004,5.0,Soybean,0.9873417721518988
1929200005,5.0,Soybean,0.9542857142857143
1929200006,5.0,Soybean,0.9771428571428571
1929300001,1.0,Corn,0.8185595567867036
1929400006,5.0,Soybean,0.5339366515837104
1930100005,5.0,Soybean,0.6419098143236074
1930200008,1.0,Corn,0.587467362924282
1930200009,5.0,Soybean,1.0
1930200010,5.0,Soybean,0.978021978021978
1930300009,1.0,Corn,0.9758620689655172
1930300011,5.0,Soybean,0.49783549783549785
1930400003,5.0,Soybean,0.997229916897507
1931100003,1.0,Corn,0.9402985074626866
1931200002,1.0,Corn,0.9424603174603174
1931200003,5.0,Soybean,0.5084033613445378
1931300001,5.0,Soybean,0.9540229885057471
1931300002,1.0,Corn,0.6256983240223464
1931400001,176.0,Other,0.7522123893805309
1931400009,5.0,Soybean,0.3708791208791209
1932100001,1.0,Corn,0.5757575757575758
1932100002,5.0,Soybean,0.9777777777777777
1932100003,5.0,Soybean,0.9485714285714286
1932200008,141.0,Other,0.9008620689655172
1932200009,5.0,Soybean,0.39664804469273746
1932300004,36.0,Other,0.7058823529411765
1932300006,176.0,Other,0.7112676056338029
1932300008,5.0,Soybean,0.5087719298245614
1932300009,5.0,Soybean,0.9065420560747663
1932400005,176.0,Other,0.4147727272727273
1932400022,176.0,Other,0.48863636363636365
1933100007,5.0,Soybean,0.9081803005008348
1933200006,1.0,Corn,0.9603960396039604
1933200007,1.0,Corn,0.9745762711864406
1933300002,1.0,Corn,0.9139784946236559
1933300003,1.0,Corn,0.9887640449438202
1933300014,1.0,Corn,0.9371428571428572
1933300015,5.0,Soybean,0.9400352733686067
1933400006,5.0,Soybean,0.9581005586592178
1933400007,5.0,Soybean,0.9294117647058824
1934100002,5.0,Soybean,0.8988439306358381
1934100003,5.0,Soybean,0.9835164835164835
1934200003,5.0,Soybean,0.7788461538461539
1934200004,176.0,Other,0.5111111111111111
1934200008,1.0,Corn,0.60932944606414
1934300008,1.0,Corn,0.5830945558739254
1934400007,1.0,Corn,0.8392101551480959
1935100001,5.0,Soybean,0.9631728045325779
1935100004,5.0,Soybean,0.9712643678160919
1935200004,5.0,Soybean,0.983957219251337
1935200005,1.0,Corn,0.9693251533742331
1935300009,5.0,Soybean,0.9801418439716312
1935400010,5.0,Soybean,0.975095785440613
1935400011,5.0,Soybean,0.9717514124293786
1936100002,1.0,Corn,0.912568306010929
1936100003,1.0,Corn,0.949438202247191
1936100004,5.0,Soybean,0.9936102236421726
1936100005,1.0,Corn,0.9666666666666667
1936200009,1.0,Corn,0.9636363636363636
1936200010,5.0,Soybean,0.9730538922155688
1936300001,5.0,Soybean,0.9713467048710601
1936300002,5.0,Soybean,0.9480874316939891
1936400001,1.0,Corn,0.989041095890411
2001100025,121.0,Other,0.36363636363636365
2001100029,1.0,Corn,0.4772727272727273
2001100031,5.0,Soybean,0.7769230769230769
2001200011,121.0,Other,0.25
2001200055,1.0,Corn,0.8469945355191257
2001200056,121.0,Other,0.3380281690140845
2001200058,1.0,Corn,0.4
2001300004,1.0,Corn,0.96875
2001300006,5.0,Soybean,0.7620578778135049
2001300007,176.0,Other,0.5
2001476001,1.0,Corn,0.962059620596206
2002101024,5.0,Soybean,0.7647058823529411
2002126006,1.0,Corn,0.931740614334471
2002200004,1.0,Corn,0.9716981132075472
2002200008,1.0,Corn,0.8789808917197452
2002200011,5.0,Soybean,0.4536082474226804
2002200012,5.0,Soybean,0.9295774647887324
2002300001,5.0,Soybean,0.9657142857142857
2002300005,5.0,Soybean,0.36555891238670696
2002401002,5.0,Soybean,0.5462962962962963
2002426001,1.0,Corn,0.6574585635359116
2002451008,176.0,Other,0.875
2003176008,176.0,Other,0.9454545454545454
2003226003,1.0,Corn,0.9419642857142857
2003226012,1.0,Corn,0.5714285714285714
2003226014,176.0,Other,0.39622641509433965
2003251001,176.0,Other,0.9560439560439561
2003251005,1.0,Corn,0.8275862068965517
2003300001,1.0,Corn,0.9529411764705882
2003300002,1.0,Corn,0.9669117647058824
2003300004,1.0,Corn,0.9325842696629213
2003400001,5.0,Soybean,0.9041666666666667
2003400003,5.0,Soybean,0.9257142857142857
2004103002,5.0,Soybean,0.8
2004126009,121.0,Other,0.7733333333333333
2004151004,5.0,Soybean,0.9388888888888889
2004200003,121.0,Other,0.7052631578947368
2004200006,121.0,Other,0.41304347826086957
2004200012,121.0,Other,0.98
2004200017,121.0,Other,0.8157894736842105
2004200023,121.0,Other,0.2591362126245847
2004200025,121.0,Other,0.8412698412698413
2004300006,1.0,Corn,0.8391608391608392
2004300012,5.0,Soybean,0.4986376021798365
2004400006,5.0,Soybean,0.9006211180124224
2004400007,1.0,Corn,0.8968481375358166
2004400008,5.0,Soybean,0.9963503649635036
2005100001,5.0,Soybean,0.5358208955223881
2005200004,1.0,Corn,0.6418152350081038
2005200005,5.0,Soybean,0.6071428571428571
2005300007,5.0,Soybean,0.9906832298136646
2005300008,1.0,Corn,0.5083333333333333
2005300009,1.0,Corn,0.694560669456067
2005400007,1.0,Corn,0.9333333333333333
2005400011,1.0,Corn,0.9636363636363636
2006100003,1.0,Corn,0.9643478260869566
2006200002,1.0,Corn,0.9026217228464419
2006200003,1.0,Corn,0.98
2006300001,1.0,Corn,0.9662576687116564
2006300006,1.0,Corn,0.9577922077922078
2006400002,1.0,Corn,0.9835164835164835
2006400004,5.0,Soybean,0.8066666666666666
2007100005,5.0,Soybean,0.5204081632653061
2007100006,5.0,Soybean,0.52
2007200009,1.0,Corn,0.9422310756972112
2007300001,5.0,Soybean,0.48911917098445595
2007400002,5.0,Soybean,0.48951048951048953
2008100007,5.0,Soybean,0.5102040816326531
2008100010,1.0,Corn,0.8212058212058212
2008200002,5.0,Soybean,0.9776951672862454
2008200003,1.0,Corn,0.9504373177842566
2008300001,5.0,Soybean,0.6463932107496464
2008400003,5.0,Soybean,0.7471264367816092
2008400004,1.0,Corn,0.5689655172413793
2008400007,5.0,Soybean,0.9831223628691983
2009100002,5.0,Soybean,0.6982758620689655
2009200003,1.0,Corn,0.9889705882352942
2009200005,5.0,Soybean,0.9393939393939394
2009200006,5.0,Soybean,0.9550173010380623
2009300006,1.0,Corn,0.8491171749598716
2009400003,5.0,Soybean,0.946236559139785
2009400004,1.0,Corn,0.6869983948635634
2010100001,1.0,Corn,1.0
2010100002,1.0,Corn,0.9785714285714285
2010100003,1.0,Corn,1.0
2010200001,5.0,Soybean,0.9901960784313726
2010200004,1.0,Corn,0.9807162534435262
2010300001,5.0,Soybean,0.9508196721311475
2010300003,1.0,Corn,1.0
2010300004,1.0,Corn,1.0
2010300005,1.0,Corn,0.9310344827586207
2010300007,5.0,Soybean,0.9534883720930233
2010400002,5.0,Soybean,0.8953488372093024
2010400004,5.0,Soybean,0.4822222222222222
2011100002,1.0,Corn,0.9675599435825106
2011200001,1.0,Corn,0.9943342776203966
2011200002,5.0,Soybean,0.9864130434782609
2011300001,1.0,Corn,0.9696969696969697
2011300004,1.0,Corn,0.9795918367346939
2011400003,5.0,Soybean,0.9890710382513661
2011400005,1.0,Corn,0.9865642994241842
2012100003,1.0,Corn,0.8181818181818182
2012200008,1.0,Corn,0.9591836734693877
2012300003,5.0,Soybean,0.7403314917127072
2012400010,176.0,Other,0.6818181818181818
2012400013,5.0,Soybean,0.8785871964679912
2013100008,1.0,Corn,0.6607142857142857
2013101001,1.0,Corn,0.8562691131498471
2013200008,121.0,Other,0.4266666666666667
2013201005,1.0,Corn,0.5818181818181818
2013201006,176.0,Other,0.5
2013300036,1.0,Corn,0.975
2013300048,1.0,Corn,1.0
2013300049,176.0,Other,0.5777777777777777
2013300050,176.0,Other,0.48905109489051096
2013300052,1.0,Corn,0.6320346320346321
2014100001,1.0,Corn,0.9069767441860465
2014100003,1.0,Corn,0.9704251386321626
2014202034,111.0,Other,0.43478260869565216
2014300008,176.0,Other,0.3695652173913043
2014400012,1.0,Corn,0.7455621301775148
2014400013,5.0,Soybean,0.7856287425149701
2015100001,5.0,Soybean,0.9532163742690059
2015100003,1.0,Corn,0.5
2015200010,5.0,Soybean,0.600609756097561
2015300009,1.0,Corn,0.5775862068965517
2015300010,1.0,Corn,0.9775280898876404
2015400004,1.0,Corn,0.9940119760479041
2015400005,5.0,Soybean,0.8079222720478326
2016100002,5.0,Soybean,0.9606741573033708
2016100003,5.0,Soybean,1.0
2016100004,5.0,Soybean,0.9094650205761317
2016100005,5.0,Soybean,0.9295774647887324
2016200011,1.0,Corn,0.9553571428571429
2016200013,1.0,Corn,0.9832869080779945
2016300003,5.0,Soybean,0.9786096256684492
2016300008,5.0,Soybean,0.9895287958115183
2016300009,5.0,Soybean,0.9758308157099698
2016400004,1.0,Corn,0.9617834394904459
2016400006,5.0,Soybean,0.5
2017100012,1.0,Corn,0.4907010014306152
2017200001,5.0,Soybean,0.9316239316239316
2017200003,5.0,Soybean,0.5743440233236151
2017200004,5.0,Soybean,0.9943502824858758
2017300010,1.0,Corn,0.9833333333333333
2017300011,1.0,Corn,0.9698795180722891
2017300012,5.0,Soybean,0.9671641791044776
2017400002,1.0,Corn,0.9517045454545454
2017400003,5.0,Soybean,0.9754098360655737
2018100001,1.0,Corn,0.9777777777777777
2018100003,5.0,Soybean,0.9555555555555556
2018100008,1.0,Corn,0.6682242990654206
2018100009,5.0,Soybean,0.9738219895287958
2018100010,1.0,Corn,0.6994219653179191
2018100012,176.0,Other,0.625
2018200014,1.0,Corn,0.7346938775510204
2018200015,1.0,Corn,1.0
2018200018,1.0,Corn,1.0
2018200020,1.0,Corn,0.6666666666666666
2018300001,5.0,Soybean,0.958041958041958
2018300004,5.0,Soybean,0.9887640449438202
2018300005,5.0,Soybean,0.9777777777777777
2018300006,5.0,Soybean,0.9942857142857143
2018400007,1.0,Corn,0.8913043478260869
2018400008,1.0,Corn,0.9927007299270073
2018400010,5.0,Soybean,0.5037735849056604
2019300005,5.0,Soybean,0.5182072829131653
2019400013,1.0,Corn,0.5057067603160668
2020100004,5.0,Soybean,0.49228611500701264
2020200004,1.0,Corn,0.9719101123595506
2020200006,5.0,Soybean,0.9207317073170732
2020300001,1.0,Corn,0.9775910364145658
2020300003,1.0,Corn,1.0
2020300005,1.0,Corn,0.9254658385093167
2020400001,1.0,Corn,0.9775280898876404
2020400003,1.0,Corn,0.516320474777448
2021151004,1.0,Corn,0.5854166666666667
2021200003,5.0,Soybean,0.4964936886395512
2021300003,1.0,Corn,0.48923959827833574
2021400002,1.0,Corn,0.5092724679029957
2022100005,1.0,Corn,0.9723320158102767
2022300005,1.0,Corn,0.976878612716763
2022300006,5.0,Soybean,0.9426751592356688
2022400011,1.0,Corn,0.9979253112033195
2022400012,1.0,Corn,0.9541284403669725
2022400013,5.0,Soybean,0.8031784841075794
2023200002,5.0,Soybean,0.8405797101449275
2023200010,5.0,Soybean,1.0
2023200015,1.0,Corn,0.9310344827586207
2023300009,1.0,Corn,0.4921540656205421
2023300010,5.0,Soybean,0.8
2023300011,5.0,Soybean,0.9574468085106383
2023300012,5.0,Soybean,1.0
2023400011,1.0,Corn,0.8813559322033898
2023400012,1.0,Corn,0.92
2023400013,1.0,Corn,0.933920704845815
2024100003,1.0,Corn,0.9459459459459459
2024100013,176.0,Other,0.7123287671232876
2024100015,5.0,Soybean,1.0
2024100016,1.0,Corn,0.9101123595505618
2024205014,121.0,Other,0.7272727272727273
2024300001,5.0,Soybean,0.9654178674351584
2024300005,1.0,Corn,0.9852289512555391
2024400002,1.0,Corn,0.9772727272727273
2024400010,1.0,Corn,0.7619047619047619
2025100001,5.0,Soybean,0.783157894736842
2025100002,1.0,Corn,0.6777777777777778
2025200007,5.0,Soybean,0.9627329192546584
2025200010,5.0,Soybean,1.0
2025200018,5.0,Soybean,0.7797101449275362
2025300002,5.0,Soybean,0.9353448275862069
2025400001,5.0,Soybean,0.98
2025400003,5.0,Soybean,0.9983606557377049
2026100005,5.0,Soybean,0.7855072463768116
2026200006,1.0,Corn,0.9570200573065902
2026200007,5.0,Soybean,0.9791231732776617
2026300002,5.0,Soybean,0.9972972972972973
2026400006,5.0,Soybean,0.9730538922155688
2027100004,5.0,Soybean,0.9487179487179487
2027100006,1.0,Corn,0.3982218062704726
2027300006,36.0,Other,0.4318181818181818
2027300007,1.0,Corn,0.4175824175824176
2027300009,176.0,Other,0.6341463414634146
2027300010,5.0,Soybean,0.9
2027400002,176.0,Other,0.7698412698412699
2027400005,1.0,Corn,0.5567602040816326
2028100003,5.0,Soybean,0.9456521739130435
2028100004,5.0,Soybean,1.0
2028100006,5.0,Soybean,0.9766763848396501
2028200009,1.0,Corn,1.0
2028200011,1.0,Corn,0.9886363636363636
2028200015,1.0,Corn,0.8841463414634146
2028200016,5.0,Soybean,0.9833333333333333
2028200017,1.0,Corn,0.9777777777777777
2028200018,1.0,Corn,0.9896907216494846
2028300001,1.0,Corn,0.9753787878787878
2028400003,1.0,Corn,0.9981549815498155
2029100002,5.0,Soybean,0.8269230769230769
2029100004,5.0,Soybean,0.5921787709497207
2029100006,5.0,Soybean,0.9944237918215614
2029200004,1.0,Corn,0.4962962962962963
2029200005,1.0,Corn,0.9753694581280788
2029200006,5.0,Soybean,0.9681528662420382
2029200007,5.0,Soybean,0.4606741573033708
2029200008,1.0,Corn,0.47761194029850745
2029300001,5.0,Soybean,1.0
2029400003,1.0,Corn,0.9719887955182073
2029400004,1.0,Corn,0.9945652173913043
2029400005,1.0,Corn,0.997289972899729
2030100005,5.0,Soybean,0.5019098548510313
2030200002,5.0,Soybean,0.9915966386554622
2030400001,5.0,Soybean,0.5583333333333333
2030400003,5.0,Soybean,0.5040431266846361
2031100003,5.0,Soybean,0.9114754098360656
2031100004,5.0,Soybean,0.8828828828828829
2031100007,5.0,Soybean,1.0
2031200006,5.0,Soybean,0.49157303370786515
2031300003,1.0,Corn,0.9592169657422512
2031400007,5.0,Soybean,0.9467787114845938
2031400009,5.0,Soybean,0.9826839826839827
2031400010,5.0,Soybean,0.917910447761194
2032100001,1.0,Corn,0.9777777777777777
2032100006,5.0,Soybean,0.993993993993994
2032100007,1.0,Corn,0.9690140845070423
2032100008,5.0,Soybean,1.0
2032100009,5.0,Soybean,0.9925925925925926
2032300002,5.0,Soybean,0.9636363636363636
2032300004,5.0,Soybean,0.9777327935222672
2032400003,5.0,Soybean,0.9683168316831683
2033100002,1.0,Corn,0.7033898305084746
2033100005,1.0,Corn,0.7259475218658892
2033200003,1.0,Corn,0.9365079365079365
2033300008,5.0,Soybean,0.6419172932330827
2033400004,5.0,Soybean,0.96
2033400005,1.0,Corn,0.6481481481481481
2034100001,1.0,Corn,0.8272980501392758
2034100002,1.0,Corn,0.9663865546218487
2034200004,5.0,Soybean,0.9803646563814866
2034300012,5.0,Soybean,1.0
2034300013,5.0,Soybean,0.9789473684210527
2034300016,5.0,Soybean,0.9714285714285714
2034400002,1.0,Corn,0.8771186440677966
2035100003,5.0,Soybean,0.9911764705882353
2035100005,5.0,Soybean,0.9969418960244648
2035201001,1.0,Corn,0.9641255605381166
2035226002,1.0,Corn,0.970873786407767
2035300003,5.0,Soybean,0.9643410852713178
2035402019,1.0,Corn,0.4
2035451002,1.0,Corn,0.9263157894736842
2035476003,5.0,Soybean,0.5449330783938815
2036100005,5.0,Soybean,0.7661290322580645
2036100006,1.0,Corn,0.9291666666666667
2036200008,5.0,Soybean,1.0
2036200014,5.0,Soybean,0.9274193548387096
2036200015,176.0,Other,0.4117647058823529
2036200017,5.0,Soybean,0.84688995215311
2036200018,1.0,Corn,0.9527027027027027
2036400001,1.0,Corn,0.5341830822711472
2036400003,176.0,Other,0.9662921348314607
2036400004,176.0,Other,0.9130434782608695
2101126012,5.0,Soybean,0.3125
2101151026,5.0,Soybean,0.4065573770491803
2101251002,124.0,Other,0.2630410654827969
2101376036,5.0,Soybean,0.4375
2101426002,122.0,Other,0.3835616438356164
2101476037,5.0,Soybean,0.6811594202898551
2102126015,124.0,Other,0.954248366013072
2102176006,124.0,Other,0.4583333333333333
2102201017,124.0,Other,0.8947368421052632
2102227005,124.0,Other,0.5849056603773585
2102326019,124.0,Other,0.7265625
2102402012,123.0,Other,0.7058823529411765
2102428015,123.0,Other,0.9696969696969697
2103126001,123.0,Other,0.3333333333333333
2103251004,121.0,Other,0.8089171974522293
2104353017,122.0,Other,0.42857142857142855
2105101033,123.0,Other,0.27631578947368424
2105126008,122.0,Other,0.36666666666666664
2105257022,124.0,Other,0.75
2105304006,124.0,Other,0.6511627906976745
2105504001,122.0,Other,0.5
2105506010,124.0,Other,0.7313432835820896
2106153001,5.0,Soybean,0.5074626865671642
2106300001,1.0,Corn,0.7878787878787878
2106300006,5.0,Soybean,0.6048387096774194
2106300019,123.0,Other,0.6285714285714286
2106300020,176.0,Other,0.6
2106300024,176.0,Other,0.484375
2106404004,122.0,Other,0.423728813559322
2106426010,123.0,Other,0.4418604651162791
2106427006,123.0,Other,0.48214285714285715
2107100015,131.0,Other,0.4115384615384615
2107100016,176.0,Other,0.3116883116883117
2107226012,122.0,Other,0.34347826086956523
2107276014,1.0,Corn,0.48
2107300014,1.0,Corn,0.7950819672131147
2107300015,121.0,Other,0.6388888888888888
2107300017,111.0,Other,0.4098360655737705
2107300020,176.0,Other,0.44711538461538464
2107300021,176.0,Other,0.8693467336683417
2107426006,123.0,Other,0.782258064516129
2107426007,123.0,Other,0.8275862068965517
2107452008,123.0,Other,0.4
2107476002,121.0,Other,0.7959183673469388
2107476014,122.0,Other,0.6197183098591549
2108102002,122.0,Other,0.6229508196721312
2108151005,123.0,Other,0.5185185185185185
2108152010,123.0,Other,0.6538461538461539
2108256002,122.0,Other,0.5306122448979592
2108276006,122.0,Other,0.45267489711934156
2108301002,122.0,Other,0.5638297872340425
2108352001,121.0,Other,0.6470588235294118
2108401003,121.0,Other,0.676056338028169
2108402015,121.0,Other,0.7352941176470589
2108431010,122.0,Other,0.524390243902439
2109257002,122.0,Other,0.5822784810126582
2109351004,121.0,Other,0.8413098236775819
2109378021,123.0,Other,0.4375
2109480002,124.0,Other,0.8043478260869565
2110105007,124.0,Other,0.8727272727272727
2110107000,124.0,Other,0.94
2110177003,121.0,Other,0.5347222222222222
2110205019,122.0,Other,0.5
2110251001,122.0,Other,0.6981132075471698
2110426047,122.0,Other,0.7627118644067796
2110426048,122.0,Other,0.4186046511627907
2111101020,124.0,Other,0.5757575757575758
2111101024,124.0,Other,0.8333333333333334
2111301014,123.0,Other,0.4171779141104294
2111326010,122.0,Other,0.6
2111326011,124.0,Other,0.3177570093457944
2111376010,122.0,Other,0.7636363636363637
2111376011,124.0,Other,0.7571428571428571
2111403001,124.0,Other,0.42857142857142855
2112102037,121.0,Other,0.5952380952380952
2112276011,122.0,Other,0.673469387755102
2112300022,176.0,Other,0.7272727272727273
2112300024,121.0,Other,0.4722222222222222
2112403018,123.0,Other,0.36363636363636365
2113151002,5.0,Soybean,0.7327586206896551
2113176001,123.0,Other,0.5769230769230769
2113200009,1.0,Corn,0.9508670520231214
2113200013,1.0,Corn,0.9296482412060302
2113202001,5.0,Soybean,0.36879432624113473
2113300002,5.0,Soybean,1.0
2113300007,5.0,Soybean,0.5185185185185185
2113300008,5.0,Soybean,0.523972602739726
2113400003,5.0,Soybean,0.9729119638826185
2113400004,1.0,Corn,0.983754512635379
2114102001,122.0,Other,0.6
2114102002,122.0,Other,0.6727272727272727
2114126001,124.0,Other,0.516209476309227
2114151003,122.0,Other,0.625
2114200013,1.0,Corn,0.6415094339622641
2114200016,121.0,Other,0.574468085106383
2114200017,123.0,Other,0.3132530120481928
2114200020,5.0,Soybean,0.855072463768116
2114201001,111.0,Other,0.33574007220216606
2114300009,5.0,Soybean,0.9245283018867925
2114300013,1.0,Corn,0.7738209817131858
2114400001,1.0,Corn,0.5258899676375405
2114451010,1.0,Corn,0.6821705426356589
2114476003,1.0,Corn,0.7387755102040816
2115126022,124.0,Other,0.5892857142857143
2115151021,122.0,Other,0.36220472440944884
2115226028,124.0,Other,0.5111111111111111
2115226037,122.0,Other,0.3586206896551724
2115276013,124.0,Other,0.8076923076923077
2115301005,5.0,Soybean,0.75
2115352004,5.0,Soybean,0.8454545454545455
2115352006,121.0,Other,0.4375
2115376002,141.0,Other,0.861878453038674
2115400001,1.0,Corn,0.8983957219251337
2116101001,123.0,Other,0.8717948717948718
2116101013,123.0,Other,0.72
2116152009,176.0,Other,0.21739130434782608
2116201004,122.0,Other,0.39622641509433965
2116251009,121.0,Other,0.45323741007194246
2116276003,123.0,Other,0.7840909090909091
2116376004,121.0,Other,0.8333333333333334
2116376010,124.0,Other,0.4117647058823529
2116401015,122.0,Other,0.43137254901960786
2116426014,123.0,Other,0.7389380530973452
2117126007,122.0,Other,0.5609756097560976
2117152038,123.0,Other,0.84
2117376013,122.0,Other,0.3819444444444444
2117376014,124.0,Other,0.4146341463414634
2117428004,121.0,Other,0.7788104089219331
2118100001,1.0,Corn,0.35714285714285715
2118100025,121.0,Other,0.5714285714285714
2118201010,5.0,Soybean,0.5769230769230769
2118227007,121.0,Other,0.5822784810126582
2118252018,123.0,Other,0.4927536231884058
2118276007,121.0,Other,0.6046511627906976
2118351021,121.0,Other,0.7609699769053118
2118404005,121.0,Other,0.7123287671232876
2118451003,121.0,Other,0.3285024154589372
2118452012,121.0,Other,0.4426229508196721
2118506002,122.0,Other,0.5471698113207547
2119151001,1.0,Corn,0.9612403100775194
2119182013,121.0,Other,0.625
2119201021,121.0,Other,0.5
2119276001,111.0,Other,0.463768115942029
2119300004,5.0,Soybean,0.9642857142857143
2119300008,5.0,Soybean,0.4980237154150198
2119326010,121.0,Other,0.7794117647058824
2119400010,1.0,Corn,0.5401869158878505
2119400013,5.0,Soybean,0.9142857142857143
2120100004,1.0,Corn,0.9439252336448598
2120100005,1.0,Corn,0.9457364341085271
2120101001,5.0,Soybean,0.3918918918918919
2120200003,5.0,Soybean,0.8018575851393189
2120300002,5.0,Soybean,0.5923076923076923
2120300005,5.0,Soybean,0.9553805774278216
2120400006,1.0,Corn,0.9795918367346939
2121101002,121.0,Other,0.5064935064935064
2121151003,1.0,Corn,0.8940936863543788
2121176003,5.0,Soybean,0.5333333333333333
2121176004,5.0,Soybean,0.9295774647887324
2121201015,122.0,Other,0.40425531914893614
2121276007,5.0,Soybean,0.75
2121300015,5.0,Soybean,0.977088948787062
2121326002,124.0,Other,0.6111111111111112
2121400023,5.0,Soybean,0.8701923076923077
2121400024,1.0,Corn,0.9697802197802198
2122100004,5.0,Soybean,0.8770491803278688
2122200002,1.0,Corn,0.9476744186046512
2122200012,141.0,Other,0.5217391304347826
2122200014,141.0,Other,0.4772727272727273
2122200015,5.0,Soybean,0.44086021505376344
2122200017,176.0,Other,0.47844827586206895
2122326003,5.0,Soybean,0.373134328358209
2122352001,1.0,Corn,0.9390243902439024
2122376015,176.0,Other,0.5148514851485149
2122376017,1.0,Corn,0.8412698412698413
2122400011,1.0,Corn,0.48333333333333334
2122400019,1.0,Corn,0.69375
2122400021,1.0,Corn,0.8596491228070176
2123100011,5.0,Soybean,0.4819277108433735
2123100014,5.0,Soybean,0.4342105263157895
2123200001,1.0,Corn,0.4397810218978102
2123303004,141.0,Other,0.46153846153846156
2123351003,1.0,Corn,0.7183098591549296
2123352001,176.0,Other,0.7924528301886793
2123376002,176.0,Other,0.35384615384615387
2123401006,5.0,Soybean,0.9083969465648855
2123451002,176.0,Other,0.3832599118942731
2123476002,176.0,Other,0.6716417910447762
2124100006,5.0,Soybean,0.9198396793587175
2124200003,5.0,Soybean,0.8879310344827587
2124200004,5.0,Soybean,0.9786096256684492
2124300002,5.0,Soybean,0.9722222222222222
2124300004,5.0,Soybean,0.9367088607594937
2124300008,1.0,Corn,0.673469387755102
2124300009,1.0,Corn,0.976897689768977
2124300010,176.0,Other,0.32919254658385094
2124400002,1.0,Corn,0.950561797752809
2125100001,5.0,Soybean,0.9483568075117371
2125100007,176.0,Other,0.5434782608695652
2125100017,5.0,Soybean,0.7108433734939759
2125200004,5.0,Soybean,0.48587055606198726
2125300010,1.0,Corn,0.5421686746987951
2125300012,176.0,Other,0.3620689655172414
2125300016,5.0,Soybean,0.47115384615384615
2125400002,5.0,Soybean,0.9808612440191388
2125400007,1.0,Corn,0.895397489539749
2126100028,1.0,Corn,0.925
2126154005,1.0,Corn,0.9375
2126176005,1.0,Corn,0.8549222797927462
2126200007,5.0,Soybean,0.7058823529411765
2126200011,1.0,Corn,0.8117647058823529
2126200013,176.0,Other,0.8556701030927835
2126200014,1.0,Corn,0.9832402234636871
2126300004,1.0,Corn,0.8814814814814815
2126300009,1.0,Corn,0.9318181818181818
2126400002,5.0,Soybean,0.47023809523809523
2127100019,176.0,Other,0.7985074626865671
2127100028,1.0,Corn,0.9599056603773585
2127201005,1.0,Corn,0.618421052631579
2127201006,5.0,Soybean,0.46956521739130436
2127226001,176.0,Other,0.358974358974359
2127226002,122.0,Other,0.48717948717948717
2127301001,5.0,Soybean,0.8433734939759037
2127326011,176.0,Other,0.6111111111111112
2127352002,141.0,Other,0.4782608695652174
2127401001,5.0,Soybean,0.8651685393258427
2127451002,141.0,Other,0.5166666666666667
2127455001,121.0,Other,0.874468085106383
2127476005,5.0,Soybean,0.5490196078431373
2128100016,1.0,Corn,0.8553459119496856
2128100020,5.0,Soybean,0.9727891156462585
2128100021,5.0,Soybean,0.9830508474576272
2128200009,1.0,Corn,0.8306878306878307
2128200015,123.0,Other,0.7394957983193278
2128200016,1.0,Corn,0.9928400954653938
2128200017,1.0,Corn,0.9415204678362573
2128300006,1.0,Corn,0.5135135135135135
2128300007,1.0,Corn,0.8875968992248062
2128400006,1.0,Corn,1.0
2128400009,124.0,Other,0.5789473684210527
2128400014,1.0,Corn,0.9607843137254902
2128400015,1.0,Corn,0.9037037037037037
2128400016,5.0,Soybean,0.8930817610062893
2128400017,1.0,Corn,0.9953703703703703
2128401001,122.0,Other,0.38666666666666666
2129100001,5.0,Soybean,0.9675675675675676
2129200001,5.0,Soybean,0.9460227272727273
2129200004,1.0,Corn,0.9790209790209791
2129200006,5.0,Soybean,0.975
2129300004,5.0,Soybean,0.5025013896609227
2129400002,5.0,Soybean,0.9835164835164835
2129400008,5.0,Soybean,0.9782608695652174
2129400009,5.0,Soybean,0.6666666666666666
2130100003,5.0,Soybean,0.966789667896679
2130100007,5.0,Soybean,0.9966555183946488
2130251006,5.0,Soybean,0.9940476190476191
2130300004,1.0,Corn,0.973753280839895
2130300005,1.0,Corn,0.9696969696969697
2130400009,5.0,Soybean,0.5368188512518409
2131100002,1.0,Corn,0.985
2131100003,5.0,Soybean,0.7507082152974505
2131200005,5.0,Soybean,0.9724409448818898
2131300001,5.0,Soybean,0.5880681818181818
2131300006,1.0,Corn,0.9269662921348315
2131400001,5.0,Soybean,0.9637760702524698
2132100004,176.0,Other,0.4684772065955383
2132200004,1.0,Corn,0.9444444444444444
2132200005,5.0,Soybean,0.988950276243094
2132300005,1.0,Corn,0.6610800744878957
2132400005,1.0,Corn,0.48854961832061067
2133100005,1.0,Corn,0.9735294117647059
2133100006,1.0,Corn,0.8162650602409639
2133200001,1.0,Corn,0.5112443778110944
2133200002,1.0,Corn,0.502092050209205
2133300002,1.0,Corn,0.9765100671140939
2133300004,5.0,Soybean,0.8662790697674418
2134100009,5.0,Soybean,0.9769736842105263
2134100011,5.0,Soybean,0.95
2134300003,5.0,Soybean,0.9665271966527197
2134300005,1.0,Corn,0.9009009009009009
2134300010,5.0,Soybean,0.985781990521327
2134401004,1.0,Corn,0.9656357388316151
2134401005,1.0,Corn,0.9375
2134432001,121.0,Other,0.8863636363636364
2135200002,1.0,Corn,0.7647058823529411
2135200003,1.0,Corn,0.9577981651376147
2135200004,5.0,Soybean,0.98
2135300005,176.0,Other,0.4426229508196721
2135300009,5.0,Soybean,0.9817073170731707
2135300014,1.0,Corn,0.5503355704697986
2135400005,1.0,Corn,0.9603399433427762
2136100006,5.0,Soybean,0.975669099756691
2136100007,1.0,Corn,0.8743169398907104
2136200002,1.0,Corn,0.927536231884058
2136200003,5.0,Soybean,0.951048951048951
2136300002,1.0,Corn,0.6042363433667781
2136400002,1.0,Corn,0.9680851063829787
2136400004,1.0,Corn,0.9540229885057471
2136400006,5.0,Soybean,0.9756637168141593
2201100003,5.0,Soybean,0.9506531204644412
2201200001,5.0,Soybean,0.9900142653352354
2201300004,1.0,Corn,0.8146551724137931
2201400014,1.0,Corn,0.9565916398713826
2202100001,1.0,Corn,0.9901531728665208
2202300002,5.0,Soybean,0.9851301115241635
2202400004,1.0,Corn,0.509765625
2203100009,123.0,Other,0.2857142857142857
2203100010,5.0,Soybean,0.905511811023622
2203100011,5.0,Soybean,0.9970193740685543
2203200001,1.0,Corn,0.9968503937007874
2203300001,5.0,Soybean,0.49722222222222223
2203400004,1.0,Corn,0.958904109589041
2203400005,1.0,Corn,1.0
2203400006,1.0,Corn,1.0
2203400007,1.0,Corn,0.9722222222222222
2204100004,5.0,Soybean,0.96045197740113
2204100006,1.0,Corn,0.9851632047477745
2204100008,5.0,Soybean,0.9873417721518988
2204200002,5.0,Soybean,0.9911504424778761
2204200005,5.0,Soybean,0.9881656804733728
2204300004,5.0,Soybean,0.979381443298969
2204300005,5.0,Soybean,1.0
2204300006,5.0,Soybean,0.9837662337662337
2204400006,1.0,Corn,0.9019607843137255
2205100002,1.0,Corn,0.9818181818181818
2205100003,5.0,Soybean,1.0
2205100004,5.0,Soybean,0.990909090909091
2205200001,1.0,Corn,0.4967234600262123
2205300007,1.0,Corn,0.8473282442748091
2205300010,5.0,Soybean,0.5207591933570581
2205400022,1.0,Corn,0.9403409090909091
2205400023,5.0,Soybean,0.9778393351800554
2206100009,122.0,Other,0.23726851851851852
2206300004,122.0,Other,0.348993288590604
2206400007,5.0,Soybean,0.9411764705882353
2206400009,5.0,Soybean,0.3463927376970855
2207100019,122.0,Other,0.6842105263157895
2207300008,5.0,Soybean,0.6576576576576577
2207300009,176.0,Other,0.35520504731861197
2207400007,1.0,Corn,0.9796806966618288
2208100001,5.0,Soybean,0.9462809917355371
2208100012,5.0,Soybean,0.994269340974212
2208100013,1.0,Corn,0.963963963963964
2208200009,5.0,Soybean,0.5112676056338028
2208300006,1.0,Corn,0.797752808988764
2208300008,5.0,Soybean,0.990909090909091
2208400009,5.0,Soybean,0.8140845070422535
2209100003,1.0,Corn,0.9538188277087034
2209100005,1.0,Corn,0.9354838709677419
2209200004,1.0,Corn,0.7615658362989324
2209200008,1.0,Corn,1.0
2209300013,5.0,Soybean,0.83984375
2209326007,176.0,Other,0.6559139784946236
2209451008,176.0,Other,0.45348837209302323
2209476001,176.0,Other,0.2909090909090909
2210100006,5.0,Soybean,0.7282913165266106
2210200004,1.0,Corn,0.8844444444444445
2210200005,5.0,Soybean,0.9879518072289156
2210300005,1.0,Corn,0.9222222222222223
2210300009,1.0,Corn,0.9583333333333334
2210400001,5.0,Soybean,0.9972451790633609
2210400002,1.0,Corn,0.975
2211100007,1.0,Corn,0.5690259285213735
2211200002,5.0,Soybean,0.9022988505747126
2211200003,5.0,Soybean,0.9869706840390879
2211400011,1.0,Corn,0.975328947368421
2212100008,5.0,Soybean,0.4921985815602837
2212200010,5.0,Soybean,0.5068649885583524
2212300002,1.0,Corn,0.9418604651162791
2212300005,5.0,Soybean,0.4852941176470588
2212400007,5.0,Soybean,0.9828571428571429
2213100004,1.0,Corn,0.5233918128654971
2213201002,5.0,Soybean,0.5530474040632054
2213251009,5.0,Soybean,1.0
2213277003,1.0,Corn,0.803921568627451
2213300007,5.0,Soybean,0.8153846153846154
2213300009,5.0,Soybean,0.5966542750929368
2213400003,1.0,Corn,0.6560636182902585
2213400004,1.0,Corn,0.9468599033816425
2214100001,1.0,Corn,0.6064139941690962
2214100005,5.0,Soybean,0.863768115942029
2214200002,5.0,Soybean,0.5270655270655271
2214300003,5.0,Soybean,0.9023569023569024
2214300004,1.0,Corn,0.8656
2214400006,5.0,Soybean,0.9476744186046512
2214400009,1.0,Corn,0.6051282051282051
2214400010,5.0,Soybean,0.5185185185185185
2214400011,1.0,Corn,0.47315436241610737
2215100003,1.0,Corn,0.9553314121037464
2215200003,5.0,Soybean,0.8850072780203785
2215300001,5.0,Soybean,0.8980263157894737
2215300002,1.0,Corn,0.7222222222222222
2215300008,5.0,Soybean,0.4880546075085324
2215400001,1.0,Corn,0.4301675977653631
2215400004,5.0,Soybean,1.0
2216100006,1.0,Corn,0.958974358974359
2216101002,141.0,Other,0.5144927536231884
2216200006,5.0,Soybean,0.6702544031311155
2216300002,1.0,Corn,0.9309576837416481
2216400003,5.0,Soybean,0.5108695652173914
2216400004,5.0,Soybean,0.9859154929577465
2217100002,176.0,Other,0.5061728395061729
2217100006,1.0,Corn,0.9893617021276596
2217100007,1.0,Corn,0.9148936170212766
2217126001,1.0,Corn,0.8350515463917526
2217200005,1.0,Corn,0.8703703703703703
2217200006,1.0,Corn,0.9767441860465116
2217300005,1.0,Corn,0.9129032258064517
2217300006,5.0,Soybean,1.0
2217300007,1.0,Corn,0.9567567567567568
2217300008,5.0,Soybean,0.8978494623655914
2217400004,1.0,Corn,0.9713876967095851
2218100008,1.0,Corn,0.922740524781341
2218200003,121.0,Other,0.5714285714285714
2218200010,124.0,Other,0.27439024390243905
2218203015,176.0,Other,0.64
2218203018,121.0,Other,0.5906432748538012
2218300006,5.0,Soybean,1.0
2218300007,1.0,Corn,0.9344978165938864
2218400005,1.0,Corn,0.8677685950413223
2218400009,5.0,Soybean,0.9473684210526315
2218400011,1.0,Corn,0.9828431372549019
2219100001,1.0,Corn,0.9110787172011662
2219200007,5.0,Soybean,0.9846153846153847
2219200008,1.0,Corn,0.9561068702290076
2219301001,5.0,Soybean,0.9716494845360825
2219326001,1.0,Corn,0.9919137466307277
2219355001,176.0,Other,0.8245614035087719
2219400004,5.0,Soybean,0.9637155297532656
2219400005,1.0,Corn,0.9971509971509972
2220100005,176.0,Other,0.5555555555555556
2220100008,5.0,Soybean,0.9459459459459459
2220200008,5.0,Soybean,0.9691943127962085
2220200011,5.0,Soybean,0.9532710280373832
2220200012,5.0,Soybean,0.8933333333333333
2220300001,5.0,Soybean,0.6988636363636364
2220300002,1.0,Corn,0.5142857142857142
2220300003,5.0,Soybean,0.9171270718232044
2220400003,5.0,Soybean,0.9479768786127167
2220400007,5.0,Soybean,0.8106508875739645
2221100002,5.0,Soybean,0.43135518157661645
2221200005,5.0,Soybean,0.6715328467153284
2221200008,141.0,Other,0.8016528925619835
2221300009,5.0,Soybean,0.964
2221300010,1.0,Corn,0.7378640776699029
2221300023,176.0,Other,0.48
2221400012,5.0,Soybean,0.33676975945017185
2221400021,176.0,Other,0.5833333333333334
2221400024,1.0,Corn,0.5995316159250585
2221476001,141.0,Other,0.581081081081081
2222100001,5.0,Soybean,0.4375
2222100002,1.0,Corn,0.9081967213114754
2222100008,1.0,Corn,0.8974719101123596
2222200006,5.0,Soybean,0.9885057471264368
2222200007,5.0,Soybean,0.9830508474576272
2222300005,1.0,Corn,0.9669421487603306
2222400009,5.0,Soybean,0.6246472248353716
2223100001,1.0,Corn,0.9640883977900553
2223200003,5.0,Soybean,0.9680851063829787
2223200004,5.0,Soybean,0.9593267882187938
2223300007,1.0,Corn,0.9491525423728814
2223300008,5.0,Soybean,0.6396526772793053
2223400009,1.0,Corn,0.9656488549618321
2224100007,5.0,Soybean,0.9593023255813954
2224100008,5.0,Soybean,0.955470737913486
2224200001,5.0,Soybean,0.5754985754985755
2224200003,5.0,Soybean,0.984251968503937
2224200004,5.0,Soybean,0.5
2224300001,1.0,Corn,0.9775280898876404
2224300003,5.0,Soybean,0.9691780821917808
2224400003,5.0,Soybean,0.5090361445783133
2224400005,5.0,Soybean,0.9192200557103064
2225100003,1.0,Corn,0.9541284403669725
2225200003,1.0,Corn,0.48364485981308414
2225300002,5.0,Soybean,0.5041617122473246
2225300004,176.0,Other,0.6222222222222222
2225300006,5.0,Soybean,0.9391304347826087
2225300008,5.0,Soybean,0.9428571428571428
2226100002,5.0,Soybean,0.6615384615384615
2226100007,176.0,Other,0.7441860465116279
2226100009,1.0,Corn,0.9284210526315789
2226200005,1.0,Corn,0.9874476987447699
2226200006,1.0,Corn,0.9686567164179104
2226300008,176.0,Other,0.7209302325581395
2226300010,176.0,Other,0.7513812154696132
2226400008,141.0,Other,0.5450819672131147
2226400010,176.0,Other,0.8823529411764706
2226400017,141.0,Other,0.47619047619047616
2226400020,141.0,Other,0.8529411764705882
2226400021,5.0,Soybean,0.8846153846153846
2227100017,176.0,Other,0.9295774647887324
2227100018,176.0,Other,0.7377049180327869
2227100020,5.0,Soybean,0.36178107606679033
2227100022,1.0,Corn,0.9712643678160919
2227200001,1.0,Corn,0.9891891891891892
2227200009,1.0,Corn,0.8088235294117647
2227300011,176.0,Other,0.38128861429832306
2227400005,141.0,Other,0.5223463687150838
2228100006,5.0,Soybean,0.8390804597701149
2228100021,141.0,Other,0.614406779661017
2228100025,176.0,Other,0.627906976744186
2228100026,176.0,Other,0.75
2228200013,141.0,Other,0.5388349514563107
2228200014,141.0,Other,0.43478260869565216
2228200018,141.0,Other,0.6305970149253731
2228200019,5.0,Soybean,0.96
2228300001,176.0,Other,0.7093023255813954
2228300003,176.0,Other,0.6972972972972973
2228400003,141.0,Other,0.7941176470588235
2228400008,141.0,Other,0.39342105263157895
2229101003,121.0,Other,0.8053691275167785
2229202004,121.0,Other,0.7111111111111111
2229226002,5.0,Soybean,0.5708502024291497
2229426003,111.0,Other,0.3780487804878049
2230101005,5.0,Soybean,0.7246376811594203
2230101006,1.0,Corn,0.9805680119581465
2230126004,1.0,Corn,0.7903225806451613
2230176002,1.0,Corn,0.8863636363636364
2230226001,1.0,Corn,0.9210526315789473
2230300004,176.0,Other,0.46017699115044247
2230300005,5.0,Soybean,0.5045537340619308
2230427015,1.0,Corn,0.6923076923076923
2230428002,124.0,Other,0.4166666666666667
2230476006,1.0,Corn,0.9486486486486486
2231100003,5.0,Soybean,0.8338461538461538
2231100005,1.0,Corn,0.9437086092715232
2231201002,5.0,Soybean,0.9637139807897546
2231300002,5.0,Soybean,0.5247747747747747
2231400002,5.0,Soybean,0.7102473498233216
2231400005,5.0,Soybean,0.5645514223194749
2232101012,121.0,Other,0.9259259259259259
2232152005,5.0,Soybean,0.9130434782608695
2232226018,122.0,Other,0.5555555555555556
2232276009,121.0,Other,0.6984126984126984
2232306003,1.0,Corn,0.6597938144329897
2232376002,5.0,Soybean,0.6396396396396397
2232376003,121.0,Other,0.8
2232426011,176.0,Other,0.4
2232426012,5.0,Soybean,0.5217391304347826
2232451001,121.0,Other,0.8991596638655462
2232476001,141.0,Other,0.44642857142857145
2233100001,176.0,Other,0.68
2233100002,1.0,Corn,0.7466666666666667
2233100003,176.0,Other,0.38578680203045684
2233100004,141.0,Other,0.5329341317365269
2233100011,111.0,Other,0.31446540880503143
2233200002,5.0,Soybean,0.5746268656716418
2233200010,141.0,Other,0.6774193548387096
2233200016,176.0,Other,0.8448275862068966
2233200023,1.0,Corn,0.5037878787878788
2233301006,176.0,Other,0.6309523809523809
2233326004,176.0,Other,0.7352941176470589
2233326007,111.0,Other,0.46236559139784944
2233353007,5.0,Soybean,0.9473684210526315
2233354005,111.0,Other,0.5306122448979592
2233376011,141.0,Other,0.5263157894736842
2233401013,141.0,Other,0.7021276595744681
2233426006,176.0,Other,0.5111111111111111
2233426009,176.0,Other,0.8620689655172413
2233426010,1.0,Corn,0.4793388429752066
2233451002,176.0,Other,0.56
2234100004,141.0,Other,0.7142857142857143
2234100016,141.0,Other,0.8939393939393939
2234100020,176.0,Other,0.6892857142857143
2234200002,141.0,Other,0.8275862068965517
2234200004,141.0,Other,0.43902439024390244
2234200005,176.0,Other,0.9090909090909091
2234200009,5.0,Soybean,0.8383458646616542
2234200012,176.0,Other,0.46368715083798884
2234300001,176.0,Other,0.8260869565217391
2234300017,1.0,Corn,0.8657407407407407
2234300018,36.0,Other,0.7265625
2234400005,1.0,Corn,0.654275092936803
2234400006,5.0,Soybean,0.7911547911547911
2235100009,1.0,Corn,0.8771929824561403
2235100013,5.0,Soybean,0.5494505494505495
2235100015,5.0,Soybean,0.604602510460251
2235200008,5.0,Soybean,0.5142857142857142
2235200009,5.0,Soybean,0.9203539823008849
2235200018,176.0,Other,0.328125
2235200019,5.0,Soybean,0.4225352112676056
2235300020,141.0,Other,0.6323529411764706
2235300023,36.0,Other,0.5733333333333334
2235400003,1.0,Corn,0.8263305322128851
2235400004,176.0,Other,0.6297297297297297
2236100001,141.0,Other,0.576271186440678
2236100003,141.0,Other,0.9672131147540983
2236100007,5.0,Soybean,0.813953488372093
2236100018,176.0,Other,0.8169014084507042
2236200001,1.0,Corn,0.7963636363636364
2236300007,5.0,Soybean,0.49101796407185627
2236300009,1.0,Corn,0.8888888888888888
2236300010,176.0,Other,0.6875
2236300011,5.0,Soybean,0.7445255474452555
2236400003,141.0,Other,0.5222929936305732
2236400010,1.0,Corn,0.7361963190184049
2236400011,1.0,Corn,0.9116022099447514
2236400015,176.0,Other,0.7250859106529209
2301100004,1.0,Corn,0.9838709677419355
2301100006,1.0,Corn,0.9864253393665159
2301100007,1.0,Corn,0.9774011299435028
2301100010,1.0,Corn,0.9036144578313253
2301200001,5.0,Soybean,0.9476744186046512
2301200003,5.0,Soybean,0.9858356940509915
2301300007,1.0,Corn,0.9942028985507246
2301300009,1.0,Corn,0.7186311787072244
2301300012,5.0,Soybean,0.9298245614035088
2301400005,5.0,Soybean,0.7286245353159851
2301400006,5.0,Soybean,0.9822485207100592
2302100003,5.0,Soybean,0.9773691654879774
2302200001,5.0,Soybean,0.9657142857142857
2302200002,5.0,Soybean,0.9714285714285714
2302200005,1.0,Corn,0.7439024390243902
2302200007,1.0,Corn,0.6569767441860465
2302400003,1.0,Corn,0.9545454545454546
2302400005,1.0,Corn,0.6803519061583577
2303100002,5.0,Soybean,0.9081081081081082
2303100003,1.0,Corn,0.8846153846153846
2303200002,5.0,Soybean,0.9886039886039886
2303300001,1.0,Corn,0.9340974212034384
2303300005,1.0,Corn,1.0
2303300007,1.0,Corn,0.9748427672955975
2303400006,5.0,Soybean,0.9719887955182073
2303400008,5.0,Soybean,0.9811912225705329
2304100001,5.0,Soybean,0.9712793733681462
2304100002,1.0,Corn,0.9673202614379085
2304200001,5.0,Soybean,0.9454545454545454
2304200002,176.0,Other,0.44594594594594594
2304200003,5.0,Soybean,0.9615384615384616
2304200005,1.0,Corn,0.8775
2304300005,176.0,Other,0.8253968253968254
2304300006,5.0,Soybean,0.9750390015600624
2304400003,5.0,Soybean,0.8314606741573034
2304400004,5.0,Soybean,0.9217877094972067
2304400005,1.0,Corn,0.8808139534883721
2305100002,1.0,Corn,0.9726027397260274
2305100009,5.0,Soybean,0.991044776119403
2305200001,1.0,Corn,0.9720670391061452
2305200002,5.0,Soybean,0.6648148148148149
2305300002,1.0,Corn,0.9891304347826086
2305300003,5.0,Soybean,0.5568862275449101
2305400003,1.0,Corn,0.9826589595375722
2305400005,1.0,Corn,0.8905775075987842
2306100010,1.0,Corn,0.9876543209876543
2306100011,1.0,Corn,0.9876543209876543
2306100012,1.0,Corn,1.0
2306100013,5.0,Soybean,0.9911111111111112
2306200004,5.0,Soybean,0.9692307692307692
2306200006,1.0,Corn,0.9205776173285198
2306200007,5.0,Soybean,0.9932659932659933
2306300002,5.0,Soybean,0.5013333333333333
2306300007,1.0,Corn,0.49430523917995445
2306400005,1.0,Corn,0.764018691588785
2306400006,1.0,Corn,0.6047058823529412
2307100001,1.0,Corn,0.9553128103277061
2307200003,5.0,Soybean,0.9942857142857143
2307200007,1.0,Corn,0.9213483146067416
2307200008,1.0,Corn,0.9555555555555556
2307200009,1.0,Corn,0.9772727272727273
2307300001,1.0,Corn,0.5120385232744783
2307300002,5.0,Soybean,0.9851485148514851
2307400007,5.0,Soybean,0.9231987331749802
2308100003,1.0,Corn,0.9721448467966574
2308200002,5.0,Soybean,0.4943181818181818
2308300007,1.0,Corn,0.9912790697674418
2308400001,5.0,Soybean,0.8997214484679665
2308400004,1.0,Corn,0.9595375722543352
2308400005,5.0,Soybean,0.8817204301075269
2308400006,5.0,Soybean,1.0
2309100003,5.0,Soybean,0.9631728045325779
2309100005,1.0,Corn,0.9829059829059829
2309200001,1.0,Corn,0.5766016713091922
2309200002,5.0,Soybean,0.949438202247191
2309200003,1.0,Corn,0.967032967032967
2309300002,5.0,Soybean,0.9666666666666667
2309300003,5.0,Soybean,0.9943820224719101
2309400001,1.0,Corn,1.0
2309400002,1.0,Corn,0.9728260869565217
2309400004,1.0,Corn,0.9938650306748467
2309400006,1.0,Corn,1.0
2310100002,5.0,Soybean,0.9654178674351584
2310100007,1.0,Corn,0.9774647887323944
2310200006,5.0,Soybean,0.9943019943019943
2310200007,5.0,Soybean,0.9716088328075709
2310300001,5.0,Soybean,0.9917582417582418
2310300002,5.0,Soybean,0.9855072463768116
2310400023,5.0,Soybean,0.9882525697503671
2311100001,1.0,Corn,0.9508670520231214
2311100008,1.0,Corn,0.95
2311200001,5.0,Soybean,0.9633802816901409
2311300002,5.0,Soybean,0.8310249307479224
2311300004,5.0,Soybean,0.9733727810650887
2311400004,1.0,Corn,0.9678832116788321
2312100009,5.0,Soybean,0.957983193277311
2312100010,5.0,Soybean,0.9440993788819876
2312100011,1.0,Corn,0.99
2312100012,1.0,Corn,1.0
2312200002,1.0,Corn,0.9751381215469613
2312200003,1.0,Corn,0.7064220183486238
2312200004,1.0,Corn,0.9887640449438202
2312300009,5.0,Soybean,1.0
2312300011,5.0,Soybean,0.9864603481624759
2312400001,5.0,Soybean,0.7160839160839161
2313100002,5.0,Soybean,0.9970845481049563
2313100003,5.0,Soybean,0.9942028985507246
2313200004,1.0,Corn,0.985981308411215
2313200005,5.0,Soybean,0.9958677685950413
2313300001,5.0,Soybean,0.9860724233983287
2313400002,5.0,Soybean,0.6168359941944848
2314101001,1.0,Corn,0.9692058346839546
2314226001,1.0,Corn,0.9625468164794008
2314258001,5.0,Soybean,0.9206349206349206
2314276001,5.0,Soybean,0.9794238683127572
2314301002,5.0,Soybean,0.9869281045751634
2314333001,5.0,Soybean,0.9176470588235294
2314378001,5.0,Soybean,0.9497716894977168
2314405009,5.0,Soybean,0.967391304347826
2314426001,5.0,Soybean,0.9851301115241635
2315100002,1.0,Corn,0.9608938547486033
2315100003,1.0,Corn,1.0
2315100005,1.0,Corn,0.9623762376237623
2315200001,1.0,Corn,0.9736842105263158
2315300002,5.0,Soybean,0.9637462235649547
2315300004,1.0,Corn,0.9458689458689459
2315400001,5.0,Soybean,0.9615384615384616
2315400002,5.0,Soybean,0.975
2316126001,5.0,Soybean,0.9658246656760773
2316200001,1.0,Corn,0.9393258426966292
2316200002,5.0,Soybean,0.9927797833935018
2316300008,5.0,Soybean,0.9683453237410072
2316400002,5.0,Soybean,0.978448275862069
2316400003,5.0,Soybean,0.9731543624161074
2317100003,5.0,Soybean,0.5142045454545454
2317100008,1.0,Corn,0.9908536585365854
2317200001,5.0,Soybean,0.9833333333333333
2317200020,1.0,Corn,0.9609120521172638
2317300003,5.0,Soybean,0.811965811965812
2317300005,5.0,Soybean,0.9941690962099126
2317400001,5.0,Soybean,0.9557774607703281
2318100006,1.0,Corn,0.9743589743589743
2318100009,1.0,Corn,0.4722222222222222
2318100010,1.0,Corn,0.9897540983606558
2318200001,1.0,Corn,0.9812834224598931
2318200002,1.0,Corn,0.9779005524861878
2318300003,1.0,Corn,0.474
2318300004,5.0,Soybean,0.872093023255814
2318400001,5.0,Soybean,0.9284712482468443
2319100006,5.0,Soybean,0.5987432675044884
2319200010,1.0,Corn,0.9530386740331491
2319200011,1.0,Corn,0.9821428571428571
2319200012,1.0,Corn,1.0
2319300007,5.0,Soybean,0.984313725490196
2319300011,5.0,Soybean,0.5415617128463476
2319300014,5.0,Soybean,0.9603174603174603
2319400001,1.0,Corn,0.9861111111111112
2319400002,5.0,Soybean,0.9803921568627451
2320100002,1.0,Corn,0.9911111111111112
2320100003,5.0,Soybean,0.9558232931726908
2320200001,5.0,Soybean,0.6505681818181818
2320200002,5.0,Soybean,0.6685236768802229
2320300002,5.0,Soybean,0.9917127071823204
2320300003,5.0,Soybean,0.5674931129476584
2320400001,1.0,Corn,0.631578947368421
2320400002,1.0,Corn,0.9608938547486033
2320400003,5.0,Soybean,0.9425287356321839
2321100010,5.0,Soybean,0.9861111111111112
2321100011,5.0,Soybean,0.8786127167630058
2321100012,5.0,Soybean,0.9717514124293786
2321200001,1.0,Corn,0.5558659217877095
2321200004,1.0,Corn,0.984984984984985
2321200005,1.0,Corn,0.9428571428571428
2321300001,5.0,Soybean,0.6768802228412256
2321300002,1.0,Corn,0.9542857142857143
2321300004,1.0,Corn,0.9705882352941176
2321400001,1.0,Corn,0.5469613259668509
2321400002,1.0,Corn,0.9869281045751634
2321400003,5.0,Soybean,0.9518072289156626
2321400004,5.0,Soybean,0.9761904761904762
2322100001,1.0,Corn,0.9476744186046512
2322100004,1.0,Corn,0.9779005524861878
2322100006,36.0,Other,0.813953488372093
2322100007,36.0,Other,0.5888888888888889
2322200002,1.0,Corn,0.9859943977591037
2322200003,5.0,Soybean,0.7297297297297297
2322200007,1.0,Corn,0.7293497363796133
2322300007,1.0,Corn,0.9882352941176471
2322300008,1.0,Corn,0.9659090909090909
2322300015,5.0,Soybean,0.9328859060402684
2322300016,5.0,Soybean,0.9792746113989638
2322400007,1.0,Corn,0.9714285714285714
2323100005,5.0,Soybean,0.9504950495049505
2323100010,1.0,Corn,0.9970588235294118
2323100011,5.0,Soybean,0.7482014388489209
2323200002,1.0,Corn,0.9427753934191703
2323300002,5.0,Soybean,0.9723756906077348
2323300003,5.0,Soybean,0.7688888888888888
2323300005,1.0,Corn,0.9844961240310077
2323300009,5.0,Soybean,0.9644970414201184
2323400001,1.0,Corn,0.9318181818181818
2323400002,5.0,Soybean,0.9775280898876404
2323400004,1.0,Corn,0.9333333333333333
2323400009,1.0,Corn,0.988950276243094
2324100001,1.0,Corn,0.986130374479889
2324200001,1.0,Corn,1.0
2324200004,1.0,Corn,0.9825581395348837
2324200006,1.0,Corn,0.7178770949720671
2324300003,5.0,Soybean,0.971830985915493
2324300004,1.0,Corn,0.5909090909090909
2324300006,1.0,Corn,0.6277777777777778
2324400001,5.0,Soybean,0.9717514124293786
2324400003,5.0,Soybean,0.990530303030303
2325100007,5.0,Soybean,0.9285714285714286
2325100009,1.0,Corn,1.0
2325100010,1.0,Corn,0.9832635983263598
2325200002,1.0,Corn,0.9505494505494505
2325200004,5.0,Soybean,0.9905956112852664
2325200007,1.0,Corn,0.9712643678160919
2325300001,5.0,Soybean,0.9771689497716894
2325400001,5.0,Soybean,0.9674295774647887
2326100001,1.0,Corn,0.993103448275862
2326100006,36.0,Other,0.3835616438356164
2326100007,5.0,Soybean,0.9154929577464789
2326200006,1.0,Corn,0.4821664464993395
2326200007,5.0,Soybean,0.5680473372781065
2326300009,141.0,Other,0.3523809523809524
2326400005,5.0,Soybean,0.9361702127659575
2326400006,5.0,Soybean,1.0
2326400009,176.0,Other,0.41916167664670656
2326400012,5.0,Soybean,0.6946564885496184
2327100001,5.0,Soybean,0.9557522123893806
2327100007,1.0,Corn,0.9318181818181818
2327200015,176.0,Other,0.7916666666666666
2327200016,5.0,Soybean,0.7067307692307693
2327300001,5.0,Soybean,0.9656160458452722
2327401001,141.0,Other,0.37948395217117686
2328100001,5.0,Soybean,0.9633802816901409
2328100002,5.0,Soybean,0.9837837837837838
2328100003,5.0,Soybean,1.0
2328200003,1.0,Corn,0.9827586206896551
2328200004,5.0,Soybean,0.9841269841269841
2328200005,1.0,Corn,0.9230769230769231
2328200006,5.0,Soybean,0.8944591029023746
2328300001,5.0,Soybean,0.5617977528089888
2328300002,5.0,Soybean,1.0
2328300005,5.0,Soybean,0.6837944664031621
2328400001,1.0,Corn,0.9318181818181818
2328400003,1.0,Corn,0.9720670391061452
2328400004,1.0,Corn,0.9559748427672956
2328400006,1.0,Corn,0.9395973154362416
2329100001,1.0,Corn,0.9862637362637363
2329100002,1.0,Corn,0.907563025210084
2329200001,1.0,Corn,0.9578651685393258
2329200002,5.0,Soybean,0.9611111111111111
2329300001,1.0,Corn,0.9553072625698324
2329400001,5.0,Soybean,0.49019607843137253
2329400002,1.0,Corn,0.9371069182389937
2329400003,1.0,Corn,0.949685534591195
2330100002,1.0,Corn,0.966804979253112
2330100009,1.0,Corn,0.822429906542056
2330100010,176.0,Other,0.625
2330100011,1.0,Corn,0.8853211009174312
2330100012,1.0,Corn,0.5008912655971479
2330200005,1.0,Corn,0.9760191846522782
2330300002,5.0,Soybean,0.5765124555160143
2330300006,1.0,Corn,0.9548693586698337
2330400002,5.0,Soybean,0.9825581395348837
2330400003,1.0,Corn,0.7410468319559229
2331100004,5.0,Soybean,0.7547169811320755
2331100006,176.0,Other,0.5117056856187291
2331100007,5.0,Soybean,0.8928571428571429
2331100009,176.0,Other,0.7666666666666667
2331100011,1.0,Corn,0.9531914893617022
2331100012,5.0,Soybean,0.4844961240310077
2331200003,5.0,Soybean,0.9731543624161074
2331200005,5.0,Soybean,0.3776041666666667
2331300009,5.0,Soybean,0.6876404494382022
2331300011,176.0,Other,0.5072463768115942
2331300013,176.0,Other,0.4527027027027027
2331400003,5.0,Soybean,0.8709677419354839
2331400004,1.0,Corn,0.9418604651162791
2331400008,1.0,Corn,0.8484848484848485
2331400009,1.0,Corn,0.5214285714285715
2332100001,5.0,Soybean,0.9553072625698324
2332100002,1.0,Corn,0.8057142857142857
2332100003,1.0,Corn,0.6353591160220995
2332100007,141.0,Other,0.553072625698324
2332200004,5.0,Soybean,0.6301369863013698
2332200011,141.0,Other,0.5
2332200012,141.0,Other,0.5163043478260869
2332200014,176.0,Other,0.7872340425531915
2332200017,5.0,Soybean,0.950530035335689
2332300003,5.0,Soybean,0.9583333333333334
2332300004,5.0,Soybean,0.6153846153846154
2332300006,141.0,Other,0.684931506849315
2332300009,1.0,Corn,0.8101694915254237
2332300011,141.0,Other,0.6486486486486487
2332400001,5.0,Soybean,0.8286516853932584
2332400002,141.0,Other,0.9725274725274725
2332400003,141.0,Other,1.0
2332400005,176.0,Other,0.4827586206896552
2333100001,1.0,Corn,0.5
2333100011,141.0,Other,0.5086206896551724
2333100013,176.0,Other,0.6666666666666666
2333100018,1.0,Corn,0.4230769230769231
2333100021,1.0,Corn,0.8987341772151899
2333200006,1.0,Corn,0.8111111111111111
2333200007,5.0,Soybean,0.8666666666666667
2333200011,176.0,Other,0.37521815008726006
2333200012,1.0,Corn,0.9488636363636364
2333300003,176.0,Other,0.8888888888888888
2333300004,141.0,Other,0.8541666666666666
2333300006,141.0,Other,0.7289719626168224
2333300017,5.0,Soybean,0.8429319371727748
2333300021,1.0,Corn,0.8324022346368715
2333400001,141.0,Other,0.6323529411764706
2333400005,5.0,Soybean,0.7584269662921348
2333400007,5.0,Soybean,0.9090909090909091
2333400009,36.0,Other,0.30612244897959184
2334200006,141.0,Other,0.4633431085043988
2334300009,141.0,Other,0.690121155638397
2335100009,141.0,Other,0.49595885378398236
2335201001,176.0,Other,0.6111111111111112
2335201007,141.0,Other,0.6942148760330579
2335226003,141.0,Other,0.5619834710743802
2335226004,141.0,Other,0.6097560975609756
2335251031,141.0,Other,1.0
2335400019,141.0,Other,0.6237037037037036
2336100002,1.0,Corn,0.9666666666666667
2336100006,1.0,Corn,0.96875
2336100016,141.0,Other,0.4339622641509434
2336100022,1.0,Corn,0.514792899408284
2336100023,141.0,Other,0.44642857142857145
2336200006,1.0,Corn,0.8587570621468926
2336200011,1.0,Corn,0.9774193548387097
2336200013,1.0,Corn,0.9517241379310345
2336300002,5.0,Soybean,0.9113924050632911
2336300003,141.0,Other,0.7021276595744681
2336300004,176.0,Other,0.8828828828828829
2336300011,141.0,Other,0.6496350364963503
2336300012,1.0,Corn,0.8909090909090909
2336300018,5.0,Soybean,0.5217391304347826
2336400001,176.0,Other,0.7696629213483146
2336400003,5.0,Soybean,0.9213483146067416
2336400004,1.0,Corn,0.5828571428571429
2336400008,5.0,Soybean,0.8220338983050848
2336400012,176.0,Other,0.8157894736842105
2401100004,5.0,Soybean,0.5097159940209267
2401200003,1.0,Corn,0.9911894273127754
2401300003,5.0,Soybean,0.9208494208494209
2401300004,1.0,Corn,0.967741935483871
2401400002,1.0,Corn,0.9841040462427746
2402100002,5.0,Soybean,0.991304347826087
2402100003,5.0,Soybean,0.9912536443148688
2402200001,1.0,Corn,0.9439775910364145
2402200003,5.0,Soybean,0.48546511627906974
2402300002,1.0,Corn,0.9779086892488954
2402400005,1.0,Corn,0.9497907949790795
2402400006,1.0,Corn,0.9234972677595629
2402400007,1.0,Corn,0.8490566037735849
2403100002,5.0,Soybean,0.7679083094555874
2403100007,5.0,Soybean,0.8472222222222222
2403100008,1.0,Corn,0.9666666666666667
2403200001,5.0,Soybean,0.8971428571428571
2403300001,5.0,Soybean,0.8362573099415205
2403300004,5.0,Soybean,0.8445945945945946
2403300009,1.0,Corn,0.9642857142857143
2403300011,5.0,Soybean,0.9882352941176471
2403400012,5.0,Soybean,0.9820359281437125
2403400013,1.0,Corn,0.9384164222873901
2403400015,5.0,Soybean,0.9881305637982196
2404100001,5.0,Soybean,0.9711815561959655
2404100002,5.0,Soybean,0.980225988700565
2404200002,5.0,Soybean,0.9870782483847811
2404300002,5.0,Soybean,0.9858757062146892
2404300003,5.0,Soybean,0.9601139601139601
2405100001,1.0,Corn,0.9832402234636871
2405100004,1.0,Corn,0.949438202247191
2405100006,5.0,Soybean,0.9731182795698925
2405100013,1.0,Corn,0.9933333333333333
2405200001,5.0,Soybean,0.9700854700854701
2405200002,5.0,Soybean,1.0
2405300002,1.0,Corn,0.9801136363636364
2405300004,1.0,Corn,0.326984126984127
2405400002,5.0,Soybean,0.6528925619834711
2405400004,5.0,Soybean,1.0
2406100002,1.0,Corn,0.9251700680272109
2406100004,5.0,Soybean,0.9714285714285714
2406200002,5.0,Soybean,0.9913419913419913
2406200003,1.0,Corn,0.6581818181818182
2406300002,1.0,Corn,0.9676258992805755
2406400003,5.0,Soybean,0.6406844106463878
2407100008,5.0,Soybean,0.5046113306982872
2407200005,1.0,Corn,0.967032967032967
2407200006,1.0,Corn,0.9666666666666667
2407200009,5.0,Soybean,0.9820359281437125
2407200011,5.0,Soybean,0.960352422907489
2407300003,1.0,Corn,0.9195402298850575
2407300005,36.0,Other,0.5616438356164384
2407300006,1.0,Corn,0.9699570815450643
2407400003,5.0,Soybean,0.5256166982922201
2407400005,5.0,Soybean,0.5458015267175572
2408100001,1.0,Corn,0.9662921348314607
2408100003,5.0,Soybean,0.989010989010989
2408100004,1.0,Corn,0.9720670391061452
2408200001,5.0,Soybean,0.9735006973500697
2408300001,5.0,Soybean,0.9889196675900277
2408300002,5.0,Soybean,0.994535519125683
2408400006,1.0,Corn,0.9587155963302753
2408400008,5.0,Soybean,0.9818181818181818
2409100001,1.0,Corn,0.9661016949152542
2409200001,1.0,Corn,0.9382183908045977
2409300003,5.0,Soybean,0.9797687861271677
2409300005,5.0,Soybean,0.9576271186440678
2409400004,5.0,Soybean,0.5379939209726444
2409400008,1.0,Corn,0.9425981873111783
2410100002,5.0,Soybean,0.9858356940509915
2410100003,1.0,Corn,0.4924924924924925
2410200003,1.0,Corn,0.9970674486803519
2410200004,5.0,Soybean,0.5
2410300001,1.0,Corn,0.9739884393063584
2410300003,5.0,Soybean,0.98
2410400002,5.0,Soybean,0.49783549783549785
2411100008,5.0,Soybean,0.9883040935672515
2411100010,5.0,Soybean,0.5043478260869565
2411200004,5.0,Soybean,0.5141242937853108
2411300001,1.0,Corn,0.9123783031988874
2411400003,1.0,Corn,0.9176136363636364
2411400005,5.0,Soybean,0.8114285714285714
2412100001,1.0,Corn,0.9858757062146892
2412100003,1.0,Corn,0.9881422924901185
2412200006,1.0,Corn,0.9785575048732943
2412200008,1.0,Corn,0.9883040935672515
2412300003,1.0,Corn,1.0
2412300007,5.0,Soybean,0.9207547169811321
2412300009,1.0,Corn,0.9710743801652892
2412400002,176.0,Other,0.8034188034188035
2412400003,176.0,Other,0.8
2413100002,5.0,Soybean,1.0
2413200003,176.0,Other,0.8477611940298507
2413200004,5.0,Soybean,0.9828080229226361
2413300002,5.0,Soybean,0.9933774834437086
2413300011,5.0,Soybean,0.9910714285714286
2413400001,5.0,Soybean,0.757396449704142
2413400003,5.0,Soybean,1.0
2414100001,1.0,Corn,0.9549295774647887
2414100004,1.0,Corn,0.9767441860465116
2414200005,1.0,Corn,0.9799426934097422
2414200007,5.0,Soybean,0.7102272727272727
2414300004,1.0,Corn,0.508557457212714
2414300006,5.0,Soybean,0.636085626911315
2414400002,1.0,Corn,0.7048192771084337
2414400003,1.0,Corn,0.960960960960961
2414400004,1.0,Corn,0.9771428571428571
2415101001,1.0,Corn,0.9642857142857143
2415126002,5.0,Soybean,0.9655797101449275
2415200002,5.0,Soybean,0.49226441631504925
2415351004,1.0,Corn,0.9481865284974094
2415400001,5.0,Soybean,0.9714285714285714
2415400004,1.0,Corn,0.49635036496350365
2416100001,5.0,Soybean,0.9608938547486033
2416100004,1.0,Corn,0.9819277108433735
2416100005,1.0,Corn,0.9418604651162791
2416100007,5.0,Soybean,0.968944099378882
2416201001,1.0,Corn,0.9779005524861878
2416226002,5.0,Soybean,0.5
2416251001,5.0,Soybean,0.9820359281437125
2416277012,5.0,Soybean,0.9830508474576272
2416300004,5.0,Soybean,0.9476744186046512
2416300005,1.0,Corn,0.6501901140684411
2416401002,1.0,Corn,0.9634146341463414
2416451003,1.0,Corn,0.9841269841269841
2416451006,5.0,Soybean,0.9310344827586207
2416476001,5.0,Soybean,0.9034090909090909
2417100002,1.0,Corn,0.9066666666666666
2417100004,1.0,Corn,1.0
2417100005,1.0,Corn,0.9803439803439803
2417200001,1.0,Corn,0.5116959064327485
2417300004,5.0,Soybean,0.4879089615931721
2417400001,5.0,Soybean,0.957983193277311
2418100002,1.0,Corn,0.960960960960961
2418100007,1.0,Corn,0.9433962264150944
2418200008,5.0,Soybean,0.9726962457337884
2418200009,5.0,Soybean,0.9480122324159022
2418200013,5.0,Soybean,0.23529411764705882
2418300001,5.0,Soybean,0.9667774086378738
2418300003,1.0,Corn,0.9548022598870056
2418300004,1.0,Corn,0.9715909090909091
2418400001,1.0,Corn,0.9103641456582633
2418400005,5.0,Soybean,0.6184397163120567
2419100004,5.0,Soybean,0.96875
2419100008,5.0,Soybean,0.9533527696793003
2419100010,5.0,Soybean,0.8873239436619719
2419200002,5.0,Soybean,0.9602272727272727
2419200005,5.0,Soybean,0.9830508474576272
2419200008,1.0,Corn,0.9563492063492064
2419300001,5.0,Soybean,0.9509803921568627
2419300002,5.0,Soybean,0.9545454545454546
2419400001,1.0,Corn,0.9147727272727273
2419400004,1.0,Corn,0.5305343511450382
2419400007,5.0,Soybean,0.9285714285714286
2420100001,1.0,Corn,0.5343618513323983
2420200012,5.0,Soybean,0.503586800573888
2420300001,1.0,Corn,0.5185185185185185
2420300002,5.0,Soybean,0.9617834394904459
2420300004,1.0,Corn,0.9716312056737588
2420300005,1.0,Corn,0.96875
2420400003,5.0,Soybean,0.9915492957746479
2420400004,1.0,Corn,0.9705882352941176
2420400007,1.0,Corn,0.9194630872483222
2421100004,5.0,Soybean,0.9748427672955975
2421100006,5.0,Soybean,0.9925093632958801
2421200007,5.0,Soybean,0.9914040114613181
2421200009,5.0,Soybean,1.0
2421200010,5.0,Soybean,0.9828571428571429
2421300001,1.0,Corn,0.6893732970027248
2421300002,1.0,Corn,0.991304347826087
2421300004,1.0,Corn,0.9710743801652892
2421400004,5.0,Soybean,0.9772727272727273
2421400006,5.0,Soybean,0.9654178674351584
2422100002,5.0,Soybean,1.0
2422100006,5.0,Soybean,0.9774436090225563
2422100009,5.0,Soybean,0.9764705882352941
2422100013,5.0,Soybean,1.0
2422200002,1.0,Corn,0.6207865168539326
2422200003,1.0,Corn,0.9798270893371758
2422300002,5.0,Soybean,1.0
2422300003,1.0,Corn,0.9411764705882353
2422300005,1.0,Corn,0.9294117647058824
2422300008,1.0,Corn,0.9553072625698324
2422400002,1.0,Corn,0.9405405405405406
2422400004,5.0,Soybean,0.9814126394052045
2422400005,1.0,Corn,0.9310344827586207
2422400006,1.0,Corn,0.9834254143646409
2423100005,5.0,Soybean,0.8757062146892656
2423100008,5.0,Soybean,0.4380952380952381
2423200001,5.0,Soybean,0.96045197740113
2423200002,5.0,Soybean,0.9709302325581395
2423200003,5.0,Soybean,0.9828080229226361
2423300004,1.0,Corn,0.9661016949152542
2423300007,5.0,Soybean,0.5391061452513967
2423400002,5.0,Soybean,0.7373271889400922
2424100001,5.0,Soybean,0.8426966292134831
2424100002,1.0,Corn,0.8265895953757225
2424200002,176.0,Other,0.41414141414141414
2424200011,5.0,Soybean,0.8466257668711656
2424200012,176.0,Other,0.8586956521739131
2424200013,1.0,Corn,0.9468085106382979
2424200014,5.0,Soybean,0.49251497005988026
2424300001,5.0,Soybean,0.5823170731707317
2424300004,5.0,Soybean,0.975975975975976
2424400001,5.0,Soybean,0.8688524590163934
2424400002,1.0,Corn,0.9572192513368984
2424400003,1.0,Corn,0.9887005649717514
2424400004,1.0,Corn,0.9601139601139601
2425100009,5.0,Soybean,0.9629629629629629
2425100013,5.0,Soybean,0.8380281690140845
2425200002,1.0,Corn,0.7833333333333333
2425200004,5.0,Soybean,0.49295774647887325
2425200006,5.0,Soybean,1.0
2425300007,5.0,Soybean,0.5125348189415042
2425300012,5.0,Soybean,0.7490494296577946
2425400003,5.0,Soybean,0.943502824858757
2425400005,5.0,Soybean,1.0
2426100003,5.0,Soybean,0.5465116279069767
2426200003,1.0,Corn,0.5029991431019709
2426300001,1.0,Corn,0.9602272727272727
2426300002,5.0,Soybean,0.7416666666666667
2426400001,1.0,Corn,0.6384180790960452
2427100001,5.0,Soybean,0.5483646485734168
2427300005,5.0,Soybean,0.9680232558139535
2427400001,1.0,Corn,0.8620689655172413
2427400008,5.0,Soybean,0.9414414414414415
2427400009,1.0,Corn,0.8451327433628318
2428100003,1.0,Corn,0.4956268221574344
2428100004,5.0,Soybean,0.9887640449438202
2428100005,1.0,Corn,0.9368421052631579
2428200001,1.0,Corn,0.9052924791086351
2428200002,1.0,Corn,0.9634831460674157
2428300002,1.0,Corn,0.9653092006033183
2428400001,176.0,Other,0.40384615384615385
2429100004,1.0,Corn,0.9144144144144144
2429200002,1.0,Corn,0.9319727891156463
2429200005,1.0,Corn,0.9854227405247813
2429200007,1.0,Corn,0.7692307692307693
2429300003,5.0,Soybean,0.924198250728863
2429300005,5.0,Soybean,0.9742857142857143
2429400002,1.0,Corn,0.9741379310344828
2430100001,1.0,Corn,0.8778625954198473
2430100002,1.0,Corn,0.9653179190751445
2430100003,1.0,Corn,0.95
2430100005,1.0,Corn,0.9573170731707317
2430200001,1.0,Corn,0.989010989010989
2430200004,1.0,Corn,0.9880952380952381
2430200006,1.0,Corn,0.8157894736842105
2430300002,5.0,Soybean,0.9832402234636871
2430300009,36.0,Other,0.425531914893617
2430300010,5.0,Soybean,0.951310861423221
2430400002,1.0,Corn,0.5470991890205864
2431100006,176.0,Other,0.7553956834532374
2431200002,1.0,Corn,0.9487179487179487
2431300002,5.0,Soybean,0.6515151515151515
2431400002,5.0,Soybean,0.4961832061068702
2431400003,176.0,Other,0.9438202247191011
2432100002,1.0,Corn,0.9213483146067416
2432100003,1.0,Corn,0.9886363636363636
2432100008,5.0,Soybean,0.5181818181818182
2432200001,1.0,Corn,0.9785407725321889
2432200006,1.0,Corn,0.9790794979079498
2432300001,5.0,Soybean,0.8439716312056738
2432400001,5.0,Soybean,0.8823529411764706
2432400002,5.0,Soybean,0.8583333333333333
2433100019,5.0,Soybean,0.9857723577235772
2433100022,1.0,Corn,0.9448818897637795
2433200006,5.0,Soybean,0.507177033492823
2433300004,36.0,Other,0.5430711610486891
2433300005,176.0,Other,0.8409090909090909
2433300010,5.0,Soybean,0.9863013698630136
2433300012,5.0,Soybean,0.7040816326530612
2433300013,5.0,Soybean,0.9772727272727273
2433300014,5.0,Soybean,0.8392857142857143
2433400002,28.0,Other,0.5
2433400003,1.0,Corn,0.5286783042394015
2434100002,1.0,Corn,0.7471910112359551
2434100004,5.0,Soybean,0.9597701149425287
2434100006,1.0,Corn,0.9005847953216374
2434200005,1.0,Corn,0.4838235294117647
2434400002,1.0,Corn,0.6678297278436846
2435100002,5.0,Soybean,0.4864479315263909
2435200014,1.0,Corn,0.48840579710144927
2435300002,1.0,Corn,0.31721194879089615
2435400006,5.0,Soybean,0.5036075036075036
2436100003,1.0,Corn,0.985632183908046
2436100008,5.0,Soybean,0.9502762430939227
2436100009,1.0,Corn,0.9239766081871345
2436200005,1.0,Corn,0.32285714285714284
2436200007,1.0,Corn,0.6477272727272727
2436200008,176.0,Other,0.7439024390243902
2436300001,1.0,Corn,0.5972222222222222
2436300003,5.0,Soybean,0.5483870967741935
2436300004,5.0,Soybean,0.5348837209302325
2436400001,1.0,Corn,0.9166666666666666
2436400003,1.0,Corn,0.5787037037037037
2436400005,1.0,Corn,0.9888888888888889
2436400006,5.0,Soybean,0.9857549857549858
2501100002,1.0,Corn,0.8951841359773371
2501100003,5.0,Soybean,0.9806629834254144
2501200002,5.0,Soybean,0.9324712643678161
2501300001,1.0,Corn,0.46629213483146065
2501300002,5.0,Soybean,0.9668508287292817
2501400001,5.0,Soybean,0.9887640449438202
2501400004,5.0,Soybean,0.5196078431372549
2502100002,5.0,Soybean,0.9800266311584553
2502200007,5.0,Soybean,0.9700598802395209
2502200013,5.0,Soybean,0.5196629213483146
2502200015,1.0,Corn,0.9775280898876404
2502200016,1.0,Corn,1.0
2502300002,1.0,Corn,0.9509803921568627
2502400001,1.0,Corn,0.9917127071823204
2502400009,1.0,Corn,0.9230769230769231
2503100005,5.0,Soybean,0.9233791748526523
2503100006,1.0,Corn,0.9942857142857143
2503100007,1.0,Corn,1.0
2503200005,5.0,Soybean,0.967741935483871
2503200007,1.0,Corn,0.985632183908046
2503200010,5.0,Soybean,0.9613259668508287
2503300003,1.0,Corn,0.9711538461538461
2503300004,5.0,Soybean,0.9296875
2503300005,1.0,Corn,1.0
2503400002,1.0,Corn,0.9626436781609196
2503400003,1.0,Corn,0.9854227405247813
2504100002,1.0,Corn,0.8663101604278075
2504100004,1.0,Corn,0.5254237288135594
2504200002,176.0,Other,0.7722222222222223
2504300002,5.0,Soybean,0.9325842696629213
2504300009,1.0,Corn,0.9895833333333334
2504300010,1.0,Corn,1.0
2504300011,5.0,Soybean,0.6
2504300012,5.0,Soybean,0.9767441860465116
2504300013,5.0,Soybean,0.9846153846153847
2504400003,5.0,Soybean,0.9668599834299917
2505100001,5.0,Soybean,0.9885714285714285
2505100006,5.0,Soybean,0.9904761904761905
2505200002,1.0,Corn,0.9944444444444445
2505200003,1.0,Corn,0.9831460674157303
2505200004,1.0,Corn,1.0
2505300003,1.0,Corn,0.9333333333333333
2505300004,1.0,Corn,0.7230769230769231
2505300005,1.0,Corn,0.9293893129770993
2505400001,1.0,Corn,0.9400544959128065
2505400002,1.0,Corn,0.49852507374631266
2506100002,,,
2506100004,1.0,Corn,0.7138769670958512
2506100005,5.0,Soybean,0.9696969696969697
2506200001,1.0,Corn,0.9742489270386266
2506400001,176.0,Other,0.44598337950138506
2506400011,176.0,Other,0.8218390804597702
2506400013,176.0,Other,0.7735849056603774
2507100008,1.0,Corn,0.9691629955947136
2507100009,1.0,Corn,0.9644444444444444
2507100012,176.0,Other,0.4411764705882353
2507200005,1.0,Corn,0.9318181818181818
2507200007,176.0,Other,0.5806451612903226
2507200008,5.0,Soybean,0.935672514619883
2507200010,5.0,Soybean,0.5958188153310104
2507300005,1.0,Corn,0.9971590909090909
2507300008,176.0,Other,0.8688946015424165
2507400001,5.0,Soybean,0.9943502824858758
2507400002,5.0,Soybean,0.989247311827957
2507400004,1.0,Corn,0.9777777777777777
2507400005,5.0,Soybean,1.0
2507400006,1.0,Corn,0.8977777777777778
2508100002,5.0,Soybean,0.97677793904209
2508100005,1.0,Corn,0.9709302325581395
2508200002,1.0,Corn,0.7616279069767442
2508300002,1.0,Corn,0.9028571428571428
2508300003,1.0,Corn,0.9041095890410958
2508300004,5.0,Soybean,0.592814371257485
2508300005,176.0,Other,0.6630434782608695
2508400002,1.0,Corn,0.9595375722543352
2508400003,1.0,Corn,0.7337278106508875
2509100005,176.0,Other,0.5469613259668509
2509100008,5.0,Soybean,0.9578651685393258
2509100010,176.0,Other,0.6714285714285714
2509100011,1.0,Corn,0.967741935483871
2509200001,1.0,Corn,0.6272727272727273
2509200003,5.0,Soybean,0.6798866855524079
2509200004,1.0,Corn,0.9201680672268907
2509300003,5.0,Soybean,1.0
2509300005,5.0,Soybean,0.8823529411764706
2509300007,5.0,Soybean,0.9285714285714286
2509400003,5.0,Soybean,0.9655172413793104
2509400004,1.0,Corn,0.9345238095238095
2509400006,5.0,Soybean,0.5058479532163743
2510100002,1.0,Corn,0.6412213740458015
2510200006,176.0,Other,0.8520710059171598
2510200011,176.0,Other,0.8283582089552238
2510200012,176.0,Other,0.7297297297297297
2510300001,1.0,Corn,0.9425287356321839
2510300003,1.0,Corn,0.8156424581005587
2510400001,1.0,Corn,0.6431226765799256
2510400002,176.0,Other,0.6830357142857143
2511100003,5.0,Soybean,0.9541984732824428
2511100004,5.0,Soybean,0.9626436781609196
2511200003,5.0,Soybean,0.5083612040133779
2511300001,1.0,Corn,0.9871323529411765
2511400001,5.0,Soybean,0.9889908256880734
2512100001,1.0,Corn,0.9464788732394366
2512100002,5.0,Soybean,0.9723756906077348
2512200001,5.0,Soybean,0.9719101123595506
2512300001,5.0,Soybean,0.9723756906077348
2512300002,1.0,Corn,0.9510869565217391
2512300004,1.0,Corn,0.9310344827586207
2512300006,1.0,Corn,0.47368421052631576
2512400002,1.0,Corn,0.9619883040935673
2513100002,1.0,Corn,0.5230998509687034
2513100004,5.0,Soybean,0.9759036144578314
2513200001,1.0,Corn,0.883177570093458
2513300001,5.0,Soybean,0.9373134328358209
2513400001,5.0,Soybean,0.9714673913043478
2514100001,5.0,Soybean,0.9554317548746518
2514100002,1.0,Corn,0.9529085872576177
2514200001,5.0,Soybean,0.9807692307692307
2514200003,5.0,Soybean,0.9184782608695652
2514200004,1.0,Corn,0.9269662921348315
2514300002,1.0,Corn,0.9805555555555555
2514300005,5.0,Soybean,0.8823529411764706
2514400001,1.0,Corn,0.9773371104815864
2515100001,5.0,Soybean,0.5084269662921348
2515100002,1.0,Corn,0.4717514124293785
2515200001,5.0,Soybean,0.9608938547486033
2515200003,1.0,Corn,0.9943820224719101
2515200004,1.0,Corn,0.8908045977011494
2515300001,5.0,Soybean,0.940677966101695
2515300002,1.0,Corn,0.9916666666666667
2515400001,1.0,Corn,0.4950911640953717
2516100001,5.0,Soybean,1.0
2516100003,5.0,Soybean,0.911864406779661
2516200002,1.0,Corn,0.9195402298850575
2516200003,1.0,Corn,0.9479768786127167
2516200004,5.0,Soybean,0.9548022598870056
2516200005,5.0,Soybean,0.9767441860465116
2516200006,5.0,Soybean,0.8045977011494253
2516300002,1.0,Corn,0.9701492537313433
2516300003,176.0,Other,0.7313432835820896
2516300004,1.0,Corn,0.9662921348314607
2516400001,1.0,Corn,0.9664804469273743
2516400002,176.0,Other,0.367816091954023
2516400003,5.0,Soybean,0.8771929824561403
2517100001,1.0,Corn,0.8901251738525731
2517100002,5.0,Soybean,0.9888268156424581
2517100003,1.0,Corn,0.7339622641509433
2517200001,1.0,Corn,0.8241758241758241
2517200008,1.0,Corn,0.9578313253012049
2517200009,5.0,Soybean,0.9375
2517300002,1.0,Corn,0.8252032520325203
2517400001,5.0,Soybean,0.8125
2517400003,5.0,Soybean,0.8791208791208791
2517400004,176.0,Other,0.782258064516129
2518100001,5.0,Soybean,0.7313829787234043
2518100002,1.0,Corn,0.8861111111111111
2518200001,1.0,Corn,0.9782608695652174
2518200002,1.0,Corn,0.9611111111111111
2518200003,1.0,Corn,0.9551451187335093
2518300001,5.0,Soybean,0.6653696498054474
2518300003,5.0,Soybean,0.8144329896907216
2518300004,1.0,Corn,0.864951768488746
2518400001,1.0,Corn,0.9378531073446328
2518400004,5.0,Soybean,0.9530612244897959
2519100001,5.0,Soybean,0.8481012658227848
2519100003,5.0,Soybean,0.7996070726915521
2519201001,141.0,Other,0.5098039215686274
2519202002,1.0,Corn,0.6408668730650154
2519276001,5.0,Soybean,0.36923076923076925
2519300001,5.0,Soybean,0.9772727272727273
2519300002,1.0,Corn,0.9204545454545454
2519400005,5.0,Soybean,0.9829545454545454
2519400007,1.0,Corn,0.5061728395061729
2519400011,5.0,Soybean,0.3142857142857143
2519400012,5.0,Soybean,0.49122807017543857
2519400013,121.0,Other,0.64
2520100028,176.0,Other,0.5958083832335329
2520100029,5.0,Soybean,0.8776371308016878
2520100031,176.0,Other,0.7416267942583732
2520200003,176.0,Other,0.6929133858267716
2520200005,176.0,Other,0.8181818181818182
2520200018,111.0,Other,0.417910447761194
2520300005,5.0,Soybean,0.8529411764705882
2520300006,5.0,Soybean,0.8120805369127517
2520300008,176.0,Other,0.875
2520300009,176.0,Other,0.9705882352941176
2520400005,5.0,Soybean,0.8214285714285714
2520400015,141.0,Other,0.4577114427860697
2521100001,1.0,Corn,0.9516129032258065
2521100003,1.0,Corn,1.0
2521100005,1.0,Corn,1.0
2521100006,1.0,Corn,0.9279279279279279
2521100011,5.0,Soybean,0.4716981132075472
2521151013,5.0,Soybean,0.7361111111111112
2521151017,176.0,Other,0.5
2521200006,1.0,Corn,0.8976945244956772
2521301002,121.0,Other,0.49333333333333335
2521301021,121.0,Other,0.591304347826087
2521327017,121.0,Other,0.88
2521401014,1.0,Corn,0.7857142857142857
2521426001,1.0,Corn,0.8804347826086957
2521454002,141.0,Other,0.5
2521476006,5.0,Soybean,0.8068181818181818
2522100001,1.0,Corn,1.0
2522100002,1.0,Corn,1.0
2522100003,1.0,Corn,0.988950276243094
2522200001,5.0,Soybean,0.9720670391061452
2522200002,1.0,Corn,0.5605633802816902
2522300001,1.0,Corn,0.9836956521739131
2522300002,5.0,Soybean,0.9333333333333333
2522400001,1.0,Corn,0.9797235023041475
2522400002,1.0,Corn,0.9555555555555556
2522400004,5.0,Soybean,0.9883720930232558
2522400005,5.0,Soybean,0.9425287356321839
2523100002,176.0,Other,0.5918367346938775
2523100003,176.0,Other,0.6485294117647059
2523200001,5.0,Soybean,0.9690576652601969
2523300003,1.0,Corn,0.9285714285714286
2523300006,176.0,Other,0.9093655589123867
2523300009,176.0,Other,0.9470588235294117
2523400001,1.0,Corn,0.9562841530054644
2523400002,5.0,Soybean,0.9180327868852459
2523400004,1.0,Corn,0.9761904761904762
2523400006,1.0,Corn,0.937888198757764
2524100001,1.0,Corn,0.9678362573099415
2524100002,1.0,Corn,0.9858757062146892
2524200005,5.0,Soybean,0.9615384615384616
2524200006,5.0,Soybean,0.9513513513513514
2524200007,5.0,Soybean,0.9463087248322147
2524300001,1.0,Corn,0.9553072625698324
2524300003,1.0,Corn,0.9542857142857143
2524300004,1.0,Corn,0.9720670391061452
2524300005,1.0,Corn,0.8863109048723898
2524400006,1.0,Corn,0.9476439790575916
2524400008,1.0,Corn,0.8345323741007195
2525100001,1.0,Corn,0.9597701149425287
2525100002,1.0,Corn,1.0
2525200005,1.0,Corn,0.9945848375451264
2525200006,1.0,Corn,0.9787798408488063
2525300002,5.0,Soybean,0.9316770186335404
2525300005,1.0,Corn,0.49816176470588236
2525300009,1.0,Corn,0.9504132231404959
2525400001,1.0,Corn,0.9714285714285714
2525400003,5.0,Soybean,0.9865771812080537
2526100002,5.0,Soybean,0.8611111111111112
2526100003,1.0,Corn,0.9459459459459459
2526100004,5.0,Soybean,0.966183574879227
2526100007,5.0,Soybean,0.9772727272727273
2526200001,1.0,Corn,0.9613259668508287
2526200002,1.0,Corn,0.9596541786743515
2526300004,1.0,Corn,0.5282574568288854
2526400005,5.0,Soybean,1.0
2526400006,5.0,Soybean,0.5833333333333334
2526400010,1.0,Corn,0.7296037296037297
2527102001,176.0,Other,0.5733333333333334
2527126003,176.0,Other,0.8023598820058997
2527151002,176.0,Other,0.8372093023255814
2527151004,176.0,Other,0.8795180722891566
2527176001,1.0,Corn,0.8478260869565217
2527200002,5.0,Soybean,0.899736147757256
2527200004,5.0,Soybean,0.9191919191919192
2527300005,1.0,Corn,0.4186046511627907
2527300009,141.0,Other,0.5217391304347826
2527300013,1.0,Corn,0.922077922077922
2527300016,176.0,Other,0.6098901098901099
2527300020,176.0,Other,0.8953488372093024
2527300021,176.0,Other,0.8172043010752689
2527400003,1.0,Corn,0.6744186046511628
2527400004,176.0,Other,0.5209302325581395
2528140011,5.0,Soybean,0.373134328358209
2528258007,121.0,Other,0.5576923076923077
2528258008,121.0,Other,0.6956521739130435
2528276003,1.0,Corn,0.81
2528300006,176.0,Other,0.8333333333333334
2528300007,5.0,Soybean,0.807920792079208
2528400011,24.0,Other,0.6363636363636364
2528400014,176.0,Other,0.7248322147651006
2528400015,24.0,Other,0.7962962962962963
2528400016,176.0,Other,0.8867924528301887
2528400017,5.0,Soybean,0.9541284403669725
2529100011,5.0,Soybean,0.9666666666666667
2529300005,1.0,Corn,0.6310160427807486
2529300006,5.0,Soybean,0.9847328244274809
2529300008,5.0,Soybean,0.9721627408993576
2529400002,5.0,Soybean,0.9361930294906167
2530100003,5.0,Soybean,0.9635036496350365
2530100006,1.0,Corn,0.9075144508670521
2530100011,5.0,Soybean,0.9069767441860465
2530100013,5.0,Soybean,0.6194331983805668
2530100014,5.0,Soybean,0.7252747252747253
2530200003,5.0,Soybean,0.5504587155963303
2530200004,36.0,Other,0.6182336182336182
2530300004,176.0,Other,0.76
2530300006,5.0,Soybean,0.7262569832402235
2530300007,5.0,Soybean,0.9318181818181818
2530300009,5.0,Soybean,0.9516129032258065
2530400001,5.0,Soybean,0.9253731343283582
2530400005,141.0,Other,0.6017699115044248
2530400007,141.0,Other,0.5063291139240507
2531100002,5.0,Soybean,0.5013850415512465
2531100003,1.0,Corn,0.9530956848030019
2531100004,1.0,Corn,0.4888888888888889
2531200001,5.0,Soybean,0.5706806282722513
2531200003,1.0,Corn,0.9829059829059829
2531200004,5.0,Soybean,0.9927536231884058
2531200005,5.0,Soybean,1.0
2531200006,5.0,Soybean,0.9242424242424242
2531300001,1.0,Corn,0.9885057471264368
2531300002,5.0,Soybean,0.9943181818181818
2531400001,5.0,Soybean,0.49171270718232046
2531400002,1.0,Corn,0.9920948616600791
2532100001,1.0,Corn,0.9387755102040817
2532100003,1.0,Corn,0.9871794871794872
2532100005,1.0,Corn,0.9616724738675958
2532200005,1.0,Corn,0.7361963190184049
2532300001,1.0,Corn,1.0
2532300002,1.0,Corn,0.9649122807017544
2532300003,1.0,Corn,0.9788359788359788
2532400001,5.0,Soybean,0.9960285941223193
2533100005,5.0,Soybean,0.9809688581314879
2533200005,1.0,Corn,0.9629629629629629
2533200006,1.0,Corn,0.582089552238806
2533200009,24.0,Other,0.9
2533200010,5.0,Soybean,0.889795918367347
2533400002,5.0,Soybean,1.0
2533400003,5.0,Soybean,0.9826086956521739
2533400005,5.0,Soybean,0.5441527446300716
2534100001,1.0,Corn,0.9495548961424333
2534200003,1.0,Corn,0.880690737833595
2534300004,1.0,Corn,0.8948339483394834
2534400011,1.0,Corn,0.94921875
2534400012,1.0,Corn,0.9544364508393285
2535100005,1.0,Corn,0.9008498583569405
2535200003,1.0,Corn,1.0
2535200005,5.0,Soybean,0.889763779527559
2535200006,5.0,Soybean,0.948019801980198
2535300001,5.0,Soybean,0.954639175257732
2535300003,1.0,Corn,0.8991596638655462
2535300004,1.0,Corn,0.9318181818181818
2535400001,5.0,Soybean,0.9631728045325779
2535400002,5.0,Soybean,0.960352422907489
2536100001,1.0,Corn,0.6240740740740741
2536100004,141.0,Other,0.7588652482269503
2536200001,5.0,Soybean,0.9720670391061452
2536200002,1.0,Corn,0.8176178660049628
2536300007,5.0,Soybean,0.9236577181208053
2601200004,1.0,Corn,0.49118773946360156
2601300001,1.0,Corn,0.48036253776435045
2601300002,1.0,Corn,0.9018567639257294
2601400002,1.0,Corn,0.9276393831553974
2602100005,5.0,Soybean,1.0
2602100007,1.0,Corn,0.7814569536423841
2602200006,5.0,Soybean,0.5
2602200007,1.0,Corn,0.9717741935483871
2602200008,1.0,Corn,0.9844559585492227
2602300005,1.0,Corn,0.9569444444444445
2602300006,5.0,Soybean,0.95
2602300007,5.0,Soybean,0.9831932773109243
2603100004,1.0,Corn,0.9618528610354223
2603200001,5.0,Soybean,0.8307830783078308
2603300002,5.0,Soybean,0.5337837837837838
2603300005,5.0,Soybean,0.9259259259259259
2603300006,5.0,Soybean,1.0
2603300007,1.0,Corn,0.9129213483146067
2603400002,1.0,Corn,0.7272727272727273
2604100004,1.0,Corn,0.9206349206349206
2604100005,1.0,Corn,0.9835164835164835
2604100006,1.0,Corn,0.948509485094851
2604200003,5.0,Soybean,0.9676898222940227
2604300005,1.0,Corn,0.989010989010989
2604300006,1.0,Corn,0.9120879120879121
2604300007,5.0,Soybean,1.0
2604300008,5.0,Soybean,1.0
2604300009,5.0,Soybean,0.9888888888888889
2604300010,1.0,Corn,0.9777777777777777
2604300011,1.0,Corn,1.0
2604400003,5.0,Soybean,0.9830508474576272
2604400004,24.0,Other,0.40491803278688526
2605100002,1.0,Corn,0.5969101123595506
2605200004,5.0,Soybean,0.9666666666666667
2605200005,5.0,Soybean,0.9832635983263598
2605200006,5.0,Soybean,0.9872881355932204
2605300001,1.0,Corn,0.9659090909090909
2605300006,5.0,Soybean,0.6903846153846154
2605400002,1.0,Corn,0.9777158774373259
2605400003,1.0,Corn,0.990990990990991
2605400004,5.0,Soybean,0.9644444444444444
2606100003,1.0,Corn,0.7686567164179104
2606100004,36.0,Other,0.660377358490566
2606200001,176.0,Other,0.532258064516129
2606200007,1.0,Corn,0.5688888888888889
2606200008,176.0,Other,0.4057971014492754
2606300004,5.0,Soybean,0.33491912464319695
2606400002,5.0,Soybean,0.48638132295719844
2607100005,176.0,Other,0.8571428571428571
2607100006,1.0,Corn,0.9866666666666667
2607200013,5.0,Soybean,0.9940740740740741
2607300001,5.0,Soybean,0.6343612334801763
2607300004,5.0,Soybean,0.9846938775510204
2607400001,5.0,Soybean,0.9954545454545455
2607400002,1.0,Corn,0.9610027855153204
2608100001,5.0,Soybean,0.9560439560439561
2608100008,1.0,Corn,0.8659217877094972
2608200001,5.0,Soybean,0.9559834938101788
2608300001,5.0,Soybean,0.9971830985915493
2608300003,1.0,Corn,0.46153846153846156
2608400001,1.0,Corn,0.946927374301676
2608400002,5.0,Soybean,0.861878453038674
2609100001,1.0,Corn,0.9726027397260274
2609100002,1.0,Corn,0.8631284916201117
2609200010,5.0,Soybean,0.9298969072164949
2609200011,1.0,Corn,0.5287769784172662
2609300002,1.0,Corn,0.9750692520775623
2609300007,5.0,Soybean,0.9969604863221885
2609400006,5.0,Soybean,0.8668639053254438
2610100001,5.0,Soybean,0.9736842105263158
2610100004,5.0,Soybean,0.988031914893617
2610200008,5.0,Soybean,0.8525547445255475
2610300007,5.0,Soybean,0.6623134328358209
2611100003,1.0,Corn,0.9636678200692042
2611200003,1.0,Corn,0.9337016574585635
2611200005,5.0,Soybean,0.998324958123953
2611300008,5.0,Soybean,0.5629453681710214
2612100002,1.0,Corn,0.9140401146131805
2612100007,5.0,Soybean,0.42084942084942084
2612200002,141.0,Other,0.453125
2612200005,5.0,Soybean,0.6954022988505747
2612200007,1.0,Corn,0.9239610963748894
2612300004,5.0,Soybean,0.9131736526946108
2612300005,5.0,Soybean,0.5131195335276968
2613100003,176.0,Other,0.4745098039215686
2613100004,5.0,Soybean,0.9641148325358851
2613200001,5.0,Soybean,0.4873417721518987
2613300001,5.0,Soybean,0.7349926793557833
2614100002,1.0,Corn,0.9915254237288136
2614100005,1.0,Corn,0.9844851904090268
2614200004,1.0,Corn,0.9866071428571429
2614200005,1.0,Corn,0.9596412556053812
2614300002,1.0,Corn,0.9798850574712644
2614400005,1.0,Corn,0.973293768545994
2615100004,1.0,Corn,0.5022123893805309
2615100005,5.0,Soybean,0.9913419913419913
2615200004,1.0,Corn,0.9871794871794872
2615200005,1.0,Corn,0.9746835443037974
2615300006,1.0,Corn,0.9809119830328739
2615400001,5.0,Soybean,0.5125
2616100001,5.0,Soybean,0.9721448467966574
2616100007,1.0,Corn,0.9754716981132076
2616200007,5.0,Soybean,0.8143382352941176
2616300001,1.0,Corn,0.9382022471910112
2616300002,1.0,Corn,0.5027624309392266
2616300006,5.0,Soybean,0.5141242937853108
2616400004,5.0,Soybean,0.9605633802816902
2617100005,1.0,Corn,0.5894134477825465
2617200001,1.0,Corn,0.9891891891891892
2617200005,1.0,Corn,0.9777777777777777
2617200011,1.0,Corn,0.5228571428571429
2617300002,1.0,Corn,0.958217270194986
2617300003,5.0,Soybean,0.961218836565097
2617400004,1.0,Corn,0.49213161659513593
2618100001,1.0,Corn,0.9415584415584416
2618100002,5.0,Soybean,0.9944444444444445
2618100004,5.0,Soybean,0.5132743362831859
2618100005,5.0,Soybean,0.5245901639344263
2618200005,1.0,Corn,0.5069686411149826
2618200006,5.0,Soybean,0.8633093525179856
2618300003,5.0,Soybean,0.5977653631284916
2618400002,1.0,Corn,0.9116809116809117
2618400004,5.0,Soybean,0.7536231884057971
2619200007,1.0,Corn,0.9469026548672567
2619200008,5.0,Soybean,1.0
2619200009,5.0,Soybean,0.6283185840707964
2619200010,5.0,Soybean,1.0
2619200011,1.0,Corn,0.9325842696629213
2619300002,1.0,Corn,0.5724838411819021
2619400001,5.0,Soybean,0.5831062670299727
2619400002,1.0,Corn,0.8689458689458689
2620100001,1.0,Corn,0.9513513513513514
2620100005,5.0,Soybean,0.515625
2620200001,1.0,Corn,0.9721448467966574
2620200002,1.0,Corn,0.9591280653950953
2620300002,1.0,Corn,0.503690036900369
2620400008,5.0,Soybean,0.9165487977369166
2621100007,5.0,Soybean,0.9975669099756691
2621200002,5.0,Soybean,0.8950276243093923
2621200003,5.0,Soybean,1.0
2621200005,1.0,Corn,0.9481946624803768
2621200006,1.0,Corn,0.5371287128712872
2621300004,1.0,Corn,0.9657142857142857
2621300005,1.0,Corn,0.9870848708487084
2621400005,5.0,Soybean,0.5529100529100529
2622100002,1.0,Corn,0.9775280898876404
2622100004,5.0,Soybean,0.9737335834896811
2622200002,1.0,Corn,0.7313432835820896
2622200003,5.0,Soybean,0.9762419006479481
2622200004,1.0,Corn,0.9888888888888889
2622200005,1.0,Corn,0.9774011299435028
2622300002,5.0,Soybean,0.9661016949152542
2622300009,5.0,Soybean,0.9828571428571429
2622300010,1.0,Corn,0.49375
2622400001,1.0,Corn,0.7300380228136882
2623100002,1.0,Corn,0.9589285714285715
2623100006,5.0,Soybean,0.8863198458574181
2623200007,5.0,Soybean,0.3281096963761019
2623300002,5.0,Soybean,0.3879310344827586
2623400008,5.0,Soybean,0.89198606271777
2624100003,141.0,Other,0.6470588235294118
2624100008,5.0,Soybean,0.5270676691729324
2624100009,1.0,Corn,0.4090909090909091
2624300002,141.0,Other,0.5
2624300009,5.0,Soybean,0.5433212996389891
2624400008,141.0,Other,0.9427480916030534
2624400009,176.0,Other,0.42280285035629456
2625200008,1.0,Corn,0.6647919010123734
2625300001,1.0,Corn,0.9581005586592178
2625300002,1.0,Corn,0.9778393351800554
2625400007,5.0,Soybean,0.9751332149200711
2626100002,5.0,Soybean,0.8389610389610389
2626200006,141.0,Other,0.6981132075471698
2626200007,5.0,Soybean,0.653179190751445
2626200008,176.0,Other,0.5245614035087719
2626300004,5.0,Soybean,0.4706362153344209
2627100004,176.0,Other,0.8857142857142857
2627100006,1.0,Corn,0.46901172529313234
2627200008,176.0,Other,0.8977272727272727
2627200009,176.0,Other,0.803921568627451
2627300001,5.0,Soybean,0.6783505154639176
2627400004,1.0,Corn,0.5231578947368422
2627400005,176.0,Other,0.9112426035502958
2628100009,1.0,Corn,0.9466403162055336
2628200001,5.0,Soybean,0.49770431588613406
2628300001,1.0,Corn,0.8016997167138811
2628300002,1.0,Corn,0.4943820224719101
2628400004,5.0,Soybean,0.8038922155688623
2629100001,1.0,Corn,0.6711956521739131
2629100002,1.0,Corn,0.48314606741573035
2629200002,1.0,Corn,0.5602641717116126
2629401003,176.0,Other,0.5993485342019544
2630100010,5.0,Soybean,0.9494949494949495
2630100011,5.0,Soybean,0.9754901960784313
2630100012,5.0,Soybean,0.8391608391608392
2630200002,5.0,Soybean,0.9094269870609981
2630200003,5.0,Soybean,0.967032967032967
2630300002,5.0,Soybean,0.8112582781456954
2630400001,5.0,Soybean,0.9835616438356164
2630400002,1.0,Corn,0.7735849056603774
2631100001,1.0,Corn,0.7949438202247191
2631200009,1.0,Corn,0.4621212121212121
2631200010,1.0,Corn,0.9120879120879121
2631200011,1.0,Corn,0.7417582417582418
2631300002,1.0,Corn,0.543859649122807
2631300004,5.0,Soybean,0.4768740031897927
2631400001,5.0,Soybean,0.3220338983050847
2632100007,1.0,Corn,0.41430948419301167
2632200006,176.0,Other,0.325
2632300001,1.0,Corn,0.7561643835616438
2632300002,5.0,Soybean,0.9103641456582633
2632400002,1.0,Corn,0.7399425287356322
2633100001,141.0,Other,0.6335877862595419
2633100003,5.0,Soybean,0.5123674911660777
2633200003,1.0,Corn,0.736231884057971
2633200005,1.0,Corn,0.8121951219512196
2633300004,1.0,Corn,0.5706051873198847
2633300006,1.0,Corn,0.8795518207282913
2633400004,5.0,Soybean,0.9050279329608939
2633400005,5.0,Soybean,0.9230769230769231
2633400006,5.0,Soybean,0.9107142857142857
2634100001,5.0,Soybean,0.9558011049723757
2634100003,1.0,Corn,0.7089397089397089
2634200004,5.0,Soybean,0.5
2634200005,5.0,Soybean,0.7723577235772358
2634300001,5.0,Soybean,0.9439775910364145
2634300003,5.0,Soybean,0.9603174603174603
2634400006,5.0,Soybean,0.9655172413793104
2634400007,5.0,Soybean,0.9357429718875502
2635100004,5.0,Soybean,0.4896049896049896
2635100006,176.0,Other,0.5333333333333333
2635200001,1.0,Corn,0.49019607843137253
2635301001,1.0,Corn,0.968
2635326002,1.0,Corn,0.9314516129032258
2635351001,5.0,Soybean,0.9705882352941176
2636100011,1.0,Corn,0.9845857418111753
2636200008,1.0,Corn,0.9181034482758621
2636376001,111.0,Other,0.5357142857142857
2636400002,5.0,Soybean,0.9858757062146892
2636400004,5.0,Soybean,0.35555555555555557
2636400006,124.0,Other,0.5411764705882353
2636400007,5.0,Soybean,0.7667934093789607
2701100002,1.0,Corn,0.6222924187725631
2701400001,5.0,Soybean,0.9461756373937678
2702100007,1.0,Corn,0.9922779922779923
2702100008,1.0,Corn,0.9864864864864865
2702200007,1.0,Corn,0.6122448979591837
2702300001,5.0,Soybean,0.9956709956709957
2702400022,1.0,Corn,0.9661654135338346
2702400024,176.0,Other,0.6631578947368421
2702400027,176.0,Other,0.8392857142857143
2702400029,176.0,Other,0.5714285714285714
2702400030,1.0,Corn,0.8457943925233645
2703100004,5.0,Soybean,1.0
2703100006,5.0,Soybean,0.9834710743801653
2703100009,5.0,Soybean,1.0
2703200004,5.0,Soybean,0.3745664739884393
2703300009,5.0,Soybean,0.977766548762001
2703400002,5.0,Soybean,0.9948186528497409
2704100007,176.0,Other,0.6287878787878788
2704100009,5.0,Soybean,1.0
2704100010,5.0,Soybean,1.0
2704200010,5.0,Soybean,0.98046875
2704300001,1.0,Corn,0.942652329749104
2704300006,1.0,Corn,0.9546742209631728
2704400006,5.0,Soybean,0.9809688581314879
2705100002,1.0,Corn,0.988950276243094
2705100004,5.0,Soybean,0.9779411764705882
2705200002,1.0,Corn,0.4269005847953216
2705300002,5.0,Soybean,0.7758620689655172
2705300003,5.0,Soybean,0.6327868852459017
2705300004,176.0,Other,0.8297872340425532
2705400001,5.0,Soybean,0.9176029962546817
2705400003,1.0,Corn,0.6379613356766256
2706100002,5.0,Soybean,0.7892057026476579
2706100003,141.0,Other,0.8571428571428571
2706200004,1.0,Corn,0.4991652754590985
2706200005,5.0,Soybean,0.5023696682464455
2706400005,1.0,Corn,0.9009009009009009
2706400006,141.0,Other,0.8307692307692308
2707100002,5.0,Soybean,0.7008547008547008
2707100003,176.0,Other,0.6388888888888888
2707200001,141.0,Other,0.9230769230769231
2707200002,176.0,Other,0.963302752293578
2707200003,1.0,Corn,0.8392857142857143
2707300001,5.0,Soybean,0.973651191969887
2707400002,1.0,Corn,0.9714285714285714
2707400003,5.0,Soybean,0.936046511627907
2707400004,1.0,Corn,0.980225988700565
2708100001,1.0,Corn,0.9455307262569832
2708200004,5.0,Soybean,0.49345549738219896
2708300002,5.0,Soybean,0.9548387096774194
2708300004,5.0,Soybean,0.9187432286023836
2708400005,5.0,Soybean,0.9611307420494699
2709300008,1.0,Corn,0.5076388888888889
2709400013,176.0,Other,0.7094594594594594
2709506002,122.0,Other,0.4583333333333333
2710100004,1.0,Corn,0.4172876304023845
2710200001,5.0,Soybean,0.9672131147540983
2710200002,1.0,Corn,0.9662921348314607
2710400005,5.0,Soybean,0.43840330350997936
2711100004,1.0,Corn,0.9568690095846646
2711200006,5.0,Soybean,0.553030303030303
2711200010,176.0,Other,0.9272727272727272
2711200012,176.0,Other,0.5
2711300002,5.0,Soybean,0.960618846694796
2711400002,1.0,Corn,0.9120879120879121
2712100001,5.0,Soybean,0.41847826086956524
2712200001,5.0,Soybean,0.9261363636363636
2712300006,5.0,Soybean,0.8552852348993288
2712400001,5.0,Soybean,0.8524590163934426
2713100005,1.0,Corn,0.6415640839971035
2713300001,5.0,Soybean,0.9847826086956522
2714100005,1.0,Corn,0.6789940828402367
2714200002,1.0,Corn,0.7835195530726257
2714300002,1.0,Corn,0.9641873278236914
2714300003,5.0,Soybean,0.989010989010989
2714400001,5.0,Soybean,0.49791376912378305
2715100003,1.0,Corn,0.9939759036144579
2715100004,1.0,Corn,0.9814814814814815
2715200007,5.0,Soybean,0.8083333333333333
2715300004,5.0,Soybean,0.9532133676092545
2715400006,5.0,Soybean,0.9880952380952381
2715400007,5.0,Soybean,0.5398886827458256
2716100011,141.0,Other,0.5074626865671642
2716100016,141.0,Other,0.9019607843137255
2716100049,141.0,Other,0.88
2716300002,141.0,Other,0.8783783783783784
2716400003,5.0,Soybean,0.5012706480304956
2717100016,141.0,Other,0.7547169811320755
2717100018,141.0,Other,0.5247524752475248
2717100019,141.0,Other,0.5809935205183585
2717200003,141.0,Other,0.8791208791208791
2717200021,176.0,Other,0.4868421052631579
2717200023,141.0,Other,0.5135135135135135
2717200024,1.0,Corn,0.7055555555555556
2717300001,141.0,Other,0.825
2717300006,141.0,Other,0.9437819420783645
2717400003,141.0,Other,0.9276018099547512
2717400005,141.0,Other,0.7313432835820896
2717400007,141.0,Other,0.7085714285714285
2717400008,141.0,Other,0.4533333333333333
2718100005,1.0,Corn,0.92
2718100008,1.0,Corn,0.4912075029308324
2718200002,141.0,Other,0.9438202247191011
2718200009,1.0,Corn,0.5703422053231939
2718300002,141.0,Other,0.9777777777777777
2718300012,1.0,Corn,0.797752808988764
2718300013,1.0,Corn,0.9375
2718400008,141.0,Other,0.9166666666666666
2718400016,141.0,Other,0.7662337662337663
2719100001,141.0,Other,0.9722222222222222
2719200002,176.0,Other,0.5722273998136067
2719300001,141.0,Other,0.9475524475524476
2719400008,1.0,Corn,0.8923076923076924
2719400010,141.0,Other,0.8926261319534282
2720100004,141.0,Other,0.9191176470588235
2720100005,141.0,Other,0.7246963562753036
2720400001,1.0,Corn,0.6905965621840243
2721100002,1.0,Corn,0.9709923664122138
2721100006,5.0,Soybean,0.9393139841688655
2721300002,1.0,Corn,0.7598908594815825
2721400003,5.0,Soybean,0.967032967032967
2721400008,1.0,Corn,0.5856236786469344
2722200001,5.0,Soybean,1.0
2722300001,5.0,Soybean,0.5006858710562414
2722400002,1.0,Corn,0.6309963099630996
2722400003,5.0,Soybean,1.0
2723100001,5.0,Soybean,0.542608695652174
2724100002,1.0,Corn,0.9947089947089947
2724100003,5.0,Soybean,0.9197860962566845
2724100006,1.0,Corn,0.9745222929936306
2724200001,5.0,Soybean,0.989247311827957
2724200002,5.0,Soybean,0.978494623655914
2724200004,5.0,Soybean,0.4816849816849817
2724300003,5.0,Soybean,0.9029850746268657
2724300012,1.0,Corn,0.9948586118251928
2724300013,1.0,Corn,0.9791666666666666
2724400001,1.0,Corn,0.48641304347826086
2725100004,5.0,Soybean,0.9803370786516854
2725100006,1.0,Corn,0.9562841530054644
2725100007,1.0,Corn,0.9485714285714286
2725200001,5.0,Soybean,0.5081081081081081
2725200002,5.0,Soybean,0.9561643835616438
2725300001,5.0,Soybean,0.9459459459459459
2725300002,1.0,Corn,0.9835164835164835
2725400004,1.0,Corn,0.9803063457330415
2725400005,5.0,Soybean,0.9653979238754326
2726100004,5.0,Soybean,0.978850163836759
2727100001,1.0,Corn,0.5041095890410959
2727200001,5.0,Soybean,0.9455252918287937
2727300008,5.0,Soybean,0.562992125984252
2727300012,5.0,Soybean,0.5084033613445378
2728100002,5.0,Soybean,0.5053674649050371
2728200004,1.0,Corn,0.6890130353817505
2728200005,5.0,Soybean,0.6579861111111112
2728400002,1.0,Corn,0.5591397849462365
2729100001,5.0,Soybean,0.36320109439124487
2729300001,1.0,Corn,0.9692737430167597
2729300002,1.0,Corn,0.9876923076923076
2729400002,5.0,Soybean,0.6649006622516557
2730100006,5.0,Soybean,0.5231788079470199
2730200006,176.0,Other,0.6373626373626373
2730200015,5.0,Soybean,0.9735099337748344
2730200020,5.0,Soybean,0.5214723926380368
2730300005,1.0,Corn,0.9622886866059818
2730400001,5.0,Soybean,0.9633802816901409
2730400002,1.0,Corn,0.927461139896373
2731100004,5.0,Soybean,0.5007032348804501
2731200007,5.0,Soybean,0.9664
2731200008,5.0,Soybean,0.48968253968253966
2731300006,1.0,Corn,0.9751552795031055
2731300008,1.0,Corn,1.0
2731300009,1.0,Corn,0.9716981132075472
2731400003,5.0,Soybean,0.953125
2731400012,5.0,Soybean,0.9571428571428572
2732200004,5.0,Soybean,0.7643805309734514
2732300002,5.0,Soybean,0.9790419161676647
2732400002,5.0,Soybean,0.8525730180806675
2733100002,1.0,Corn,0.9448398576512456
2733200002,5.0,Soybean,0.5436337625178826
2733300002,5.0,Soybean,0.9854014598540146
2733400003,5.0,Soybean,0.9894736842105263
2734100001,5.0,Soybean,0.9847222222222223
2734200001,1.0,Corn,0.9946236559139785
2734200002,5.0,Soybean,0.9836065573770492
2734200005,5.0,Soybean,0.9783432593394694
2734200007,5.0,Soybean,0.3380281690140845
2734200008,5.0,Soybean,0.47297297297297297
2734300002,5.0,Soybean,0.9739292364990689
2735100003,5.0,Soybean,0.9914772727272727
2735200006,1.0,Corn,0.988795518207283
2735200008,1.0,Corn,0.9859550561797753
2735400002,5.0,Soybean,0.9675675675675676
2735400003,5.0,Soybean,0.9705882352941176
2736100003,1.0,Corn,0.9898167006109979
2736200004,1.0,Corn,0.5393258426966292
2736200005,1.0,Corn,0.6617647058823529
2736300002,1.0,Corn,0.4891304347826087
2736300003,5.0,Soybean,0.988795518207283
2736400005,1.0,Corn,0.9778699861687413
2801100004,1.0,Corn,0.5163584637268848
2801200001,5.0,Soybean,0.6038781163434903
2801200004,1.0,Corn,0.9705882352941176
2801300010,1.0,Corn,0.987012987012987
2801300011,5.0,Soybean,1.0
2801300012,5.0,Soybean,0.9257142857142857
2801400012,5.0,Soybean,1.0
2801400014,1.0,Corn,0.9527824620573356
2802100001,5.0,Soybean,0.779891304347826
2802200002,5.0,Soybean,0.9428571428571428
2802200006,1.0,Corn,0.7451737451737451
2802200009,1.0,Corn,0.5562248995983936
2802300006,1.0,Corn,0.981941309255079
2802400005,1.0,Corn,0.9617486338797814
2802400014,1.0,Corn,0.9211538461538461
2803100011,1.0,Corn,0.9217391304347826
2803100012,1.0,Corn,0.997093023255814
2803200002,1.0,Corn,0.9318181818181818
2803200003,1.0,Corn,0.9772727272727273
2803200004,1.0,Corn,0.9768637532133676
2803300007,1.0,Corn,0.985981308411215
2803300009,1.0,Corn,0.979253112033195
2803400003,1.0,Corn,0.9796472184531886
2804100002,1.0,Corn,0.9579288025889967
2804226002,5.0,Soybean,0.9822222222222222
2804251003,1.0,Corn,0.7107692307692308
2804300003,1.0,Corn,0.7695035460992907
2804300005,5.0,Soybean,0.7254641909814323
2804400005,5.0,Soybean,0.9705882352941176
2804400006,5.0,Soybean,0.4831081081081081
2805100002,5.0,Soybean,0.9365079365079365
2805100006,1.0,Corn,0.8582677165354331
2805100011,1.0,Corn,1.0
2805200002,1.0,Corn,0.48826291079812206
2805200003,5.0,Soybean,0.49469964664310956
2805300005,1.0,Corn,0.9591836734693877
2805300007,5.0,Soybean,0.6666666666666666
2805300009,1.0,Corn,0.965625
2805400002,1.0,Corn,0.7159090909090909
2805400005,1.0,Corn,0.9080779944289693
2806100003,5.0,Soybean,0.9921363040629095
2806200001,5.0,Soybean,0.9949494949494949
2806200010,5.0,Soybean,0.9928825622775801
2806200011,5.0,Soybean,0.9370786516853933
2806300003,1.0,Corn,0.984313725490196
2806400004,1.0,Corn,0.9672131147540983
2806400005,1.0,Corn,0.9539748953974896
2807100006,1.0,Corn,0.5541666666666667
2807200006,5.0,Soybean,0.5498575498575499
2807300002,5.0,Soybean,0.5103448275862069
2807300003,5.0,Soybean,0.5194174757281553
2807400001,1.0,Corn,0.4950354609929078
2808100003,5.0,Soybean,0.6776119402985075
2808100006,5.0,Soybean,0.5306122448979592
2808100007,5.0,Soybean,0.975609756097561
2808200006,1.0,Corn,0.9629629629629629
2808200007,5.0,Soybean,0.5410852713178295
2808300003,5.0,Soybean,0.9647058823529412
2808300005,1.0,Corn,0.9854227405247813
2808400001,5.0,Soybean,0.9890710382513661
2808400006,5.0,Soybean,0.989010989010989
2809100002,5.0,Soybean,0.5418326693227091
2809200002,5.0,Soybean,0.9603174603174603
2809200003,5.0,Soybean,0.9426229508196722
2809200004,5.0,Soybean,0.9528301886792453
2809200006,1.0,Corn,0.9621621621621622
2809300003,5.0,Soybean,0.9245689655172413
2809300005,5.0,Soybean,0.9615384615384616
2809427008,5.0,Soybean,0.37254901960784315
2809451004,5.0,Soybean,0.5425531914893617
2810100001,1.0,Corn,0.9742120343839542
2810200005,1.0,Corn,0.5
2810301005,5.0,Soybean,0.9534883720930233
2810326001,5.0,Soybean,0.954225352112676
2810326003,5.0,Soybean,0.9533678756476683
2810400003,5.0,Soybean,0.9624277456647399
2810400005,1.0,Corn,0.9395161290322581
2811100001,176.0,Other,0.7044392523364486
2811200003,5.0,Soybean,0.8516483516483516
2811200006,5.0,Soybean,0.941747572815534
2811300004,176.0,Other,0.5227272727272727
2811300005,176.0,Other,0.77491961414791
2811400003,5.0,Soybean,0.9826839826839827
2811400008,1.0,Corn,0.9779005524861878
2811400010,1.0,Corn,0.9786096256684492
2811400011,5.0,Soybean,0.826530612244898
2811400012,5.0,Soybean,0.91
2812100001,5.0,Soybean,0.9743589743589743
2812100002,5.0,Soybean,0.98005698005698
2812200001,1.0,Corn,0.9652173913043478
2812200002,5.0,Soybean,0.9767441860465116
2812300001,5.0,Soybean,0.9539295392953929
2812300003,1.0,Corn,0.9833333333333333
2812300004,1.0,Corn,0.9836065573770492
2812400001,5.0,Soybean,0.978319783197832
2812400002,5.0,Soybean,0.9661971830985916
2813100001,5.0,Soybean,0.961218836565097
2813100002,1.0,Corn,0.9776536312849162
2813100003,1.0,Corn,0.9277777777777778
2813200003,176.0,Other,0.36885245901639346
2813200004,1.0,Corn,0.8723404255319149
2813200008,1.0,Corn,0.8695652173913043
2813300002,1.0,Corn,0.4387755102040816
2813300003,1.0,Corn,1.0
2813300005,176.0,Other,0.5274725274725275
2813300018,5.0,Soybean,0.8970588235294118
2813300019,176.0,Other,0.55
2813400001,1.0,Corn,0.8579234972677595
2813400002,1.0,Corn,0.9327731092436975
2814100006,5.0,Soybean,0.9323308270676691
2814100007,1.0,Corn,0.9130434782608695
2814100008,1.0,Corn,0.9663865546218487
2814100009,5.0,Soybean,0.9893617021276596
2814101002,176.0,Other,0.6153846153846154
2814200001,5.0,Soybean,0.9572192513368984
2814200003,1.0,Corn,0.9574468085106383
2814200011,1.0,Corn,0.9655172413793104
2814200013,1.0,Corn,0.9836065573770492
2814300001,5.0,Soybean,0.9749303621169917
2814300010,5.0,Soybean,0.9229249011857708
2814400008,5.0,Soybean,0.9150943396226415
2814400009,5.0,Soybean,0.9662921348314607
2814400010,5.0,Soybean,0.9771863117870723
2815100005,1.0,Corn,0.910577971646674
2815100006,1.0,Corn,0.9656652360515021
2815200001,5.0,Soybean,0.6394984326018809
2815200004,176.0,Other,0.3870967741935484
2815326001,5.0,Soybean,0.48484848484848486
2815351010,176.0,Other,0.76
2815376013,176.0,Other,0.5714285714285714
2815378004,176.0,Other,0.43283582089552236
2815400003,176.0,Other,0.6222222222222222
2815400008,141.0,Other,0.612
2815400013,176.0,Other,0.42105263157894735
2815400014,1.0,Corn,0.9320754716981132
2815400015,176.0,Other,0.8888888888888888
2816100002,5.0,Soybean,0.9884393063583815
2816100015,5.0,Soybean,1.0
2816200021,1.0,Corn,0.9134615384615384
2816200026,1.0,Corn,0.43956043956043955
2816300004,1.0,Corn,0.9858156028368794
2816300007,5.0,Soybean,0.9753846153846154
2816300008,5.0,Soybean,0.9712643678160919
2816400002,1.0,Corn,0.6813186813186813
2816400023,176.0,Other,0.46853146853146854
2817100001,1.0,Corn,0.9643835616438357
2817100003,1.0,Corn,0.9941348973607038
2817200003,5.0,Soybean,0.9930939226519337
2817200004,1.0,Corn,0.9750692520775623
2817300002,5.0,Soybean,0.8864628820960698
2817400007,5.0,Soybean,0.9622093023255814
2818100003,5.0,Soybean,0.415
2818200001,5.0,Soybean,0.9834862385321101
2818200007,5.0,Soybean,0.8968481375358166
2818300004,1.0,Corn,0.9855884707766213
2819100002,5.0,Soybean,0.9548022598870056
2819100003,1.0,Corn,0.9928825622775801
2819200005,5.0,Soybean,0.9771689497716894
2819200006,5.0,Soybean,0.9598214285714286
2819300001,1.0,Corn,0.9747340425531915
2819300002,5.0,Soybean,0.6031746031746031
2819400001,1.0,Corn,0.9730458221024259
2820100001,5.0,Soybean,0.49019607843137253
2820100005,1.0,Corn,0.9464788732394366
2820200001,1.0,Corn,0.9487179487179487
2820300004,1.0,Corn,0.9946236559139785
2820300006,5.0,Soybean,0.9659090909090909
2820400002,1.0,Corn,0.7244318181818182
2820400003,5.0,Soybean,0.5014409221902018
2821100015,5.0,Soybean,0.9866529774127311
2821201002,1.0,Corn,0.42410714285714285
2821251011,141.0,Other,0.5977011494252874
2821300001,5.0,Soybean,0.9243243243243243
2821300013,5.0,Soybean,0.928
2821300014,5.0,Soybean,0.9575163398692811
2821400001,5.0,Soybean,0.9117647058823529
2821427001,176.0,Other,0.4603174603174603
2821451012,5.0,Soybean,0.825
2821479011,1.0,Corn,0.2727272727272727
2821480002,1.0,Corn,0.72
2822101011,141.0,Other,0.5573333333333333
2822126003,141.0,Other,0.7831325301204819
2822176004,1.0,Corn,0.32323232323232326
2822176006,1.0,Corn,0.5797665369649806
2822176007,1.0,Corn,0.6153846153846154
2822200006,5.0,Soybean,0.8309859154929577
2822200016,5.0,Soybean,0.9775280898876404
2822200017,176.0,Other,0.6774193548387096
2822200018,176.0,Other,0.813953488372093
2822200019,5.0,Soybean,0.4948453608247423
2822200022,5.0,Soybean,0.8645833333333334
2822300009,176.0,Other,0.8409090909090909
2822300013,141.0,Other,0.5098039215686274
2822300014,176.0,Other,0.4489795918367347
2822300015,5.0,Soybean,0.8491620111731844
2822300022,141.0,Other,0.5
2822400001,1.0,Corn,0.774468085106383
2822400006,5.0,Soybean,0.9444444444444444
2822400007,176.0,Other,0.46932515337423314
2823100005,141.0,Other,0.4430379746835443
2823100014,141.0,Other,0.4626865671641791
2823100027,176.0,Other,0.6982758620689655
2823100035,5.0,Soybean,0.9768041237113402
2823200002,1.0,Corn,0.9565217391304348
2823200004,1.0,Corn,0.5349922239502333
2823301004,5.0,Soybean,0.7071428571428572
2823326002,1.0,Corn,0.422680412371134
2823326003,5.0,Soybean,0.7153284671532847
2823356001,5.0,Soybean,0.8813559322033898
2823376007,176.0,Other,0.5614035087719298
2823376009,141.0,Other,0.5081967213114754
2823401002,5.0,Soybean,0.42857142857142855
2823401003,1.0,Corn,0.42105263157894735
2823452002,176.0,Other,0.819672131147541
2823478006,5.0,Soybean,0.44594594594594594
2824100001,1.0,Corn,0.5529411764705883
2824200001,141.0,Other,0.3888888888888889
2824200002,1.0,Corn,0.9673202614379085
2824200004,1.0,Corn,0.8767967145790554
2824300023,1.0,Corn,0.9401662049861496
2824400002,1.0,Corn,0.9137931034482759
2825100002,1.0,Corn,0.5087719298245614
2825100003,1.0,Corn,0.9623655913978495
2825100007,5.0,Soybean,0.927360774818402
2825200013,1.0,Corn,0.9626334519572953
2825300001,141.0,Other,0.7619047619047619
2825300002,141.0,Other,0.5855855855855856
2825300003,1.0,Corn,0.5157894736842106
2825300004,1.0,Corn,0.4090909090909091
2825300006,141.0,Other,0.8734177215189873
2825400003,141.0,Other,0.5614035087719298
2825400025,1.0,Corn,0.9124087591240876
2825400027,176.0,Other,0.6129032258064516
2825400028,5.0,Soybean,0.4421052631578947
2825400029,1.0,Corn,0.8617021276595744
2825400030,1.0,Corn,0.935064935064935
2826101003,5.0,Soybean,0.578125
2826126001,176.0,Other,0.41304347826086957
2826126002,176.0,Other,0.594059405940594
2826176002,176.0,Other,0.6888888888888889
2826176003,176.0,Other,0.8057553956834532
2826200019,176.0,Other,0.8888888888888888
2826200025,176.0,Other,0.7142857142857143
2826200031,5.0,Soybean,0.5223880597014925
2826300004,141.0,Other,0.7249190938511327
2826300006,141.0,Other,0.4838709677419355
2826300007,141.0,Other,0.7272727272727273
2826300009,176.0,Other,0.36363636363636365
2826400006,176.0,Other,0.5370370370370371
2826400009,176.0,Other,0.8802395209580839
2826400013,176.0,Other,0.7263157894736842
2827100001,1.0,Corn,0.48732394366197185
2827200002,176.0,Other,0.4520547945205479
2827200003,141.0,Other,0.59375
2827200004,141.0,Other,0.3241758241758242
2827200005,141.0,Other,0.9069767441860465
2827200006,5.0,Soybean,0.5550239234449761
2827300008,1.0,Corn,0.8240343347639485
2827300009,141.0,Other,0.7959183673469388
2827301003,141.0,Other,0.6818181818181818
2827400002,141.0,Other,0.4942528735632184
2827400003,141.0,Other,0.9523809523809523
2827400004,141.0,Other,0.5319148936170213
2827400014,141.0,Other,0.8108108108108109
2827400020,141.0,Other,0.5072463768115942
2827400026,141.0,Other,0.5622641509433962
2828100016,1.0,Corn,0.5945945945945946
2828100017,5.0,Soybean,0.9716312056737588
2828200007,1.0,Corn,0.751219512195122
2828200017,5.0,Soybean,0.8386243386243386
2828200020,124.0,Other,0.4166666666666667
2828300006,1.0,Corn,0.9066666666666666
2828300007,5.0,Soybean,0.945750452079566
2828400010,176.0,Other,0.3793103448275862
2828400011,176.0,Other,0.5138888888888888
2828400012,111.0,Other,0.5411764705882353
2828400014,1.0,Corn,0.8677685950413223
2828400015,176.0,Other,0.4305555555555556
2829100003,5.0,Soybean,0.7425474254742548
2829100007,1.0,Corn,0.989010989010989
2829100008,1.0,Corn,0.9963898916967509
2829200008,5.0,Soybean,0.5779816513761468
2829200011,1.0,Corn,0.9855072463768116
2829300006,1.0,Corn,0.5921052631578947
2829400005,1.0,Corn,0.9849462365591398
2830100003,1.0,Corn,0.8535980148883374
2830200001,1.0,Corn,0.9812834224598931
2830200003,1.0,Corn,0.9829545454545454
2830300012,1.0,Corn,0.9555837563451777
2830400008,1.0,Corn,0.9671232876712329
2830400010,5.0,Soybean,0.6432432432432432
2831100005,1.0,Corn,0.5026178010471204
2831200007,5.0,Soybean,0.9820143884892086
2831300004,5.0,Soybean,0.9423076923076923
2831300005,176.0,Other,0.44235924932975873
2831400004,5.0,Soybean,0.9945205479452055
2832100005,5.0,Soybean,0.7672955974842768
2832200008,5.0,Soybean,0.466529351184346
2832300005,141.0,Other,0.5478723404255319
2832300009,1.0,Corn,0.5067873303167421
2832300010,141.0,Other,0.49411764705882355
2832400001,122.0,Other,0.24096385542168675
2832400006,111.0,Other,0.4095022624434389
2833100012,111.0,Other,0.5554035567715458
2833100013,141.0,Other,0.6428571428571429
2833100014,176.0,Other,0.4915254237288136
2833200030,111.0,Other,0.2413793103448276
2833200048,1.0,Corn,0.6446280991735537
2833200049,5.0,Soybean,0.74375
2833200052,176.0,Other,0.5392156862745098
2833300001,111.0,Other,0.4036697247706422
2833300027,1.0,Corn,0.890625
2833300029,1.0,Corn,0.9130434782608695
2834101007,141.0,Other,0.879746835443038
2834126006,141.0,Other,0.4117647058823529
2834176010,5.0,Soybean,0.4461538461538462
2834177009,121.0,Other,0.8309859154929577
2834200011,176.0,Other,0.4492753623188406
2834350005,121.0,Other,0.40816326530612246
2834400009,176.0,Other,0.45121951219512196
2834401012,141.0,Other,0.6891891891891891
2835100005,176.0,Other,0.7457627118644068
2835100006,5.0,Soybean,0.43956043956043955
2835100007,1.0,Corn,0.9318181818181818
2835100008,176.0,Other,0.6909090909090909
2835100009,1.0,Corn,0.7676190476190476
2835200005,176.0,Other,0.8571428571428571
2835200011,176.0,Other,0.486404833836858
2835200014,1.0,Corn,0.972972972972973
2835200015,1.0,Corn,0.8787878787878788
2835300002,141.0,Other,0.41968911917098445
2835300003,5.0,Soybean,0.4887459807073955
2835400002,1.0,Corn,0.869757174392936
2835400005,1.0,Corn,0.9668874172185431
2836100001,5.0,Soybean,0.9139784946236559
2836100002,5.0,Soybean,0.9722222222222222
2836100004,1.0,Corn,0.6133567662565905
2836100005,5.0,Soybean,0.9712643678160919
2836200001,141.0,Other,0.5909090909090909
2836200002,1.0,Corn,0.4689265536723164
2836300001,1.0,Corn,0.972972972972973
2836300002,1.0,Corn,0.9155963302752294
2836400007,5.0,Soybean,1.0
2836400009,5.0,Soybean,0.9534883720930233
2836400015,1.0,Corn,0.9696969696969697
2836400019,5.0,Soybean,0.9523809523809523
2836400020,1.0,Corn,0.9695121951219512
2901100002,5.0,Soybean,0.4914933837429111
2901100006,5.0,Soybean,0.5506893755068938
2901200001,5.0,Soybean,0.5028702640642939
2901300002,1.0,Corn,0.949438202247191
2901400001,5.0,Soybean,1.0
2901400002,5.0,Soybean,0.9854227405247813
2902100001,5.0,Soybean,0.49544626593806923
2902100004,1.0,Corn,0.9667590027700831
2902200007,5.0,Soybean,0.9583333333333334
2902300001,5.0,Soybean,1.0
2902300003,5.0,Soybean,1.0
2902300004,5.0,Soybean,0.5485714285714286
2902400002,1.0,Corn,0.9715909090909091
2902400004,5.0,Soybean,0.989100817438692
2903100007,1.0,Corn,0.9751552795031055
2903100016,5.0,Soybean,0.7685185185185185
2903100017,1.0,Corn,0.9887640449438202
2903200005,5.0,Soybean,0.9692737430167597
2903200010,1.0,Corn,0.9775280898876404
2903300005,1.0,Corn,0.8214285714285714
2903300011,1.0,Corn,0.9742489270386266
2903300012,1.0,Corn,0.4975369458128079
2903400007,1.0,Corn,0.9281437125748503
2903400008,1.0,Corn,0.9644268774703557
2904101007,111.0,Other,0.5
2904101016,141.0,Other,0.6306306306306306
2904183001,5.0,Soybean,0.8623853211009175
2904226006,1.0,Corn,0.8333333333333334
2904276020,121.0,Other,0.4603174603174603
2904300006,131.0,Other,0.30952380952380953
2904400038,121.0,Other,0.56
2904401001,1.0,Corn,0.9367088607594937
2904426001,176.0,Other,0.37735849056603776
2904476001,1.0,Corn,0.28846153846153844
2904477001,5.0,Soybean,0.7254901960784313
2904477002,5.0,Soybean,0.95
2905100003,141.0,Other,0.41959798994974873
2905100008,1.0,Corn,0.963302752293578
2905100009,36.0,Other,0.5
2905201001,121.0,Other,0.4578313253012048
2905227008,121.0,Other,0.4294117647058823
2905300010,5.0,Soybean,0.2716049382716049
2905300017,111.0,Other,0.4219409282700422
2905300018,176.0,Other,0.7023809523809523
2905401003,111.0,Other,0.6604850213980028
2905451002,123.0,Other,0.6363636363636364
2905451003,111.0,Other,0.7301587301587301
2906100005,5.0,Soybean,0.554140127388535
2906200003,5.0,Soybean,0.5022872827081427
2906300010,5.0,Soybean,0.9844961240310077
2906300011,1.0,Corn,0.6834532374100719
2906300012,1.0,Corn,0.6733067729083665
2906300015,5.0,Soybean,0.958
2906300017,176.0,Other,0.9111111111111111
2906400004,5.0,Soybean,0.5924764890282131
2907100014,141.0,Other,0.33121019108280253
2907100018,176.0,Other,0.9032258064516129
2907100026,1.0,Corn,0.4017094017094017
2907100030,5.0,Soybean,0.8348623853211009
2907200001,1.0,Corn,0.5940959409594095
2907200002,111.0,Other,0.6964980544747081
2907200003,176.0,Other,0.5123456790123457
2907300003,176.0,Other,0.5396825396825397
2907300007,5.0,Soybean,0.9303882195448461
2907400003,1.0,Corn,0.47900763358778625
2907400004,1.0,Corn,0.9491525423728814
2908100005,5.0,Soybean,0.6114942528735632
2908100006,5.0,Soybean,0.9285714285714286
2908151006,111.0,Other,0.7931034482758621
2908200002,5.0,Soybean,0.7063369397217929
2908201001,5.0,Soybean,0.6666666666666666
2908300004,1.0,Corn,0.9697624190064795
2908300011,176.0,Other,0.6414141414141414
2908400002,5.0,Soybean,0.9733333333333334
2909100007,1.0,Corn,0.9315263908701854
2909200009,5.0,Soybean,1.0
2909200012,1.0,Corn,0.6610169491525424
2909200014,176.0,Other,0.6415094339622641
2909200015,5.0,Soybean,0.9426229508196722
2909200017,5.0,Soybean,1.0
2909200018,5.0,Soybean,0.36507936507936506
2909300004,1.0,Corn,0.9455587392550143
2909300005,1.0,Corn,0.9619883040935673
2909400004,1.0,Corn,0.9546827794561934
2909400006,5.0,Soybean,0.48830409356725146
2910100004,5.0,Soybean,0.9069767441860465
2910100005,5.0,Soybean,0.5616438356164384
2910100007,5.0,Soybean,0.5130168453292496
2910200001,1.0,Corn,0.9862385321100917
2910200008,1.0,Corn,0.956989247311828
2910200011,1.0,Corn,0.6935483870967742
2910200014,1.0,Corn,0.9669421487603306
2910276001,5.0,Soybean,0.6818181818181818
2910300002,1.0,Corn,0.5760869565217391
2910300008,5.0,Soybean,0.9849056603773585
2910400003,1.0,Corn,0.8977272727272727
2910400007,5.0,Soybean,0.9513513513513514
2910400009,5.0,Soybean,0.5469613259668509
2910400014,1.0,Corn,0.9933774834437086
2911100001,5.0,Soybean,0.9056603773584906
2911100004,1.0,Corn,0.5164473684210527
2911100006,1.0,Corn,0.9710144927536232
2911100007,176.0,Other,0.8333333333333334
2911200004,1.0,Corn,0.9858823529411764
2911200005,1.0,Corn,0.9861635220125786
2911300003,1.0,Corn,0.9390243902439024
2911300004,1.0,Corn,0.9783616692426584
2911400011,1.0,Corn,0.5954301075268817
2912100001,1.0,Corn,0.5392156862745098
2912100002,1.0,Corn,0.9560439560439561
2912100005,1.0,Corn,0.9941860465116279
2912200001,1.0,Corn,0.6452205882352942
2912300011,176.0,Other,0.8823529411764706
2912300012,1.0,Corn,0.9736147757255936
2912400003,1.0,Corn,0.9791666666666666
2912400005,1.0,Corn,0.9979296066252588
2913100012,5.0,Soybean,0.9775700934579439
2913200003,5.0,Soybean,0.9074074074074074
2913200013,1.0,Corn,0.9651567944250871
2913300003,1.0,Corn,0.9831756046267087
2913400003,5.0,Soybean,0.5307262569832403
2913400004,1.0,Corn,0.85
2914100003,5.0,Soybean,0.546742209631728
2914100004,1.0,Corn,0.9752066115702479
2914100005,5.0,Soybean,0.99375
2914400003,5.0,Soybean,0.9811320754716981
2914400007,5.0,Soybean,0.5124195032198712
2915100003,5.0,Soybean,0.49860335195530725
2915200004,5.0,Soybean,0.597864768683274
2915300002,5.0,Soybean,0.9325842696629213
2915300006,1.0,Corn,0.9629629629629629
2916100001,1.0,Corn,0.496309963099631
2916200003,5.0,Soybean,0.9674220963172805
2916300001,1.0,Corn,0.9204545454545454
2916300003,5.0,Soybean,0.9830508474576272
2916400005,1.0,Corn,0.9265536723163842
2916400007,1.0,Corn,0.9657142857142857
2916400008,1.0,Corn,0.9096045197740112
2917100004,5.0,Soybean,0.9345238095238095
2917100005,1.0,Corn,0.9601226993865031
2917200003,5.0,Soybean,0.7909604519774012
2917200004,1.0,Corn,0.906930693069307
2917300001,5.0,Soybean,0.8924581005586593
2917400006,5.0,Soybean,0.9572649572649573
2917400012,1.0,Corn,0.9408866995073891
2917400013,5.0,Soybean,0.5471698113207547
2918100001,1.0,Corn,0.6143497757847534
2918100002,1.0,Corn,0.9563318777292577
2918100005,1.0,Corn,0.8447937131630648
2918200001,5.0,Soybean,0.9555555555555556
2918200006,5.0,Soybean,0.9663461538461539
2918300001,1.0,Corn,0.9831932773109243
2918300002,1.0,Corn,0.9932432432432432
2918300007,5.0,Soybean,0.9230769230769231
2918400001,1.0,Corn,0.8833333333333333
2918400002,1.0,Corn,0.7241379310344828
2918400003,1.0,Corn,0.7954545454545454
2919100003,1.0,Corn,0.9491094147582697
2919100004,1.0,Corn,0.9
2919200004,5.0,Soybean,0.4898876404494382
2919300003,5.0,Soybean,0.9441340782122905
2919300004,1.0,Corn,0.9661590524534687
2919400003,5.0,Soybean,0.4888268156424581
2920100001,5.0,Soybean,0.9691011235955056
2920100002,5.0,Soybean,0.9862637362637363
2920200004,1.0,Corn,0.7379310344827587
2920200005,1.0,Corn,0.9608938547486033
2920300001,1.0,Corn,0.9371584699453552
2920300002,5.0,Soybean,0.9859943977591037
2920400003,5.0,Soybean,0.9698795180722891
2920400005,1.0,Corn,0.9779005524861878
2921100003,1.0,Corn,0.9108910891089109
2921100004,1.0,Corn,1.0
2921100005,1.0,Corn,0.9738562091503268
2921200001,1.0,Corn,0.9608391608391609
2921300005,5.0,Soybean,0.8398718975180144
2922100001,5.0,Soybean,0.9816643159379408
2922200005,1.0,Corn,0.9594202898550724
2922200008,1.0,Corn,0.9778481012658228
2922300002,5.0,Soybean,0.9631696428571429
2922400003,5.0,Soybean,0.986130374479889
2923100006,5.0,Soybean,0.9689265536723164
2923100007,24.0,Other,0.5420875420875421
2923300007,1.0,Corn,0.9469026548672567
2923300010,5.0,Soybean,0.9415204678362573
2923400007,5.0,Soybean,0.42162162162162165
2923400008,1.0,Corn,0.48918640576725025
2924100001,5.0,Soybean,0.7313019390581718
2924100003,1.0,Corn,0.9367816091954023
2924200004,1.0,Corn,0.9613259668508287
2924200005,5.0,Soybean,0.9096385542168675
2924200008,5.0,Soybean,0.6638418079096046
2924300003,5.0,Soybean,0.581651376146789
2924300004,1.0,Corn,0.48441926345609065
2924400002,5.0,Soybean,0.9805013927576601
2925100002,1.0,Corn,0.9793510324483776
2925100007,1.0,Corn,0.48704663212435234
2925200002,176.0,Other,0.5444444444444444
2925200004,5.0,Soybean,0.9495798319327731
2925300003,1.0,Corn,0.9851190476190477
2925400005,176.0,Other,0.7971014492753623
2925400006,5.0,Soybean,0.7304964539007093
2925400007,1.0,Corn,0.6184397163120567
2926100003,1.0,Corn,0.9682080924855492
2926100005,1.0,Corn,0.9418604651162791
2926200001,24.0,Other,0.42776203966005666
2926400002,5.0,Soybean,0.495850622406639
2927100001,1.0,Corn,0.9572649572649573
2927200002,1.0,Corn,0.9661971830985916
2927200007,1.0,Corn,0.9884726224783862
2927300007,5.0,Soybean,0.9719101123595506
2927300008,5.0,Soybean,0.9662921348314607
2927300009,1.0,Corn,0.5807365439093485
2927300010,1.0,Corn,0.5
2927400001,1.0,Corn,0.9456521739130435
2927400002,1.0,Corn,0.9886363636363636
2927400005,176.0,Other,0.7209302325581395
2927400007,1.0,Corn,0.9717171717171718
2928100002,1.0,Corn,0.9768732654949122
2928200001,1.0,Corn,0.9747899159663865
2928300002,5.0,Soybean,0.9607843137254902
2928400001,5.0,Soybean,0.7311977715877437
2929100003,5.0,Soybean,0.9553072625698324
2929100006,1.0,Corn,0.9894736842105263
2929200002,5.0,Soybean,0.9841772151898734
2929200005,1.0,Corn,0.9419795221843004
2929300005,1.0,Corn,0.956989247311828
2929300007,5.0,Soybean,0.9204545454545454
2929300008,1.0,Corn,0.9851851851851852
2929400001,5.0,Soybean,0.9607843137254902
2929400003,5.0,Soybean,0.9161849710982659
2930100002,1.0,Corn,0.9523809523809523
2930100006,1.0,Corn,0.985663082437276
2930200001,5.0,Soybean,0.974169741697417
2930200002,5.0,Soybean,0.9294117647058824
2930200004,1.0,Corn,0.9162011173184358
2930300002,1.0,Corn,0.9455445544554455
2930300006,5.0,Soybean,0.9428571428571428
2930300007,1.0,Corn,0.6285140562248996
2930400003,5.0,Soybean,0.9687150837988827
2931100002,5.0,Soybean,1.0
2931100003,5.0,Soybean,0.966044142614601
2931200014,1.0,Corn,0.9859154929577465
2931200015,5.0,Soybean,0.5307262569832403
2931200016,5.0,Soybean,0.9565217391304348
2931200017,5.0,Soybean,0.963855421686747
2931300007,1.0,Corn,0.7129629629629629
2931300008,5.0,Soybean,1.0
2931300014,5.0,Soybean,0.9880478087649402
2931300015,1.0,Corn,0.9660678642714571
2931400006,5.0,Soybean,0.9830508474576272
2931400007,5.0,Soybean,0.5117647058823529
2932100006,1.0,Corn,0.9719101123595506
2932100007,1.0,Corn,0.597752808988764
2932200004,5.0,Soybean,0.6222222222222222
2932200005,1.0,Corn,1.0
2932300002,1.0,Corn,0.9722222222222222
2932400001,1.0,Corn,0.9705882352941176
2933100002,1.0,Corn,0.6477166821994408
2933200001,1.0,Corn,0.49164345403899723
2933300002,5.0,Soybean,0.9697841726618706
2933400010,5.0,Soybean,0.5196374622356495
2933400016,1.0,Corn,0.9880597014925373
2934100002,1.0,Corn,0.899581589958159
2934100004,5.0,Soybean,0.9916666666666667
2934100005,5.0,Soybean,0.9916666666666667
2934100006,5.0,Soybean,0.976
2934200001,5.0,Soybean,0.9943502824858758
2934200004,5.0,Soybean,0.9623188405797102
2934300001,1.0,Corn,0.9388888888888889
2934300005,1.0,Corn,0.972396486825596
2934400002,5.0,Soybean,0.9662162162162162
2935100001,5.0,Soybean,0.5977653631284916
2935100002,5.0,Soybean,0.9860724233983287
2935200001,1.0,Corn,0.9778699861687413
2935300002,5.0,Soybean,1.0
2935300004,1.0,Corn,0.9577167019027484
2935400001,1.0,Corn,0.5491009681881052
2936100001,1.0,Corn,0.9888268156424581
2936200002,5.0,Soybean,0.6520112254443405
2936300002,1.0,Corn,0.4888888888888889
2936300010,1.0,Corn,0.9970149253731343
2936400002,1.0,Corn,0.9772727272727273
2936400003,1.0,Corn,0.9318181818181818
2936400004,1.0,Corn,0.9811320754716981
2936400005,1.0,Corn,0.9775280898876404
3001100003,5.0,Soybean,0.8909090909090909
3001100004,5.0,Soybean,0.8035714285714286
3001100017,176.0,Other,0.5746268656716418
3001100018,176.0,Other,0.43478260869565216
3001100019,1.0,Corn,0.6158940397350994
3001200001,141.0,Other,0.8444444444444444
3001200002,1.0,Corn,0.6133828996282528
3001200003,1.0,Corn,0.5214285714285715
3001300001,5.0,Soybean,0.704225352112676
3001300002,5.0,Soybean,0.5876288659793815
3001300005,5.0,Soybean,1.0
3001300007,1.0,Corn,0.5031055900621118
3001400002,1.0,Corn,0.4791666666666667
3001400006,1.0,Corn,0.9501779359430605
3001400007,1.0,Corn,0.46875
3001400008,5.0,Soybean,0.9695652173913043
3002100001,176.0,Other,0.6607142857142857
3002100005,1.0,Corn,0.6442953020134228
3002200001,141.0,Other,0.5776566757493188
3002200002,141.0,Other,0.36891385767790263
3002300008,5.0,Soybean,0.75
3002300011,5.0,Soybean,0.9173553719008265
3002300012,5.0,Soybean,0.8861788617886179
3002300015,141.0,Other,0.4320388349514563
3002300016,5.0,Soybean,0.9861111111111112
3002400010,5.0,Soybean,0.988929889298893
3002400011,141.0,Other,0.573170731707317
3002400013,5.0,Soybean,0.8809523809523809
3002400014,5.0,Soybean,0.5506329113924051
3003100002,141.0,Other,0.9
3003100003,176.0,Other,0.4842105263157895
3003100006,176.0,Other,0.5729166666666666
3003200001,1.0,Corn,0.8666666666666667
3003200003,176.0,Other,0.7623188405797101
3003300001,5.0,Soybean,0.9656357388316151
3003300002,5.0,Soybean,0.9575471698113207
3003400010,1.0,Corn,0.4567901234567901
3003400015,176.0,Other,0.6953125
3003400016,5.0,Soybean,0.5767441860465117
3004100005,5.0,Soybean,0.8817663817663818
3004200008,1.0,Corn,0.8228571428571428
3004200011,5.0,Soybean,0.5150684931506849
3004200012,1.0,Corn,0.9774011299435028
3004300003,5.0,Soybean,0.9442896935933147
3004400003,1.0,Corn,0.9907149489322191
3005100002,5.0,Soybean,0.49217002237136465
3005200002,5.0,Soybean,0.5295698924731183
3005200003,5.0,Soybean,0.9881889763779528
3005300001,5.0,Soybean,0.9717514124293786
3005300003,5.0,Soybean,0.9578651685393258
3005400002,1.0,Corn,0.9811320754716981
3005400003,1.0,Corn,0.9813432835820896
3005400004,5.0,Soybean,0.6470588235294118
3006100002,5.0,Soybean,0.509090909090909
3006100003,5.0,Soybean,0.9660460021905805
3006200007,1.0,Corn,1.0
3006200008,1.0,Corn,0.9961240310077519
3006200009,1.0,Corn,0.9416342412451362
3006200010,1.0,Corn,0.9591078066914498
3006300002,1.0,Corn,0.9767441860465116
3006300004,1.0,Corn,0.9319899244332494
3007100004,1.0,Corn,0.9708029197080292
3007100005,1.0,Corn,0.9862068965517241
3007100006,1.0,Corn,0.9748283752860412
3007200004,1.0,Corn,0.9775280898876404
3007200009,1.0,Corn,0.9730392156862745
3007200010,176.0,Other,0.42
3007300003,5.0,Soybean,0.9026548672566371
3007300004,1.0,Corn,0.648876404494382
3007400004,1.0,Corn,0.9560117302052786
3008100002,5.0,Soybean,0.9887323943661972
3008200002,5.0,Soybean,0.4944055944055944
3008300003,5.0,Soybean,0.9655172413793104
3008300004,5.0,Soybean,0.9915730337078652
3009100006,5.0,Soybean,0.9688888888888889
3009100007,5.0,Soybean,0.9550561797752809
3009200001,5.0,Soybean,0.4561281337047354
3009300005,1.0,Corn,0.8985915492957747
3010100001,5.0,Soybean,0.48342541436464087
3010100002,5.0,Soybean,0.6544117647058824
3010300006,176.0,Other,0.8992248062015504
3010300007,176.0,Other,0.7884615384615384
3010300008,1.0,Corn,0.6642096642096642
3010400001,1.0,Corn,0.972318339100346
3011100001,5.0,Soybean,1.0
3011100004,1.0,Corn,0.5276190476190477
3011200003,141.0,Other,0.5079365079365079
3011200008,5.0,Soybean,0.9336099585062241
3011200009,176.0,Other,0.4418604651162791
3011200010,5.0,Soybean,0.9868766404199475
3011300001,5.0,Soybean,0.9570093457943926
3011400001,5.0,Soybean,0.9152542372881356
3011400002,5.0,Soybean,0.8026565464895635
3012100001,1.0,Corn,0.5227272727272727
3012100002,5.0,Soybean,0.5157894736842106
3012100003,5.0,Soybean,0.5193370165745856
3012100004,1.0,Corn,1.0
3012200001,5.0,Soybean,0.8442622950819673
3012200003,1.0,Corn,0.9779005524861878
3012300002,1.0,Corn,0.9752747252747253
3012300003,1.0,Corn,0.9833795013850416
3012400005,1.0,Corn,0.9874301675977654
3013100001,5.0,Soybean,0.9055555555555556
3013100002,5.0,Soybean,0.9802816901408451
3013200001,5.0,Soybean,0.9553072625698324
3013300001,5.0,Soybean,0.6593406593406593
3013300002,1.0,Corn,0.974025974025974
3013300005,5.0,Soybean,0.7333333333333333
3013300007,1.0,Corn,0.9565217391304348
3013300008,1.0,Corn,1.0
3013400007,5.0,Soybean,0.5060630557801131
3014100007,176.0,Other,0.7121212121212122
3014100008,5.0,Soybean,0.9434276206322796
3014200012,5.0,Soybean,0.9378531073446328
3014200013,5.0,Soybean,0.9295774647887324
3014300008,5.0,Soybean,0.7964601769911505
3014300010,5.0,Soybean,0.8769230769230769
3014400001,1.0,Corn,0.5298969072164949
3014400004,1.0,Corn,0.92578125
3015100003,1.0,Corn,0.5229007633587787
3015100004,176.0,Other,0.8690476190476191
3015100005,1.0,Corn,0.7345971563981043
3015200001,1.0,Corn,0.8320610687022901
3015200002,1.0,Corn,0.9786324786324786
3015200003,1.0,Corn,0.8613861386138614
3015300002,5.0,Soybean,1.0
3015300003,5.0,Soybean,0.9318181818181818
3015300005,5.0,Soybean,0.4124293785310734
3015400002,1.0,Corn,0.5718157181571816
3015400003,1.0,Corn,0.45852534562211983
3015400004,122.0,Other,0.35
3016100004,1.0,Corn,0.4759825327510917
3016100005,1.0,Corn,0.49606299212598426
3016100006,1.0,Corn,0.9718670076726342
3016200001,1.0,Corn,0.9724517906336089
3016200002,5.0,Soybean,0.5348189415041783
3016301006,1.0,Corn,0.9318181818181818
3016301007,5.0,Soybean,0.9712230215827338
3016326003,1.0,Corn,0.9709302325581395
3016351004,1.0,Corn,0.9534883720930233
3016400001,5.0,Soybean,0.9746031746031746
3016400002,5.0,Soybean,0.9555555555555556
3016400003,5.0,Soybean,0.9916666666666667
3017100004,5.0,Soybean,0.9885057471264368
3017200006,1.0,Corn,0.9652677279305355
3017300004,5.0,Soybean,1.0
3017401005,5.0,Soybean,0.6329787234042553
3017401008,5.0,Soybean,0.5583333333333333
3017451001,1.0,Corn,0.9604743083003953
3017476001,5.0,Soybean,0.8363636363636363
3018100001,5.0,Soybean,0.8983050847457628
3018100003,5.0,Soybean,0.9781113195747342
3018300002,5.0,Soybean,0.502262443438914
3018300009,1.0,Corn,0.5212765957446809
3019100004,5.0,Soybean,0.5721649484536082
3019100006,1.0,Corn,0.9819078947368421
3019100007,1.0,Corn,0.989501312335958
3019200004,1.0,Corn,0.9867021276595744
3019300007,5.0,Soybean,0.9767981438515081
3019400004,1.0,Corn,0.9688888888888889
3019400006,1.0,Corn,0.9815157116451017
3020100001,5.0,Soybean,0.9945652173913043
3020100002,5.0,Soybean,0.9507042253521126
3020100012,5.0,Soybean,0.9807692307692307
3020100013,5.0,Soybean,0.5338882282996433
3020201002,5.0,Soybean,0.9411764705882353
3020251018,124.0,Other,0.33962264150943394
3020300014,1.0,Corn,0.9402173913043478
3021201002,121.0,Other,0.3717948717948718
3021226001,1.0,Corn,0.9269662921348315
3021276004,1.0,Corn,1.0
3021427002,1.0,Corn,0.9871794871794872
3021451012,5.0,Soybean,0.9578947368421052
3021476010,121.0,Other,0.25925925925925924
3022100012,1.0,Corn,0.9856115107913669
3022100013,1.0,Corn,1.0
3022100022,1.0,Corn,0.7889447236180904
3022100026,1.0,Corn,0.9363636363636364
3022200002,5.0,Soybean,0.8
3022200008,1.0,Corn,0.509090909090909
3022200015,1.0,Corn,0.4476744186046512
3022200016,1.0,Corn,0.9662337662337662
3022300016,1.0,Corn,0.8284823284823285
3022400001,5.0,Soybean,0.9485294117647058
3022400010,5.0,Soybean,0.8126520681265207
3023100006,5.0,Soybean,0.5966981132075472
3023100007,5.0,Soybean,0.9560439560439561
3023200003,5.0,Soybean,1.0
3023200007,5.0,Soybean,0.9775280898876404
3023200010,5.0,Soybean,0.9473684210526315
3023200011,5.0,Soybean,1.0
3023300001,5.0,Soybean,0.9248554913294798
3023300004,5.0,Soybean,0.5166666666666667
3023400001,5.0,Soybean,0.5058139534883721
3024100001,5.0,Soybean,0.9915014164305949
3024100002,1.0,Corn,0.9594972067039106
3024200001,1.0,Corn,0.975
3024300002,5.0,Soybean,0.5122838944494995
3024300003,1.0,Corn,0.8902439024390244
3024400006,5.0,Soybean,0.886685552407932
3024400007,1.0,Corn,0.9641025641025641
3025100004,5.0,Soybean,0.9711111111111111
3025100005,1.0,Corn,0.952191235059761
3025200002,1.0,Corn,0.5056818181818182
3025200003,1.0,Corn,0.8953488372093024
3025200004,1.0,Corn,0.974169741697417
3025300001,5.0,Soybean,0.9576271186440678
3025300003,1.0,Corn,0.9230769230769231
3025300004,5.0,Soybean,1.0
3025400001,1.0,Corn,0.4888888888888889
3025400003,5.0,Soybean,0.4264705882352941
3025400005,1.0,Corn,0.49283667621776506
3026100005,1.0,Corn,0.9093851132686084
3026100007,1.0,Corn,0.511049723756906
3026200003,5.0,Soybean,0.9692307692307692
3026300002,5.0,Soybean,0.9646017699115044
3026300003,5.0,Soybean,0.8032786885245902
3026300008,1.0,Corn,0.9325842696629213
3026300009,5.0,Soybean,0.9767441860465116
3026300014,5.0,Soybean,0.4306569343065693
3026400001,5.0,Soybean,0.8004694835680751
3026400003,5.0,Soybean,0.9913793103448276
3026400005,5.0,Soybean,1.0
3027102001,1.0,Corn,0.9207317073170732
3027102006,5.0,Soybean,0.5324675324675324
3027126004,121.0,Other,0.7474747474747475
3027176001,121.0,Other,0.6528925619834711
3027200020,5.0,Soybean,0.9607843137254902
3027200021,141.0,Other,0.9250720461095101
3027200022,1.0,Corn,0.8769230769230769
3027200023,1.0,Corn,0.7846153846153846
3027300004,176.0,Other,0.36464088397790057
3027400003,1.0,Corn,0.9210526315789473
3027400006,1.0,Corn,0.740041928721174
3027400010,5.0,Soybean,0.9565217391304348
3028100032,124.0,Other,0.5
3028100035,1.0,Corn,0.625
3028100040,1.0,Corn,0.8367346938775511
3028200003,5.0,Soybean,0.9807692307692307
3028200004,1.0,Corn,0.9410029498525073
3028200005,5.0,Soybean,0.8308823529411765
3028200006,121.0,Other,0.292817679558011
3028300012,121.0,Other,0.5970149253731343
3028300026,1.0,Corn,0.8295454545454546
3028301008,1.0,Corn,0.8169014084507042
3028400002,1.0,Corn,0.937984496124031
3028400012,176.0,Other,0.9019607843137255
3028400020,176.0,Other,0.7415254237288136
3029100006,1.0,Corn,0.9852941176470589
3029100011,1.0,Corn,0.9187725631768953
3029100014,124.0,Other,0.2558139534883721
3029100015,5.0,Soybean,0.7174211248285323
3029300003,1.0,Corn,0.9444444444444444
3029300008,1.0,Corn,0.4107142857142857
3029300017,176.0,Other,0.9325842696629213
3029300018,176.0,Other,0.7092511013215859
3029452009,1.0,Corn,0.6347826086956522
3030100002,5.0,Soybean,0.8053691275167785
3030100003,141.0,Other,0.6397058823529411
3030100010,176.0,Other,0.7384615384615385
3030100013,141.0,Other,0.4642857142857143
3030100014,176.0,Other,0.8764044943820225
3030100021,1.0,Corn,0.868421052631579
3030100024,176.0,Other,0.9776785714285714
3030200004,5.0,Soybean,0.48863636363636365
3030200010,5.0,Soybean,0.84375
3030200011,176.0,Other,0.41361256544502617
3030300001,1.0,Corn,0.9945652173913043
3030300002,1.0,Corn,0.9664179104477612
3030300004,1.0,Corn,0.9466019417475728
3030400001,141.0,Other,0.441351888667992
3030400002,176.0,Other,0.5441176470588235
3030400011,5.0,Soybean,0.6829268292682927
3031100001,5.0,Soybean,0.9890310786106032
3031100003,5.0,Soybean,0.9447674418604651
3031200004,1.0,Corn,0.6395348837209303
3031200005,1.0,Corn,0.7087378640776699
3031300001,1.0,Corn,0.9242424242424242
3031300003,1.0,Corn,0.9915966386554622
3031300006,5.0,Soybean,0.9647058823529412
3031300008,5.0,Soybean,0.4808743169398907
3031400001,5.0,Soybean,0.7195121951219512
3031400002,1.0,Corn,0.8742857142857143
3031400003,1.0,Corn,0.9602272727272727
3032100006,1.0,Corn,0.9886363636363636
3032100014,5.0,Soybean,0.9651162790697675
3032100016,121.0,Other,0.9418604651162791
3032100022,121.0,Other,0.3505747126436782
3032100025,5.0,Soybean,0.5193370165745856
3032200004,1.0,Corn,0.7155963302752294
3032200005,176.0,Other,0.43023255813953487
3032200007,176.0,Other,0.5584415584415584
3032200012,5.0,Soybean,0.7076923076923077
3032200017,121.0,Other,0.6640625
3032229014,141.0,Other,0.88
3032300001,1.0,Corn,0.9325842696629213
3032300002,1.0,Corn,0.9261363636363636
3032300005,1.0,Corn,0.9623352165725048
3032400002,1.0,Corn,0.8
3032400003,1.0,Corn,0.9844559585492227
3033100002,5.0,Soybean,0.9285714285714286
3033151006,5.0,Soybean,0.546875
3033200006,176.0,Other,0.3425925925925926
3033200019,36.0,Other,0.5396825396825397
3033200020,5.0,Soybean,0.4523809523809524
3033276002,5.0,Soybean,0.3826530612244898
3033300002,1.0,Corn,0.6473988439306358
3033300004,5.0,Soybean,0.40923076923076923
3033400002,5.0,Soybean,0.8870056497175142
3033400004,5.0,Soybean,0.9776119402985075
3034100001,1.0,Corn,0.918918918918919
3034100003,176.0,Other,0.4090909090909091
3034100005,5.0,Soybean,0.9386973180076629
3034100007,5.0,Soybean,0.935251798561151
3034200003,5.0,Soybean,0.9710467706013363
3034200004,5.0,Soybean,0.8757396449704142
3034300001,1.0,Corn,0.9157303370786517
3034300002,5.0,Soybean,0.7719298245614035
3034300003,1.0,Corn,0.9831460674157303
3034400007,5.0,Soybean,0.7542372881355932
3035100006,1.0,Corn,0.6111111111111112
3035126005,5.0,Soybean,0.8571428571428571
3035200004,5.0,Soybean,0.9863760217983651
3035200005,1.0,Corn,0.9691358024691358
3035300003,1.0,Corn,0.7756598240469208
3035400002,5.0,Soybean,0.9683794466403162
3035400004,5.0,Soybean,0.9615384615384616
3035400005,1.0,Corn,0.9766666666666667
3035400006,1.0,Corn,0.9722222222222222
3036100002,1.0,Corn,0.949438202247191
3036100003,5.0,Soybean,1.0
3036100004,5.0,Soybean,0.5084745762711864
3036100005,5.0,Soybean,1.0
3036200001,5.0,Soybean,0.4972067039106145
3036200002,5.0,Soybean,0.9888579387186629
3036300002,5.0,Soybean,0.9536082474226805
3036300003,1.0,Corn,0.9185667752442996
3036400001,1.0,Corn,0.8144475920679887
3101100001,1.0,Corn,0.9745042492917847
3101100004,5.0,Soybean,0.9889196675900277
3101200005,1.0,Corn,0.8674033149171271
3101200006,1.0,Corn,0.9608938547486033
3101200007,5.0,Soybean,0.9301675977653632
3101300002,1.0,Corn,0.9816901408450704
3101400004,5.0,Soybean,0.6952908587257618
3101400005,1.0,Corn,0.48753462603878117
3102100001,5.0,Soybean,0.9527777777777777
3102100002,5.0,Soybean,0.9320113314447592
3102200001,1.0,Corn,0.6378205128205128
3102200004,1.0,Corn,0.8867403314917127
3102300003,5.0,Soybean,0.9542857142857143
3102300004,1.0,Corn,0.8623595505617978
3102400004,5.0,Soybean,0.49130434782608695
3103100001,5.0,Soybean,0.9519774011299436
3103100002,5.0,Soybean,0.9445983379501385
3103200005,5.0,Soybean,0.8201754385964912
3103300001,5.0,Soybean,0.5782792665726375
3103400001,1.0,Corn,0.9603960396039604
3104100003,1.0,Corn,0.5223463687150838
3104100004,1.0,Corn,0.56657223796034
3104300002,5.0,Soybean,0.9736842105263158
3104300003,5.0,Soybean,0.78125
3104400008,5.0,Soybean,0.9582366589327146
3104400009,1.0,Corn,0.9676113360323887
3105100007,1.0,Corn,0.9119318181818182
3105100008,1.0,Corn,0.9594202898550724
3105200002,5.0,Soybean,0.918732782369146
3105300001,5.0,Soybean,0.9692307692307692
3105400002,1.0,Corn,0.8184357541899442
3106100001,5.0,Soybean,0.6987951807228916
3106100002,141.0,Other,0.7692307692307693
3106100003,5.0,Soybean,0.9477611940298507
3106100004,5.0,Soybean,0.963302752293578
3106200003,141.0,Other,0.6732673267326733
3106200008,1.0,Corn,0.847457627118644
3106200010,141.0,Other,0.7676767676767676
3106200012,176.0,Other,0.9016393442622951
3106300001,5.0,Soybean,0.9853801169590644
3106300002,5.0,Soybean,0.9818181818181818
3106400002,5.0,Soybean,0.9665271966527197
3107100001,5.0,Soybean,0.9938080495356038
3107200002,1.0,Corn,0.9858044164037855
3107200003,1.0,Corn,0.9823008849557522
3107400001,5.0,Soybean,0.6136363636363636
3108100001,5.0,Soybean,0.9888268156424581
3108100002,5.0,Soybean,0.9888888888888889
3108200002,5.0,Soybean,0.9752066115702479
3108200003,1.0,Corn,0.9749303621169917
3108300001,5.0,Soybean,0.4958563535911602
3108400002,1.0,Corn,0.9138888888888889
3108400003,1.0,Corn,0.7458100558659218
3109100004,5.0,Soybean,0.9888888888888889
3109200001,1.0,Corn,0.9675675675675676
3109200002,1.0,Corn,0.9672131147540983
3109200003,1.0,Corn,0.924791086350975
3109300002,5.0,Soybean,0.5776536312849162
3110100001,1.0,Corn,0.6251768033946252
3110200001,5.0,Soybean,0.9693165969316597
3110300002,5.0,Soybean,0.5181058495821727
3111100001,1.0,Corn,0.9775280898876404
3111100002,1.0,Corn,0.7722222222222223
3111100003,1.0,Corn,0.505524861878453
3111200001,5.0,Soybean,0.8200757575757576
3111200002,1.0,Corn,0.8484848484848485
3111300001,5.0,Soybean,0.9652777777777778
3111400003,5.0,Soybean,1.0
3111400004,5.0,Soybean,0.967741935483871
3111400005,5.0,Soybean,0.9807073954983923
3112100002,5.0,Soybean,0.523876404494382
3112200001,1.0,Corn,0.9806629834254144
3112300002,5.0,Soybean,0.5064011379800853
3112400002,5.0,Soybean,0.48759124087591244
3113100002,5.0,Soybean,0.49722222222222223
3113100003,1.0,Corn,0.9152542372881356
3113200002,5.0,Soybean,0.8278145695364238
3113200004,1.0,Corn,0.9068825910931174
3113300007,1.0,Corn,0.8588957055214724
3113300009,1.0,Corn,0.9777777777777777
3113300010,1.0,Corn,0.8579710144927536
3113400006,5.0,Soybean,0.9744897959183674
3113400007,1.0,Corn,0.9243498817966903
3114100001,5.0,Soybean,0.9491525423728814
3114100004,5.0,Soybean,0.5221729490022173
3114200006,5.0,Soybean,0.7640449438202247
3114300002,1.0,Corn,0.7300275482093664
3114300005,5.0,Soybean,0.7537537537537538
3114400002,5.0,Soybean,0.9775280898876404
3114400007,5.0,Soybean,0.7272727272727273
3114400008,5.0,Soybean,0.7596685082872928
3115100001,1.0,Corn,0.9606741573033708
3115100003,1.0,Corn,0.9944444444444445
3115200001,5.0,Soybean,0.9776536312849162
3115200002,5.0,Soybean,0.5254237288135594
3115200004,5.0,Soybean,0.9722222222222222
3115300004,1.0,Corn,0.9542857142857143
3115300006,5.0,Soybean,0.9668508287292817
3115300007,5.0,Soybean,0.9717514124293786
3115400002,1.0,Corn,0.7014084507042253
3115400007,1.0,Corn,0.980806142034549
3116100002,1.0,Corn,0.4881201956673655
3117100003,5.0,Soybean,0.7351274787535411
3117200001,5.0,Soybean,0.976551724137931
3117300001,1.0,Corn,0.4904996481351161
3118100004,1.0,Corn,0.9501557632398754
3118200001,1.0,Corn,0.570363466915191
3119100011,1.0,Corn,0.9897260273972602
3119100013,1.0,Corn,1.0
3119200002,1.0,Corn,0.9556786703601108
3119200003,5.0,Soybean,0.9858356940509915
3119300004,1.0,Corn,0.9743589743589743
3119300007,5.0,Soybean,0.8683274021352313
3119400003,5.0,Soybean,0.504835589941973
3119400005,5.0,Soybean,0.6254295532646048
3120100003,5.0,Soybean,0.8579136690647482
3120100004,1.0,Corn,0.9576271186440678
3120226002,1.0,Corn,0.8176100628930818
3120300009,5.0,Soybean,0.977961432506887
3120300010,5.0,Soybean,0.9166666666666666
3120400001,1.0,Corn,0.5787172011661808
3121100010,5.0,Soybean,0.49402670414617006
3121326003,5.0,Soybean,0.9755351681957186
3121400005,1.0,Corn,0.9447513812154696
3121400006,1.0,Corn,1.0
3121400007,1.0,Corn,0.9615384615384616
3121400009,1.0,Corn,0.8984375
3122100003,1.0,Corn,0.9887005649717514
3122100007,1.0,Corn,0.9512893982808023
3122200002,1.0,Corn,0.82
3122200003,1.0,Corn,0.4930747922437673
3122300008,5.0,Soybean,0.9594594594594594
3122300016,1.0,Corn,0.9694656488549618
3122300020,1.0,Corn,0.9850187265917603
3122400004,5.0,Soybean,0.9787835926449788
3123100002,5.0,Soybean,0.6088825214899714
3123200001,1.0,Corn,1.0
3123200002,1.0,Corn,0.9716981132075472
3123300005,5.0,Soybean,0.9633802816901409
3123300007,1.0,Corn,0.9803370786516854
3123400006,1.0,Corn,0.9713467048710601
3123400007,5.0,Soybean,0.9572649572649573
3124100001,5.0,Soybean,0.9605633802816902
3124100004,5.0,Soybean,0.9847094801223242
3124100005,5.0,Soybean,0.5324459234608985
3124200003,5.0,Soybean,0.9408866995073891
3124300004,5.0,Soybean,1.0
3124300008,1.0,Corn,0.9396551724137931
3124300012,5.0,Soybean,0.9705263157894737
3124400002,5.0,Soybean,0.5098591549295775
3124400003,5.0,Soybean,0.978021978021978
3124400004,1.0,Corn,0.9166666666666666
3125100001,1.0,Corn,0.6051712089447938
3125300004,5.0,Soybean,0.9511494252873564
3125300006,5.0,Soybean,0.9633802816901409
3125400002,5.0,Soybean,0.9748603351955307
3126100008,1.0,Corn,0.9669327251995439
3126200001,5.0,Soybean,0.9860724233983287
3126200002,1.0,Corn,0.9607843137254902
3126300002,5.0,Soybean,0.5714285714285714
3126300007,24.0,Other,0.8661087866108786
3126400009,1.0,Corn,0.958217270194986
3126400010,1.0,Corn,0.95
3126400011,1.0,Corn,0.9714285714285714
3127100001,5.0,Soybean,0.9527777777777777
3127100004,5.0,Soybean,0.9152046783625731
3127200001,5.0,Soybean,0.5020979020979021
3127300001,5.0,Soybean,0.9529085872576177
3127300002,1.0,Corn,0.9348441926345609
3127400002,1.0,Corn,0.6403361344537815
3127400003,1.0,Corn,0.5726495726495726
3128100001,5.0,Soybean,0.9693593314763231
3128100003,5.0,Soybean,0.9722222222222222
3128200010,5.0,Soybean,0.5117845117845118
3128300001,1.0,Corn,0.9661016949152542
3128300002,1.0,Corn,0.9888888888888889
3128300003,1.0,Corn,0.8248587570621468
3128300004,5.0,Soybean,0.978021978021978
3128400004,5.0,Soybean,0.9861878453038674
3128400005,5.0,Soybean,0.9662921348314607
3129100002,5.0,Soybean,0.49554896142433236
3129100003,5.0,Soybean,0.5078947368421053
3129200001,1.0,Corn,0.7597222222222222
3129300003,1.0,Corn,0.9737827715355806
3129300008,1.0,Corn,0.9851851851851852
3129300009,1.0,Corn,0.7954545454545454
3129300010,1.0,Corn,0.7450980392156863
3129400002,1.0,Corn,0.9774011299435028
3129400003,1.0,Corn,0.9550561797752809
3129400004,1.0,Corn,0.9655172413793104
3130100001,5.0,Soybean,0.5116279069767442
3130100002,1.0,Corn,0.8928229665071771
3130200001,5.0,Soybean,0.9714285714285714
3130200002,1.0,Corn,0.9881422924901185
3130200003,1.0,Corn,0.9236641221374046
3130200004,1.0,Corn,0.9555555555555556
3130300002,5.0,Soybean,0.9739884393063584
3130400001,5.0,Soybean,0.6638176638176638
3131100001,5.0,Soybean,1.0
3131100002,5.0,Soybean,0.5854700854700855
3131200001,5.0,Soybean,0.988795518207283
3131200002,1.0,Corn,0.9725274725274725
3131300002,1.0,Corn,0.9887323943661972
3131400003,1.0,Corn,0.49101796407185627
3131400005,1.0,Corn,0.9887005649717514
3132100006,1.0,Corn,0.963276836158192
3132100008,5.0,Soybean,0.9834710743801653
3132200001,1.0,Corn,0.9772727272727273
3132200002,5.0,Soybean,0.9835616438356164
3132200003,1.0,Corn,0.9725274725274725
3132300001,1.0,Corn,0.9719101123595506
3132300005,1.0,Corn,0.9835164835164835
3132300011,1.0,Corn,0.9688385269121813
3132400002,5.0,Soybean,0.9691011235955056
3132400003,5.0,Soybean,1.0
3132400004,5.0,Soybean,0.9833333333333333
3133100006,1.0,Corn,0.9733520336605891
3133200002,5.0,Soybean,0.6987951807228916
3133200004,1.0,Corn,0.9511111111111111
3133300002,1.0,Corn,0.7893258426966292
3133400003,5.0,Soybean,0.9860724233983287
3133400005,1.0,Corn,0.8531073446327684
3134100001,5.0,Soybean,0.9668508287292817
3134100004,1.0,Corn,0.9502487562189055
3134100005,1.0,Corn,0.9230769230769231
3134100006,5.0,Soybean,0.4774011299435028
3134200002,5.0,Soybean,0.9889196675900277
3134200005,1.0,Corn,0.9497206703910615
3134300003,1.0,Corn,0.816
3134300005,1.0,Corn,0.9832869080779945
3134300006,1.0,Corn,0.9244444444444444
3134400002,1.0,Corn,0.5524079320113314
3134400003,1.0,Corn,0.49299719887955185
3135100002,1.0,Corn,0.9222222222222223
3135100005,5.0,Soybean,0.9473684210526315
3135100007,5.0,Soybean,1.0
3135100008,1.0,Corn,0.7360406091370558
3135200002,5.0,Soybean,0.37681159420289856
3135200003,1.0,Corn,0.9486780715396579
3135300001,1.0,Corn,0.9636871508379888
3135300005,5.0,Soybean,0.7818696883852692
3135400002,1.0,Corn,0.9945054945054945
3135400004,5.0,Soybean,0.9397590361445783
3135400005,5.0,Soybean,0.9222222222222223
3135400006,1.0,Corn,0.3595505617977528
3135400007,1.0,Corn,0.7840909090909091
3135400009,1.0,Corn,0.8562874251497006
3136100001,5.0,Soybean,0.5125348189415042
3136200001,5.0,Soybean,0.8763837638376384
3136200002,5.0,Soybean,0.7052023121387283
3136300001,5.0,Soybean,0.49025069637883006
3136300002,1.0,Corn,0.8128654970760234
3136300008,1.0,Corn,0.8678414096916299
3136400001,5.0,Soybean,0.6740331491712708
3136400006,5.0,Soybean,0.9773755656108597
3201100006,1.0,Corn,0.8819188191881919
3201300001,5.0,Soybean,0.9617083946980854
3201400001,5.0,Soybean,0.9590909090909091
3202100001,5.0,Soybean,0.9819121447028424
3202100002,5.0,Soybean,0.9497206703910615
3202100003,1.0,Corn,0.9662921348314607
3202200003,1.0,Corn,0.9583333333333334
3202200005,5.0,Soybean,0.9002624671916011
3202300002,5.0,Soybean,0.963276836158192
3202300003,1.0,Corn,0.9830028328611898
3202400007,5.0,Soybean,0.9741379310344828
3202400008,5.0,Soybean,0.9484978540772532
3202400009,5.0,Soybean,0.9596412556053812
3203100002,5.0,Soybean,0.99055330634278
3203200001,5.0,Soybean,0.9898477157360406
3203200002,5.0,Soybean,0.9645776566757494
3203300001,1.0,Corn,0.4954296160877514
3203400001,1.0,Corn,0.9890310786106032
3203400002,5.0,Soybean,0.9657142857142857
3204100001,5.0,Soybean,1.0
3204100002,5.0,Soybean,0.9836065573770492
3204100003,5.0,Soybean,0.9924528301886792
3204200003,1.0,Corn,0.5606060606060606
3204300002,5.0,Soybean,0.8550512445095169
3204400001,1.0,Corn,0.9827586206896551
3204400002,1.0,Corn,0.9659090909090909
3205100001,1.0,Corn,0.6997206703910615
3205200001,5.0,Soybean,0.9894179894179894
3205200004,5.0,Soybean,0.9836956521739131
3205300001,1.0,Corn,0.590778097982709
3205300002,1.0,Corn,0.8794520547945206
3205400002,1.0,Corn,0.9860335195530726
3205400003,5.0,Soybean,0.9662921348314607
3205400004,5.0,Soybean,0.989010989010989
3205400005,1.0,Corn,0.978021978021978
3205400006,1.0,Corn,0.9545454545454546
3206100003,5.0,Soybean,0.9766803840877915
3206200004,1.0,Corn,0.9056122448979592
3206200005,5.0,Soybean,0.9853372434017595
3206300003,5.0,Soybean,0.9859550561797753
3206300004,5.0,Soybean,0.9629629629629629
3206400001,1.0,Corn,0.5462184873949579
3207100001,1.0,Corn,0.9722991689750693
3207100003,1.0,Corn,0.9083333333333333
3207200001,5.0,Soybean,0.8960674157303371
3207200003,1.0,Corn,0.7540983606557377
3207200004,1.0,Corn,0.9106145251396648
3207300001,5.0,Soybean,0.4958563535911602
3207400004,5.0,Soybean,0.9668508287292817
3207400005,1.0,Corn,0.5570652173913043
3208100001,5.0,Soybean,0.9444444444444444
3208100004,1.0,Corn,0.9545454545454546
3208100006,5.0,Soybean,0.989041095890411
3208200004,1.0,Corn,0.9772079772079773
3208200005,1.0,Corn,0.8607954545454546
3208300002,5.0,Soybean,0.9364161849710982
3208300003,5.0,Soybean,0.9888579387186629
3208300006,1.0,Corn,0.39655172413793105
3208400001,5.0,Soybean,0.9928057553956835
3208400003,5.0,Soybean,0.9659090909090909
3208400006,1.0,Corn,0.9665271966527197
3209100001,1.0,Corn,0.9605633802816902
3209100002,1.0,Corn,0.9888579387186629
3209200002,5.0,Soybean,0.988795518207283
3209200003,1.0,Corn,0.9925650557620818
3209200004,1.0,Corn,0.9555555555555556
3209300001,1.0,Corn,0.9915966386554622
3209300002,1.0,Corn,0.971830985915493
3209400002,176.0,Other,0.6455026455026455
3209400003,5.0,Soybean,0.9771863117870723
3210100002,5.0,Soybean,1.0
3210100003,5.0,Soybean,1.0
3210200003,5.0,Soybean,0.994535519125683
3210200007,1.0,Corn,0.9805013927576601
3210400003,5.0,Soybean,0.5034340659340659
3211100001,5.0,Soybean,0.5170821791320406
3211200003,1.0,Corn,0.984
3211300005,1.0,Corn,0.9230769230769231
3211300007,5.0,Soybean,0.9647058823529412
3211300008,5.0,Soybean,0.6856368563685636
3211400004,1.0,Corn,0.972027972027972
3211400005,1.0,Corn,0.8762886597938144
3211400006,1.0,Corn,0.9629629629629629
3212100002,1.0,Corn,0.9
3212100003,5.0,Soybean,0.4913494809688581
3212200001,1.0,Corn,0.9444444444444444
3212200002,1.0,Corn,0.5179584120982986
3212300001,5.0,Soybean,0.9732016925246827
3212400001,1.0,Corn,0.5229007633587787
3213100001,5.0,Soybean,0.9538904899135446
3213100002,5.0,Soybean,0.9776536312849162
3213200001,1.0,Corn,0.8611111111111112
3213200002,5.0,Soybean,0.9473684210526315
3213300001,1.0,Corn,0.48497854077253216
3213400005,1.0,Corn,0.5454545454545454
3213400007,1.0,Corn,0.5614035087719298
3213400008,1.0,Corn,0.5823863636363636
3214100001,5.0,Soybean,0.8961748633879781
3214100003,5.0,Soybean,0.9810126582278481
3214200003,5.0,Soybean,0.9749715585893061
3214300002,1.0,Corn,0.7104895104895105
3214400001,1.0,Corn,0.9916666666666667
3214400002,1.0,Corn,0.9661971830985916
3215100002,5.0,Soybean,0.5169491525423728
3215100003,5.0,Soybean,0.9915254237288136
3215200004,5.0,Soybean,0.9915966386554622
3215200006,5.0,Soybean,0.9830508474576272
3215300004,5.0,Soybean,0.9916201117318436
3215300005,1.0,Corn,0.9664804469273743
3215300006,5.0,Soybean,0.9482758620689655
3215400002,5.0,Soybean,1.0
3215400003,5.0,Soybean,0.9557739557739557
3216100006,5.0,Soybean,0.9242424242424242
3216100007,1.0,Corn,0.9657142857142857
3216200008,1.0,Corn,0.5288270377733598
3216300001,1.0,Corn,0.4993006993006993
3216400001,5.0,Soybean,0.9787644787644788
3216400003,5.0,Soybean,0.9610027855153204
3217100003,5.0,Soybean,0.5272045028142589
3217200001,1.0,Corn,0.9591836734693877
3217300001,1.0,Corn,0.9827586206896551
3217300004,5.0,Soybean,0.9534883720930233
3217300005,5.0,Soybean,0.9166666666666666
3217400001,5.0,Soybean,0.9831460674157303
3217400002,5.0,Soybean,0.9318181818181818
3218100001,1.0,Corn,0.9502762430939227
3218100002,5.0,Soybean,0.9723756906077348
3218200026,5.0,Soybean,0.9649595687331537
3218200027,5.0,Soybean,0.985207100591716
3218200028,1.0,Corn,0.49887892376681614
3218300002,5.0,Soybean,0.9551820728291317
3218400001,1.0,Corn,0.9747899159663865
3218400002,1.0,Corn,1.0
3218400004,5.0,Soybean,0.9255014326647565
3219100001,1.0,Corn,0.7894736842105263
3219100003,1.0,Corn,1.0
3219200002,1.0,Corn,0.9718706047819972
3219300001,5.0,Soybean,0.6
3219300004,5.0,Soybean,0.49226804123711343
3219400005,1.0,Corn,0.9748953974895398
3220100004,1.0,Corn,0.9646892655367232
3220200001,1.0,Corn,0.9701492537313433
3220200004,5.0,Soybean,0.9833333333333333
3220200005,1.0,Corn,0.9512195121951219
3220200006,1.0,Corn,0.9825581395348837
3220300002,1.0,Corn,0.9664804469273743
3220300003,5.0,Soybean,0.9659090909090909
3220400002,1.0,Corn,0.9515669515669516
3220400006,1.0,Corn,0.7987012987012987
3221100001,1.0,Corn,0.9265536723163842
3221100004,1.0,Corn,0.4988009592326139
3221200001,1.0,Corn,0.48785425101214575
3221200004,5.0,Soybean,0.9587155963302753
3221301001,5.0,Soybean,0.9666666666666667
3221326001,5.0,Soybean,0.9562043795620438
3221326002,5.0,Soybean,0.9324324324324325
3221351001,5.0,Soybean,0.8488372093023255
3221476018,1.0,Corn,0.8936170212765957
3222100001,1.0,Corn,0.9594594594594594
3222100002,5.0,Soybean,0.978021978021978
3222200001,5.0,Soybean,0.49107981220657276
3222300001,5.0,Soybean,0.9736842105263158
3222300002,5.0,Soybean,0.7472222222222222
3222400001,1.0,Corn,0.9834254143646409
3222400003,5.0,Soybean,0.9808429118773946
3222400004,1.0,Corn,0.9806949806949807
3223100001,1.0,Corn,0.8190298507462687
3223200002,5.0,Soybean,0.5574712643678161
3223200003,5.0,Soybean,0.5833333333333334
3223300007,1.0,Corn,0.654320987654321
3223400001,5.0,Soybean,0.9333333333333333
3224100001,1.0,Corn,0.9660056657223796
3224100002,5.0,Soybean,0.9916201117318436
3224200004,5.0,Soybean,0.9586466165413534
3224200005,5.0,Soybean,0.9618320610687023
3224300001,5.0,Soybean,0.9777777777777777
3224300004,5.0,Soybean,0.966789667896679
3224300012,5.0,Soybean,0.9540229885057471
3224400001,5.0,Soybean,0.5011337868480725
3225100004,5.0,Soybean,0.4893882646691635
3225200003,1.0,Corn,0.9807162534435262
3225200004,1.0,Corn,0.9479638009049773
3225300001,1.0,Corn,0.9388888888888889
3225300002,5.0,Soybean,0.9858356940509915
3225400001,1.0,Corn,0.9642857142857143
3225400002,5.0,Soybean,0.933993399339934
3226100004,1.0,Corn,0.9801699716713881
3226100006,5.0,Soybean,0.9943820224719101
3226200001,1.0,Corn,0.49291784702549574
3226200002,5.0,Soybean,0.9223300970873787
3226300001,1.0,Corn,0.9861878453038674
3226300003,1.0,Corn,0.9858757062146892
3226400001,1.0,Corn,0.8663697104677061
3227100009,1.0,Corn,0.9862820963770664
3228101004,5.0,Soybean,0.9709677419354839
3228176002,1.0,Corn,0.96875
3228177016,5.0,Soybean,0.9347826086956522
3228200004,1.0,Corn,0.9971988795518207
3228200008,1.0,Corn,0.9292604501607717
3228300005,1.0,Corn,0.9797979797979798
3228300006,5.0,Soybean,0.7419354838709677
3228400001,1.0,Corn,0.7808988764044944
3228400002,5.0,Soybean,0.8096118299445472
3229100001,1.0,Corn,0.5014245014245015
3229100002,5.0,Soybean,0.9856230031948882
3229200004,5.0,Soybean,0.4966442953020134
3229300005,5.0,Soybean,0.9734513274336283
3229300007,5.0,Soybean,0.9839228295819936
3229300008,5.0,Soybean,1.0
3229400001,1.0,Corn,0.9779179810725552
3229400002,1.0,Corn,0.911504424778761
3230100001,5.0,Soybean,0.9147025813692481
3230100004,1.0,Corn,0.9562043795620438
3230100005,1.0,Corn,0.9852941176470589
3230300005,1.0,Corn,0.6288951841359773
3230400001,5.0,Soybean,0.6880222841225627
3230400002,5.0,Soybean,0.976878612716763
3230400007,1.0,Corn,0.8895705521472392
3231100001,5.0,Soybean,0.5252989880404784
3231200003,5.0,Soybean,0.9651162790697675
3231200004,5.0,Soybean,0.5301587301587302
3231200006,5.0,Soybean,0.9880668257756563
3231300002,1.0,Corn,0.9766763848396501
3231400001,1.0,Corn,0.9834710743801653
3231400003,5.0,Soybean,0.5655172413793104
3232100003,1.0,Corn,0.5201793721973094
3232200004,5.0,Soybean,0.9709302325581395
3232400001,5.0,Soybean,0.9889958734525447
3233100003,1.0,Corn,0.9823788546255506
3233200004,1.0,Corn,0.751412429378531
3233200005,1.0,Corn,0.7204610951008645
3233300001,5.0,Soybean,1.0
3233300007,1.0,Corn,0.6539196940726577
3233400003,1.0,Corn,0.8555240793201133
3233400004,1.0,Corn,0.8068181818181818
3234100002,1.0,Corn,0.49047282992237123
3235100005,1.0,Corn,0.9754512635379061
3235200001,5.0,Soybean,0.5
3235200007,5.0,Soybean,0.9900497512437811
3235400004,1.0,Corn,0.4986376021798365
3235400008,1.0,Corn,0.9577039274924471
3236100003,5.0,Soybean,0.5734870317002881
3236100004,1.0,Corn,0.5852272727272727
3236200001,1.0,Corn,0.9558011049723757
3236200005,1.0,Corn,0.7768361581920904
3236300003,1.0,Corn,0.5626822157434402
3236300005,1.0,Corn,0.49473684210526314
3236400001,5.0,Soybean,0.989010989010989
3301100012,5.0,Soybean,0.8448275862068966
3301100013,5.0,Soybean,0.9795454545454545
3301200017,1.0,Corn,0.900709219858156
3301200019,1.0,Corn,0.9711815561959655
3301200020,5.0,Soybean,0.9107142857142857
3301200021,1.0,Corn,0.9798387096774194
3301300004,1.0,Corn,0.9671484888304862
3301400003,1.0,Corn,1.0
3301400008,1.0,Corn,0.9658536585365853
3302100001,5.0,Soybean,0.9354838709677419
3302100002,5.0,Soybean,0.9814814814814815
3302100003,1.0,Corn,0.9904306220095693
3302201001,1.0,Corn,0.8461538461538461
3302202004,5.0,Soybean,0.8913857677902621
3302226006,124.0,Other,0.8070175438596491
3302226007,5.0,Soybean,0.4222222222222222
3302276007,5.0,Soybean,0.9060402684563759
3302300001,1.0,Corn,0.8850574712643678
3302300003,5.0,Soybean,0.5073068893528184
3302400001,5.0,Soybean,0.5178571428571429
3303100016,5.0,Soybean,0.952112676056338
3303100017,1.0,Corn,0.9226666666666666
3303200003,1.0,Corn,0.8181818181818182
3303200010,1.0,Corn,0.5906976744186047
3303200011,1.0,Corn,0.6149253731343284
3303300007,1.0,Corn,0.9352112676056338
3303400002,1.0,Corn,0.9386281588447654
3303400008,5.0,Soybean,0.984352773826458
3304100004,1.0,Corn,0.9626666666666667
3304200003,1.0,Corn,0.9554937413073713
3304400004,1.0,Corn,0.9357798165137615
3304400007,1.0,Corn,0.9583333333333334
3305100003,1.0,Corn,0.9087301587301587
3305200003,1.0,Corn,0.4997275204359673
3305300002,5.0,Soybean,0.6292212267401792
3306100002,5.0,Soybean,0.9753424657534246
3306100003,1.0,Corn,0.5596816976127321
3306200002,5.0,Soybean,0.5100401606425703
3306300004,1.0,Corn,0.5137741046831956
3306400003,1.0,Corn,0.49008498583569404
3307100006,5.0,Soybean,0.5047489823609227
3307300003,1.0,Corn,0.994475138121547
3307300009,5.0,Soybean,0.4945945945945946
3307300010,5.0,Soybean,0.9835164835164835
3307400001,5.0,Soybean,0.501038062283737
3308100003,5.0,Soybean,0.4936708860759494
3308200001,1.0,Corn,0.9697802197802198
3308200002,5.0,Soybean,0.9222222222222223
3308200003,1.0,Corn,1.0
3308300001,1.0,Corn,0.5945945945945946
3308300002,176.0,Other,0.8421052631578947
3308400005,1.0,Corn,0.7784090909090909
3308400006,1.0,Corn,0.9358974358974359
3308400007,5.0,Soybean,0.9830028328611898
3309100002,5.0,Soybean,0.9794026776519053
3309200004,1.0,Corn,0.9438202247191011
3309300001,5.0,Soybean,0.7198177676537585
3309400004,5.0,Soybean,0.9624724061810155
3310100002,1.0,Corn,0.9676214196762142
3310200001,1.0,Corn,0.9354838709677419
3310200003,5.0,Soybean,0.4927536231884058
3310300002,1.0,Corn,0.6394557823129252
3310300006,176.0,Other,0.7889908256880734
3310300007,1.0,Corn,0.9948186528497409
3310400003,1.0,Corn,0.9911242603550295
3310400005,1.0,Corn,0.9774436090225563
3310400006,1.0,Corn,1.0
3311100002,5.0,Soybean,0.518840579710145
3311200001,5.0,Soybean,0.5494505494505495
3311200002,5.0,Soybean,0.5359116022099447
3311300001,1.0,Corn,0.5526905829596412
3311400002,1.0,Corn,0.9479553903345725
3312100002,1.0,Corn,0.989010989010989
3312100003,1.0,Corn,0.9948979591836735
3312200004,1.0,Corn,0.9845814977973568
3312300004,1.0,Corn,0.8488888888888889
3312300007,5.0,Soybean,0.9816849816849816
3312300008,1.0,Corn,0.7244444444444444
3312400002,5.0,Soybean,1.0
3312400008,5.0,Soybean,0.4384920634920635
3312400009,1.0,Corn,0.2857142857142857
3401100001,5.0,Soybean,0.9592592592592593
3401100002,5.0,Soybean,0.517304189435337
3401200001,1.0,Corn,0.9717425431711146
3401300001,1.0,Corn,0.9154676258992805
3401300002,1.0,Corn,0.953125
3401400002,1.0,Corn,0.43037974683544306
3401400003,111.0,Other,0.5646687697160884
3402100005,5.0,Soybean,0.9728155339805825
3402200006,5.0,Soybean,0.48518518518518516
3402300006,5.0,Soybean,0.9770114942528736
3402400001,1.0,Corn,0.7327586206896551
3402400002,1.0,Corn,0.9444444444444444
3402400004,1.0,Corn,0.8362573099415205
3403100003,1.0,Corn,0.9862637362637363
3403100014,1.0,Corn,0.9476439790575916
3403100016,1.0,Corn,0.7780898876404494
3403200004,5.0,Soybean,0.5121951219512195
3403200006,5.0,Soybean,0.9767441860465116
3403300001,1.0,Corn,0.9918478260869565
3403400006,5.0,Soybean,0.9817518248175182
3403400009,1.0,Corn,0.963963963963964
3404100001,1.0,Corn,0.9669989687177725
3405100009,176.0,Other,0.39416058394160586
3405200006,5.0,Soybean,0.5
3405200008,5.0,Soybean,0.9718490083173384
3405300003,5.0,Soybean,0.5845724907063197
3406100004,1.0,Corn,0.9413489736070382
3406200001,1.0,Corn,0.4935251798561151
3406300009,1.0,Corn,0.9881516587677726
3406300013,5.0,Soybean,0.9861325115562404
3406400003,5.0,Soybean,0.9698795180722891
3407100004,1.0,Corn,0.4953271028037383
3407200004,1.0,Corn,0.9714285714285714
3407200007,1.0,Corn,0.9928741092636579
3407200008,1.0,Corn,0.9878048780487805
3407200009,1.0,Corn,0.9636363636363636
3407300001,5.0,Soybean,0.8928571428571429
3407300002,1.0,Corn,0.9797687861271677
3407400004,5.0,Soybean,0.9584569732937686
3407400006,5.0,Soybean,0.9719101123595506
3407400007,5.0,Soybean,0.9834254143646409
3408100009,1.0,Corn,0.945054945054945
3408100010,1.0,Corn,0.8376383763837638
3408200007,1.0,Corn,0.8176100628930818
3408300003,5.0,Soybean,0.968430826369545
3408400002,176.0,Other,0.6302521008403361
3409100002,5.0,Soybean,0.9858088930936613
3409200004,5.0,Soybean,0.9708454810495627
3409300001,176.0,Other,0.5859154929577465
3409300002,1.0,Corn,0.9833333333333333
3409400001,1.0,Corn,0.9660377358490566
3409400002,1.0,Corn,0.9350282485875706
3410100002,5.0,Soybean,0.9863387978142076
3410100003,5.0,Soybean,0.963276836158192
3410200007,5.0,Soybean,0.9762900976290098
3410300004,5.0,Soybean,0.9664804469273743
3410400001,1.0,Corn,0.5719626168224299
3410400003,5.0,Soybean,0.9281767955801105
3411100002,1.0,Corn,0.9350282485875706
3411100004,5.0,Soybean,0.62
3411200009,1.0,Corn,0.7507163323782235
3411200011,5.0,Soybean,0.8430232558139535
3411300003,1.0,Corn,0.39098837209302323
3411400002,1.0,Corn,0.7964071856287425
3411400003,1.0,Corn,0.7183908045977011
3412100001,1.0,Corn,0.3672316384180791
3412100007,5.0,Soybean,0.34082779764946347
3412300002,1.0,Corn,0.9182561307901907
3412400010,1.0,Corn,0.589171974522293
3501100001,1.0,Corn,0.9819694868238558
3501200001,5.0,Soybean,0.9861878453038674
3501200002,5.0,Soybean,0.9595375722543352
3501200007,5.0,Soybean,0.9337016574585635
3501300003,5.0,Soybean,0.9948186528497409
3501300004,5.0,Soybean,0.9775280898876404
3501400003,1.0,Corn,0.9748201438848921
3501400004,1.0,Corn,0.9298892988929889
3502100003,5.0,Soybean,0.5603112840466926
3502100004,5.0,Soybean,1.0
3502200003,5.0,Soybean,0.9944598337950139
3502200004,1.0,Corn,0.513317191283293
3502300001,1.0,Corn,0.550354609929078
3502400002,5.0,Soybean,0.5110759493670886
3502400003,123.0,Other,0.39344262295081966
3503127004,1.0,Corn,0.920863309352518
3503151013,124.0,Other,0.3125
3503176005,5.0,Soybean,0.9455445544554455
3503200001,5.0,Soybean,0.5
3503200002,1.0,Corn,0.9296875
3503300005,5.0,Soybean,0.9823788546255506
3503300006,5.0,Soybean,0.7604166666666666
3503300007,1.0,Corn,0.957983193277311
3503400001,1.0,Corn,0.9772727272727273
3503400002,1.0,Corn,0.48034934497816595
3504100012,1.0,Corn,0.9717514124293786
3504100013,1.0,Corn,0.6846846846846847
3504200015,5.0,Soybean,0.95
3504300004,176.0,Other,0.9247311827956989
3504300005,5.0,Soybean,0.5368063420158551
3504400013,1.0,Corn,0.5016501650165016
3505100004,1.0,Corn,0.9704142011834319
3505100005,5.0,Soybean,0.9514285714285714
3505200001,5.0,Soybean,0.9421221864951769
3505200003,5.0,Soybean,0.47619047619047616
3505200004,1.0,Corn,0.975609756097561
3505300009,141.0,Other,0.8604651162790697
3505300010,5.0,Soybean,0.9519230769230769
3505300011,1.0,Corn,1.0
3505300012,5.0,Soybean,0.8220338983050848
3505300013,1.0,Corn,1.0
3505400002,1.0,Corn,0.9852941176470589
3505400007,1.0,Corn,0.6393088552915767
3506100004,1.0,Corn,0.9610136452241715
3506200003,141.0,Other,0.6491228070175439
3506200004,111.0,Other,0.4155005382131324
3506300003,1.0,Corn,0.38125
3506300004,1.0,Corn,0.4852941176470588
3506400002,141.0,Other,0.4782608695652174
3506400010,176.0,Other,0.4883720930232558
3506400011,176.0,Other,0.38181818181818183
3506400013,5.0,Soybean,0.781021897810219
3506400014,5.0,Soybean,0.6716417910447762
3507100001,5.0,Soybean,0.3176470588235294
3507100002,5.0,Soybean,0.45555555555555555
3507100004,1.0,Corn,0.8047337278106509
3507100005,5.0,Soybean,0.5657142857142857
3507100006,5.0,Soybean,0.59375
3507200002,141.0,Other,0.46236559139784944
3507200010,5.0,Soybean,0.9764705882352941
3507200012,5.0,Soybean,0.9212121212121213
3507200019,5.0,Soybean,0.5891891891891892
3507200020,1.0,Corn,0.5978260869565217
3507300002,5.0,Soybean,0.3978494623655914
3507300011,1.0,Corn,0.9558823529411765
3507300012,5.0,Soybean,0.4583333333333333
3507300013,1.0,Corn,0.5
3507400004,141.0,Other,0.38857142857142857
3507400005,5.0,Soybean,0.8655913978494624
3507400006,5.0,Soybean,0.8571428571428571
3507400007,5.0,Soybean,0.910394265232975
3508100010,176.0,Other,0.3870967741935484
3508100013,5.0,Soybean,0.9032258064516129
3508100014,1.0,Corn,0.9014084507042254
3508300003,1.0,Corn,0.9572192513368984
3508400009,5.0,Soybean,0.8443544759334233
3509100003,5.0,Soybean,0.4843962008141113
3509200003,1.0,Corn,0.5212298682284041
3509300002,1.0,Corn,0.956989247311828
3509300015,5.0,Soybean,0.9838420107719928
3509400002,1.0,Corn,0.9490616621983914
3509400004,1.0,Corn,0.9563318777292577
3510100006,5.0,Soybean,0.9146608315098468
3510100007,5.0,Soybean,0.49625935162094764
3510200002,5.0,Soybean,0.4883148831488315
3510300003,5.0,Soybean,0.5210643015521065
3510400007,1.0,Corn,0.981042654028436
3511100001,5.0,Soybean,0.7493261455525606
3511100005,1.0,Corn,0.5445859872611465
3511200003,1.0,Corn,0.973753280839895
3511200005,5.0,Soybean,0.9936708860759493
3511300004,1.0,Corn,0.9438202247191011
3511300005,5.0,Soybean,0.9629629629629629
3511400003,1.0,Corn,0.9722991689750693
3511400004,5.0,Soybean,0.9591280653950953
3512100002,5.0,Soybean,0.9728997289972899
3512100004,5.0,Soybean,0.548854041013269
3512200001,5.0,Soybean,0.8086253369272237
3512200002,5.0,Soybean,0.9895287958115183
3512300002,1.0,Corn,0.5337620578778135
3512300004,141.0,Other,0.6027397260273972
3512400003,5.0,Soybean,0.5227722772277228
3512400004,141.0,Other,0.5232558139534884
3512400006,141.0,Other,0.5053763440860215
3512400007,176.0,Other,0.7261904761904762
3601100001,5.0,Soybean,0.994475138121547
3601100002,1.0,Corn,0.4830508474576271
3601200001,1.0,Corn,0.9512893982808023
3601200005,5.0,Soybean,0.8916666666666667
3601300001,1.0,Corn,0.9775280898876404
3601400001,1.0,Corn,0.9777397260273972
3601400002,1.0,Corn,1.0
3602100005,1.0,Corn,0.780952380952381
3602100007,1.0,Corn,0.9765765765765766
3602200003,5.0,Soybean,0.9915373765867419
3602300003,5.0,Soybean,0.9767441860465116
3602400001,1.0,Corn,0.9524456521739131
3603100001,5.0,Soybean,0.9587020648967551
3603100005,1.0,Corn,0.782312925170068
3603200006,5.0,Soybean,0.5054421768707483
3603300002,5.0,Soybean,0.965183752417795
3604100001,5.0,Soybean,0.9553805774278216
3604100002,5.0,Soybean,0.9787798408488063
3604200003,1.0,Corn,0.5963020030816641
3604300010,1.0,Corn,0.9475218658892128
3604300012,5.0,Soybean,0.9700704225352113
3604400006,1.0,Corn,0.7751196172248804
3605100003,5.0,Soybean,0.9706275033377837
3605200001,5.0,Soybean,0.976592977893368
3605300002,1.0,Corn,0.9261363636363636
3605300003,5.0,Soybean,0.654275092936803
3605400001,5.0,Soybean,0.5041322314049587
3605400002,5.0,Soybean,0.4792243767313019
3606100010,1.0,Corn,0.6924686192468619
3606200002,5.0,Soybean,0.9463806970509383
3606200003,1.0,Corn,0.9718045112781954
3606300005,1.0,Corn,0.9453125
3606400003,5.0,Soybean,0.9862542955326461
3606400004,5.0,Soybean,0.946058091286307
3606400005,1.0,Corn,0.6693121693121693
3607100001,1.0,Corn,0.6403162055335968
3607200001,1.0,Corn,0.9805825242718447
3607300001,1.0,Corn,0.9754500818330606
3607400004,5.0,Soybean,0.9283582089552239
3607400005,1.0,Corn,0.8779527559055118
3608100003,1.0,Corn,0.49875311720698257
3608200001,1.0,Corn,0.9759229534510433
3608300001,5.0,Soybean,0.7227722772277227
3608400002,1.0,Corn,0.4892018779342723
3609100004,5.0,Soybean,0.4934256055363322
3609300003,5.0,Soybean,0.9703703703703703
3609400001,1.0,Corn,0.941712204007286
3609400004,5.0,Soybean,0.9832635983263598
3610100002,5.0,Soybean,0.989010989010989
3610100003,5.0,Soybean,0.49027777777777776
3610200001,1.0,Corn,0.9327731092436975
3610200003,1.0,Corn,0.5560165975103735
3610300002,5.0,Soybean,0.9542857142857143
3610300003,1.0,Corn,0.9444444444444444
3610300004,1.0,Corn,0.9888888888888889
3610400002,1.0,Corn,0.9696132596685083
3611100003,5.0,Soybean,0.9545454545454546
3611100007,5.0,Soybean,0.9485294117647058
3611200001,5.0,Soybean,0.9877216916780355
3611300001,5.0,Soybean,0.9157303370786517
3611300002,5.0,Soybean,0.9836956521739131
3611300003,5.0,Soybean,0.9903713892709766
3611400002,5.0,Soybean,0.5059907834101383
3612100001,1.0,Corn,0.9805555555555555
3612100003,5.0,Soybean,0.41061130334486734
3612200001,5.0,Soybean,0.9797979797979798
3612200002,1.0,Corn,0.9746192893401016
3612400005,5.0,Soybean,0.5243179122182681
3701100002,1.0,Corn,0.9536679536679536
3701100003,5.0,Soybean,0.9485530546623794
3701200001,1.0,Corn,0.9364161849710982
3701200002,5.0,Soybean,0.9719101123595506
3701300004,5.0,Soybean,0.8888888888888888
3701300006,1.0,Corn,0.9671361502347418
3701300007,1.0,Corn,0.9919137466307277
3701400001,5.0,Soybean,0.9490538573508006
3702100010,5.0,Soybean,0.8161764705882353
3702200008,124.0,Other,0.3888888888888889
3702300001,5.0,Soybean,0.5695159629248198
3702400001,1.0,Corn,0.9700996677740864
3702400006,1.0,Corn,0.8958333333333334
3703100002,1.0,Corn,0.9299363057324841
3703100004,5.0,Soybean,0.9796296296296296
3703200001,5.0,Soybean,0.47761194029850745
3703300002,1.0,Corn,0.9934426229508196
3703300004,1.0,Corn,0.9775
3703400001,1.0,Corn,0.9892183288409704
3703400002,5.0,Soybean,1.0
3704100008,1.0,Corn,0.47619047619047616
3704100009,1.0,Corn,0.9056603773584906
3704100011,141.0,Other,0.96875
3704100012,1.0,Corn,0.49074074074074076
3704200010,1.0,Corn,0.9548387096774194
3704200011,141.0,Other,0.36046511627906974
3704200015,1.0,Corn,0.4691358024691358
3704300001,5.0,Soybean,0.8538011695906432
3704300014,176.0,Other,0.47878787878787876
3704300016,176.0,Other,0.2878787878787879
3704400002,5.0,Soybean,0.8850574712643678
3704400007,1.0,Corn,0.9333333333333333
3704400013,1.0,Corn,0.9206349206349206
3704400015,1.0,Corn,0.5444444444444444
3705100002,1.0,Corn,0.8823529411764706
3705100006,5.0,Soybean,0.6767676767676768
3705100007,5.0,Soybean,0.9605809128630706
3705100010,141.0,Other,0.421875
3705200006,141.0,Other,0.8043478260869565
3705200010,141.0,Other,0.9565217391304348
3705200011,5.0,Soybean,0.8421052631578947
3705200012,5.0,Soybean,0.7666666666666667
3705300002,5.0,Soybean,0.9401197604790419
3705300003,1.0,Corn,0.47352941176470587
3705400008,141.0,Other,0.5141700404858299
3705400009,176.0,Other,0.49504950495049505
3705400010,5.0,Soybean,0.4495575221238938
3706100002,5.0,Soybean,0.9647058823529412
3706100003,5.0,Soybean,0.9657142857142857
3706100005,1.0,Corn,0.9872611464968153
3706200001,5.0,Soybean,0.9633802816901409
3706200003,1.0,Corn,0.8563049853372434
3706300001,1.0,Corn,0.984375
3706300002,5.0,Soybean,0.7894736842105263
3706300003,5.0,Soybean,0.7330210772833724
3706400001,5.0,Soybean,0.49014084507042255
3706400002,1.0,Corn,0.9466292134831461
3707100001,1.0,Corn,0.49814585908529047
3707200002,5.0,Soybean,0.5069637883008357
3707200006,5.0,Soybean,0.5
3707200007,1.0,Corn,0.5084745762711864
3707300009,1.0,Corn,0.5393258426966292
3707400001,5.0,Soybean,0.3739130434782609
3707400003,1.0,Corn,0.9613259668508287
3708100001,5.0,Soybean,0.9606741573033708
3708100002,5.0,Soybean,1.0
3708100003,5.0,Soybean,0.837696335078534
3708100004,1.0,Corn,0.9465648854961832
3708200001,1.0,Corn,0.628808864265928
3708200007,5.0,Soybean,0.7946058091286307
3708300003,1.0,Corn,0.47058823529411764
3708300004,5.0,Soybean,0.9563106796116505
3708300007,1.0,Corn,1.0
3708300009,5.0,Soybean,0.8540772532188842
3708400005,141.0,Other,0.7181208053691275
3708400007,5.0,Soybean,0.46
3709100002,1.0,Corn,0.8181818181818182
3709100008,141.0,Other,0.31958762886597936
3709100012,1.0,Corn,0.49775112443778113
3709100013,5.0,Soybean,0.7619047619047619
3709200001,5.0,Soybean,1.0
3709200002,1.0,Corn,0.9903846153846154
3709200004,1.0,Corn,0.9801587301587301
3709200006,1.0,Corn,0.978021978021978
3709300008,1.0,Corn,0.9609856262833676
3709300009,1.0,Corn,1.0
3709300010,1.0,Corn,0.9776119402985075
3709400002,5.0,Soybean,0.5156695156695157
3709400003,1.0,Corn,0.9914040114613181
3710100001,5.0,Soybean,0.5056179775280899
3710100003,5.0,Soybean,0.96
3710100004,5.0,Soybean,0.9719101123595506
3710200001,5.0,Soybean,0.5248618784530387
3710300002,5.0,Soybean,0.9954337899543378
3710300004,5.0,Soybean,0.9444444444444444
3710300005,5.0,Soybean,0.9722222222222222
3710300006,5.0,Soybean,0.9710144927536232
3710400005,5.0,Soybean,0.4907749077490775
3711100001,5.0,Soybean,0.7479508196721312
3711100002,1.0,Corn,0.9909365558912386
3711200001,1.0,Corn,0.9833795013850416
3711200002,5.0,Soybean,0.9589552238805971
3711300002,1.0,Corn,0.952247191011236
3711300003,1.0,Corn,0.9722222222222222
3711300004,1.0,Corn,0.9775280898876404
3711400001,5.0,Soybean,0.6192468619246861
3712100009,1.0,Corn,0.9744897959183674
3712100011,1.0,Corn,1.0
3712100012,1.0,Corn,0.9456869009584664
3712200002,1.0,Corn,0.9390243902439024
3712200005,5.0,Soybean,1.0
3712200010,5.0,Soybean,0.8205128205128205
3712200012,5.0,Soybean,0.6078431372549019
3712300001,5.0,Soybean,0.8640226628895185
3712300002,1.0,Corn,0.9742268041237113
3712300005,1.0,Corn,0.9130434782608695
3712400006,5.0,Soybean,0.6166134185303515
3712400007,5.0,Soybean,0.748062015503876
3712400009,5.0,Soybean,0.9297297297297298
3801100005,1.0,Corn,0.6012461059190031
3801200004,1.0,Corn,0.9823008849557522
3801200007,1.0,Corn,0.9683544303797469
3801400003,1.0,Corn,0.9109311740890689
3801502001,122.0,Other,0.41304347826086957
3802100005,1.0,Corn,0.8983050847457628
3802100006,5.0,Soybean,0.9917355371900827
3802100009,5.0,Soybean,0.9490740740740741
3802100015,176.0,Other,0.8604651162790697
3802200004,5.0,Soybean,0.9853801169590644
3802200008,5.0,Soybean,0.9574468085106383
3802200013,176.0,Other,0.7952755905511811
3802300011,1.0,Corn,0.9666666666666667
3802300013,176.0,Other,0.5747663551401869
3802300014,1.0,Corn,0.5512820512820513
3802300015,1.0,Corn,0.6941176470588235
3802300016,1.0,Corn,0.9152542372881356
3802300017,176.0,Other,0.8688524590163934
3802400001,5.0,Soybean,0.9917355371900827
3802400003,5.0,Soybean,0.6180124223602484
3803100001,1.0,Corn,0.8306997742663657
3803200001,1.0,Corn,0.6325678496868476
3803200003,1.0,Corn,0.9169054441260746
3803200004,5.0,Soybean,0.9790419161676647
3803300003,1.0,Corn,0.9329073482428115
3803300005,1.0,Corn,0.8137254901960784
3803400002,5.0,Soybean,0.9595278246205734
3804100001,5.0,Soybean,0.49642346208869814
3804200001,5.0,Soybean,0.9536231884057971
3804200002,5.0,Soybean,0.9943181818181818
3804300003,5.0,Soybean,0.9834254143646409
3804300004,5.0,Soybean,1.0
3804300005,5.0,Soybean,0.967032967032967
3804300006,5.0,Soybean,0.9273743016759777
3804400001,1.0,Corn,0.7821229050279329
3804400003,1.0,Corn,0.637883008356546
3805100001,5.0,Soybean,0.5785714285714286
3805300003,5.0,Soybean,0.9832402234636871
3805300004,1.0,Corn,0.8080229226361032
3805400002,5.0,Soybean,0.5722585330428468
3806100001,5.0,Soybean,0.5086705202312138
3806100002,1.0,Corn,0.8470254957507082
3806200005,5.0,Soybean,0.825925925925926
3806200006,5.0,Soybean,0.979498861047836
3806300002,1.0,Corn,0.9887323943661972
3806300005,1.0,Corn,0.75
3806400003,5.0,Soybean,0.8
3806400005,5.0,Soybean,0.9919354838709677
3807100004,5.0,Soybean,0.6865671641791045
3807100006,5.0,Soybean,0.9719887955182073
3807100008,123.0,Other,0.2222222222222222
3807100012,5.0,Soybean,0.8405797101449275
3807200005,1.0,Corn,0.9401330376940134
3807200006,1.0,Corn,0.914364640883978
3807300001,5.0,Soybean,0.9050445103857567
3807400004,5.0,Soybean,0.9345794392523364
3807400005,1.0,Corn,0.8888888888888888
3807400007,1.0,Corn,0.8960176991150443
3808100002,5.0,Soybean,0.8202247191011236
3808100004,5.0,Soybean,0.9512195121951219
3808200003,5.0,Soybean,0.5735294117647058
3808200005,5.0,Soybean,0.9630484988452656
3808300006,1.0,Corn,0.8388888888888889
3808400002,1.0,Corn,0.7277777777777777
3808400007,5.0,Soybean,0.9745762711864406
3809100001,1.0,Corn,0.8922651933701657
3809100005,5.0,Soybean,0.800561797752809
3809200003,5.0,Soybean,0.6050775740479548
3809300006,5.0,Soybean,0.5086206896551724
3809400002,5.0,Soybean,0.9862258953168044
3809400003,1.0,Corn,0.940677966101695
3810100002,1.0,Corn,0.5101367279585102
3810200001,5.0,Soybean,0.9668508287292817
3810200002,1.0,Corn,0.7955801104972375
3810400002,5.0,Soybean,0.9657142857142857
3811100001,1.0,Corn,0.8222222222222222
3811100002,176.0,Other,0.4919614147909968
3811100003,5.0,Soybean,0.48623853211009177
3811200001,5.0,Soybean,0.5445544554455446
3811300001,5.0,Soybean,0.4827586206896552
3811300002,1.0,Corn,0.9097222222222222
3811400010,1.0,Corn,0.9243697478991597
3811502002,122.0,Other,0.4888888888888889
3812100005,5.0,Soybean,0.9302325581395349
3812100006,1.0,Corn,0.5047169811320755
3812200001,1.0,Corn,0.7325905292479109
3812200002,5.0,Soybean,0.9603399433427762
3812300001,176.0,Other,0.6956521739130435
3812400004,5.0,Soybean,0.5174418604651163
3812400006,5.0,Soybean,0.9830508474576272
3812400007,5.0,Soybean,0.9491525423728814
3812400008,1.0,Corn,1.0
3812400009,1.0,Corn,0.9523809523809523
3901100002,5.0,Soybean,0.8260869565217391
3901100003,5.0,Soybean,0.8787878787878788
3901200001,5.0,Soybean,0.9862258953168044
3901200002,1.0,Corn,0.95625
3901200003,5.0,Soybean,0.9744408945686901
3901300001,1.0,Corn,0.6312849162011173
3901300011,1.0,Corn,0.968503937007874
3901400002,176.0,Other,0.42857142857142855
3901400005,5.0,Soybean,0.9464668094218416
3902100001,5.0,Soybean,0.5718175629680055
3902200004,5.0,Soybean,0.94140625
3902400001,1.0,Corn,0.8808510638297873
3903100001,1.0,Corn,0.9810554803788903
3903300001,1.0,Corn,0.976462676529926
3904100001,1.0,Corn,0.47534246575342465
3904200001,5.0,Soybean,0.9741320626276379
3904300006,1.0,Corn,0.9545454545454546
3904300011,5.0,Soybean,0.861003861003861
3904300012,5.0,Soybean,0.768
3905100002,1.0,Corn,0.5399860917941586
3906100005,1.0,Corn,0.6202143950995406
3906200002,5.0,Soybean,0.8797327394209354
3906200003,5.0,Soybean,0.678030303030303
3906300001,5.0,Soybean,0.7383720930232558
3906300003,5.0,Soybean,0.5742296918767507
3906300004,1.0,Corn,0.9583333333333334
3906400001,1.0,Corn,0.5013927576601671
3907100004,1.0,Corn,0.9612903225806452
3907100005,5.0,Soybean,0.7627118644067796
3907100006,1.0,Corn,0.5434173669467787
3907200002,1.0,Corn,0.47706422018348627
3907200003,5.0,Soybean,0.987220447284345
3907200004,1.0,Corn,0.7834394904458599
3907200005,5.0,Soybean,0.9090909090909091
3907300003,5.0,Soybean,0.9111111111111111
3907300004,1.0,Corn,0.6363636363636364
3907400003,5.0,Soybean,0.4939422180801491
3908100003,1.0,Corn,0.8869814020028612
3908200002,1.0,Corn,0.9514925373134329
3908200004,5.0,Soybean,0.969626168224299
3908300003,1.0,Corn,0.9873595505617978
3908400001,1.0,Corn,0.9886039886039886
3908400004,1.0,Corn,1.0
3908400005,1.0,Corn,0.9562043795620438
3908400006,5.0,Soybean,0.9473684210526315
3909100001,1.0,Corn,0.9542857142857143
3909100003,1.0,Corn,1.0
3909100004,1.0,Corn,0.9776536312849162
3909200001,1.0,Corn,0.9772727272727273
3909200002,1.0,Corn,0.9482758620689655
3909200005,1.0,Corn,0.9745042492917847
3909300008,1.0,Corn,0.9943181818181818
3909300009,1.0,Corn,0.9679245283018868
3909400004,1.0,Corn,0.9589235127478754
3910100001,1.0,Corn,0.8682170542635659
3910300001,1.0,Corn,0.5408450704225352
3911100001,5.0,Soybean,0.4884233737596472
3911200003,1.0,Corn,0.9605633802816902
3911200008,1.0,Corn,0.953757225433526
3911300002,176.0,Other,0.43373493975903615
3911300003,1.0,Corn,0.9474313022700119
3911400002,1.0,Corn,0.9819494584837545
3911400003,1.0,Corn,0.9811320754716981
3912101002,1.0,Corn,0.948849104859335
3912176002,5.0,Soybean,0.9893238434163701
3912200002,5.0,Soybean,0.5013850415512465
3912200003,5.0,Soybean,0.923943661971831
3912300004,5.0,Soybean,0.9534883720930233
3912300005,5.0,Soybean,0.9314814814814815
3912400001,1.0,Corn,0.9616438356164384
3912400005,1.0,Corn,0.8384401114206128
